88,47
12 North,12
1-2-go,OG
1Time Airline,1T
3 Valleys Airlines,3V
40-Mile Air,Q5
Aéris (Priv),SH
Abacus International,1B
Aban Air,K5
Abelag Aviation,W9
ABSA - Aerolinhas Brasileiras,M3
Abu Dhabi Amiri Flight,MO
ABX Air,GB
Access Air,ZA
Ada Air,ZY
Adam Air,KI
ADC Airlines,Z7
Adria Airways,JP
Advance Leasing Company,4G
Aegean Airlines,A3
Aer Arann,RE
Aer Lingus,EI
Aereonautica militare,JY
Aero Airlines,EE
Aero Asia International,E4
Aero Benin,EM
Aero Brazil,BZ
Aero California,JR
Aero Condor Peru,Q6
Aero Contractors,AJ
Aero Flight,GV
Aero Lanka,QL
Aero Lloyd (YP),YP
Aero Mongolia,M0
Aero Services Executive,W4
Aero VIP,2D
Aero VIP (2D),2D
Aero-Charter Ukraine,DW
Aerocondor,2B
Aerocontinente (Priv),N6
Aeroflot Russian Airlines,SU
Aeroflot-Don,D9
Aeroflot-Nord,5N
Aeroland Airways,3S
Aerolane,XL
Aeroline GmbH,7E
Aerolineas Argentinas,AR
Aerolineas Galapagos (Aerogal),2K
Aerolitoral,5D
AeroMéxico,AM
Aeromar,BQ
Aeromar,VW
Aeromexpress,QO
Aeromist-Kharkiv,HT
Aeropelican Air Services,OT
Aeroper,PL
AeroRep,P5
Aero-Service,BF
Aerosur,5L
Aerosvit Airlines,VV
Aero-Tropics Air Services,HC
AeroWorld ,W4
Africa West,FK
African Safari Airways,QS
African Transport Trading and Investment Company,ML
Afrinat International Airlines,Q9
Afriqiyah Airways,8U
Aguilar Connect,3X
Aigle Azur,ZI
Air Afrique,RK
Air Algerie,AH
Air Alpha Greenland,GD
Air Alps Aviation,A6
Air Alps Aviation (A6),A6
Air Andaman (2Y),2Y
Air Antilles Express,3S
Air Arabia,G9
Air Arabia Egypt,E5
Air Arabia Maroc,3O
Air Armenia,QN
Air Astana,KC
Air Atlanta Icelandic,CC
Air Atlantic,9A
Air Atlantique,KI
Air Austral,UU
Air Bagan,W9
Air Baltic,BT
Air Bangladesh,B9
Air Berlin,AB
Air Bosna,JA
Air Botswana,BP
Air Bourbon,ZB
Air Burkina,2J
Air Burundi,8Y
Air Busan,BX
Air Cal,TY
Air Caledonie International,SB
Air Canada,AC
Air Canada Jazz,QK
Air Cape,KP
Air Caraïbes,TX
Air Cargo Carriers,2Q
Air Cargo Germany,6U
Air Carnival,2S
Air Central,NV
Air Charter International,SF
Air Chathams,CV
Air China,CA
Air Choice One,3E
Air City,4F
Air Class Lineas Aereas,QD
Air Comet Chile,3I
Air Comores International,GG
Air Contractors,AG
Air Corridor,QC
Air Costa,LB
Air D'Ayiti,H9
Air Dolomiti,EN
Air Europa,UX
Air Europe,PE
Air Exel,XT
Air Fiji,PC
Air Finland,OF
Air Florida,QH
Air Foyle,GS
Air France,AF
Air Gabon,GN
Air Georgia,DA
Air Georgian,ZX
Air Glaciers,7T
Air Greenland,GL
Air Guinee Express,2U
Air Guyane,GG
Air Hamburg (AHO),HH
Air Hong Kong,LD
Air Horizon,8C
Air Iceland,NY
Air India Express,IX
Air India Limited,AI
Air India Regional,CD
Air Indus,PP
Air Italy,I9
Air Ivoire,VU
Air Jamaica,JM
Air Japan,NQ
Air Kazakhstan,9Y
Air Kenya (Priv),QP
Air Kiribati,4A
Air Koryo,JS
Air Libert,VD
Air Lithuania,TT
Air Lituanica,LT
Air Luxor,LK
Air Luxor GB,L8
Air Macau,NX
Air Madagascar,MD
Air Madrid,NM
Air Malawi,QM
Air Malta,KM
Air Mandalay,6T
Air Marshall Islands,CW
Air Mauritanie,MR
Air Mauritius,MK
Air Mediterranee,DR
Air Mekong,P8
Air Midwest,ZV
Air Mobility Command,MC
Air Moldova,9U
Air Mozambique,TM
Air Namibia,SW
Air New Zealand,NZ
Air Nippon,EL
Air Nippon Network Co. Ltd.,EH
Air Niugini,PX
Air North Charter - Canada,4N
Air Nostrum,YW
Air One,AP
Air Ops,CR
Air Pacific,FJ
Air Paradise International,AD
Air Pegasus,OP
Air Philippines,2P
Air Plus Comet,A7
Air Rarotonga,GZ
Air S,KY
Air Sahara,S2
Air Saint Pierre,PJ
Air Salone,20
Air Salone,2O
Air Santo Domingo,EX
Air Senegal International,V7
Air Serbia,JU
Air Service,M3
Air Service Gabon,G8
Air Seychelles,HM
Air Sicilia,BM
Air Sinai,4D
Air Slovakia,GM
Air Srpska,RB
Air Tahiti,VT
Air Tahiti Nui,TN
Air Tanzania,TC
Air Tindi,8T
Air Togo,YT
Air Transat,TS
Air Transport International,8C
Air Turks and Caicos,JY
Air UK,UK
Air Ukraine,6U
Air Urga,3N
Air Vanuatu,NF
Air Vegas,6V
Air VIA,VL
Air Vistara,UK
Air Volga,G6
Air Wales,6G
Air Wisconsin,ZW
Air Zimbabwe,UM
Air2there,F8
AirAsia,AK
AirAsia X,D7
Airblue,ED
Airborne Express,GB
AirBridge Cargo,RU
Airbus France,4Y
Airbus Industrie,AP
Aircompany Yakutia,R3
Aires,4C
AirLiberté,IJ
Airlinair,A5
Airlines Of Tasmania,FO
Airlines PNG,CG
Airlink (SAA),4Z
Airlink Zambia,K8
Airnorth,TL
AirOne Atlantic,00
AirOne Continental,00
AirOne Polska,U1
AirOnix,OG
AirRussia,R8
Airshop,FF
Airstars,PL
AirTran Airways,FL
AJT Air International,E9
ALAK,J4
Alaniya Airlines,2D
Alaska Airlines,AS
Alaska Central Express,KO
Alaska Seaplane Service,J5
Albanian Airlines,LV
Albarka Air,F4
Alidaunia,D4
Alinord,DN
Alitalia,AZ
Alitalia Cityliner,CT
Alitalia Express,XM
All Africa,9A
All America,A2
All America AR,2R
All America BOPY,0P
All America BR,1Y
All America CL,1R
All America CO,0Y
All America MX,0M
All America US,AG
All Argentina,L1
All Argentina Express,Z0
All Asia,L9
All Australia,88
All Colombia,7O
All Europe,N9
All Nippon Airways,NH
All Spain,N7
Allegiant Air,G4
Allegro,LL
Alliance Air,CD
Alliance Airlines,QQ
AlMasria Universal Airlines,UJ
Aloha Airlines,AQ
Alpi Eagles,E8
Alpi Eagles (E8),E8
Alpine Air Express,5A
Alrosa Mirny Air Enterprise,6R
Amadeus Global Travel Distribution,1A
Amaszonas,Z8
Amber Air,0A
America West Airlines,HP
American Airlines,AA
American Eagle Airlines,MQ
American Falcon,WK
Amerijet International,M6
Amsterdam Airlines,WD
Annsett New Zealand (NZA),ZQ
Ansett Australia,AN
Antinea Airlines,HO
Antrak Air,04
AOM French Airlines,IW
Apache Air,ZM
Arctic Circle Air Service,5F
Arcus-Air Logistic,ZE
Ariana Afghan Airlines,FG
Arik Air,W3
Arik Niger,Q9
Arkefly,OR
Arkia Israel Airlines,IZ
Armavia,U8
Armenian International Airways,MV
Arrow Air,JW
Aserca Airlines,R7
Asia Overnight Express,OE
Asia Wings,Y5
Asian Express Airlines,HJ
Asian Spirit,6K
Asian Wings Airways,AW
Asiana Airlines,OZ
Askari Aviation,4K
Astair,8D
Astar Air Cargo,ER
Astraeus,5W
Astrakhan Airlines,OB
Astral Aviation,8V
ATA Airlines (Iran),I3
Athens Airways,ZF
Atifly,A1
Atlantic Air Cargo,K3
Atlantic Air Services,X7
Atlantic Airways,RC
Atlantic Southeast Airlines,EV
Atlantis European Airways,TD
Atlant-Soyuz Airlines,3G
Atlas Air,5Y
Atlas Blue,8A
Atlasjet,KK
ATRAN Cargo Airlines,V8
Atyrau Air Ways,IP
Augsburg Airways,IQ
Aurigny Air Services,GR
Aus-Air,NO
Austral Brasil,W7
Austral Lineas Aereas,AU
Australian Airlines,AO
Austrian Airlines,OS
AVCOM,J6
Avensa,VE
Aviabus,U1
Aviaexpress,RX
Aviaexpresscruise,E6
Avialeasing Aviation Company,EC
Avianca - Aerovias Nacionales de Colombia,AV
Avianova (Russia),AO
Avient Aviation,Z3
Avies,U3
Avirex,G2
Avolar Aerolineas,V5
Aws express,B0
Axis Airways,6V
Azerbaijan Airlines,J2
Aztec Worldwide Airlines,7A
Azul,AD
B&H Airlines,JA
BA CityFlyer,CJ
BA Connect,TH
BACH Flugbetriebsges,B4
Bahamasair,UP
Baikotovitchestrian Airlines ,BU
Baker Aviation,8Q
BAL Bashkirian Airlines,V9
Balkan Bulgarian Airlines,LZ
Baltic Air lines,B1
Bangkok Airways,PG
Bankair,B4
Barents AirLink,8N
Bassaka airlines,5B
BAX Global,8W
Bayu Indonesia Air,BM
Bearskin Lake Air Service,JV
Belair Airlines,4T
Belavia Belarusian Airlines,B2
Bellview Airlines,B3
Bemidji Airlines,CH
Benin Golf Air,A8
Bering Air,8E
Berjaya Air,J8
Big Sky Airlines,GQ
Biman Bangladesh Airlines,BG
Binter Canarias,NT
Birmingham European,VB
Bismillah Airlines,5Z
Black Stallion Airways,BZ
Blue Air,0B
Blue Dart Aviation,BZ
Blue Panorama Airlines,BV
Blue Sky America,BU
Blue Wings,QW
Blue1,KF
Bluebird Cargo,BF
bmi,BD
bmibaby,WW
Bobb Air Freight,01
Boston-Maine Airways,E9
Bouraq Indonesia Airlines,BO
Boutique Air (Priv),4B
BQB Lineas Aereas,5Q
Braathens,BU
Braniff International Airways,BN
BRA-Transportes Aereos,7R
Bravo Air Congo,K6
BRAZIL AIR,GB
Bringer Air Cargo Taxi Aereo,E6
Brit Air,DB
British Airways,BA
British International Helicopters,BS
British Mediterranean Airways,KJ
Brussels Airlines,SN
BudgetAir,1K
Buffalo Airways,J4
Bulgaria Air,FB
Buquebus Líneas Aéreas,BQ
Business Aviation,4P
BusinessAir,8B
buzz,UK
BVI Airways,XV
CAL Cargo Air Lines,5C
California Western,KT
Calima Aviacion,XG
Calm Air,MO
Camai Air,R9
Camair-co,QC
Cambodia Angkor Air (K6),K6
Cameroon Airlines,UY
Canadian Airlines,CP
Canadian National Airways,CN
Canadian North,5T
Canadian Western Airlines,W2
Canadian World,10
CanJet,C6
CanXplorer,C2
CanXpress,C1
Cape Air,9K
Capital Cargo International Airlines,PT
Cargo 360,GG
Cargo Plus Aviation,8L
Cargoitalia,2G
Cargojet Airways,W8
Cargolux,CV
Caribbean Airlines,BW
Caribbean Star Airlines,8B
Caribbean Wings,XP
Carnival Air Lines,KW
Carpatair,V3
Caspian Airlines,RV
Cathay Pacific,CX
Catovair,OC
Caucasus Airlines,NS
Cayman Airways,KX
CB Airways UK ( Interliging Flights ),1F
CCML Airlines,CB
Cebu Pacific,5J
Centavia,7N
Centralwings,C0
Centre-Avia,J7
Centurion Air Cargo,WE
Chalk's Ocean Airways,OP
Champion Air,MG
Changan Airlines,2Z
Chari Aviation Services,S8
Chautauqua Airlines,RP
CHC Airways,AW
CheapFlyingInternational,WL
Chicago Express,C8
Chicago Express (C8),C8
China Airlines,CI
China Cargo Airlines,CK
China Eastern Airlines,MU
China Northern Airlines,CJ
China Northwest Airlines,WH
China Northwest Airlines (WH),WH
China Postal Airlines,8Y
China Southern Airlines,CZ
China SSS,9C
China United,KN
China United Airlines,HR
China Xinhua Airlines,XO
Chitaavia,X7
Chongqing Airlines,OQ
Ciao Air,99
Ciel Canadien,YC
Cielos Airlines,A2
Cimber Air,QI
Cirrus Airlines,C9
Citilink Indonesia,QG
City Airline,CF
City Airways,E8
City Connexion Airlines,G3
CityJet,WX
Civil Air Transport,CT
Click (Mexicana),QA
Club Air,6P
Coast Air,BX
Coastal Air,DQ
Colgan Air,9L
Comair,MN
Comair,OH
CommutAir,C5
Comores Airlines,KR
Compagnie Africaine d\\'Aviation,E9
Compania Mexicargo,GJ
Compass Airlines,CP
Condor Flugdienst,DE
Congo Express,XZ
Consorcio Aviaxsa,6A
Contact Air,C3
Continental Airlines,CO
Continental Airways,PC
Continental Express,CO
Continental Micronesia,CS
Conviasa,V0
Cook Island Air,KH
Copa Airlines,CM
Copenhagen Express,0X
Corsairfly,SS
Corse-Mediterranee,XK
Cosmic Air,F5
Croatia Airlines,OU
Crossair Europe,QE
Cubana de Aviación,CU
Cyprus Airways,CY
Cyprus Turkish Airlines,YK
Czech Airlines,OK
Аэросервис,АЯ
Daallo Airlines,D3
Dagestan Airlines,N2
Dalavia,H8
Dana Air,DA
Danube Wings (V5),V5
Darwin Airline,0D
DAS Air Cargo,WD
DAT Danish Air Transport,DX
Dauair,D5
dba,DI
Delta Air Lines,DL
Denim Air ,J7
Dennis Sky,DH
Dense Airways,KP
Dense Connection,KZ
Deutsche Bahn,2A
Deutsche Luftverkehrsgesellschaft,DW
Deutsche Luftverkehrsgesellschaft (DLT),DW
Deutsche Rettungsflugwacht,1I
DHL de Guatemala,L3
DHL International,ES
Dinar,D7
Dirgantara Air Service,AW
Discovery Airways,DH
Djibouti Airlines,D8
Dobrolet,QD
Domenican Airlines,D1
Dominicana de Aviaci,DO
Domodedovo Airlines,E3
DonbassAero,5D
Dragonair,KA
Druk Air,KB
Dummy,0E
Eagle Air,H7
Eagle Atlantic Airlines,E2
East African,QU
East African Safari Air,S9
Eastar Jet,ZE
Eastern Airways,T3
Eastern Atlantic Virtual Airlines,13
Eastland Air,DK
Eastwind Airlines,W9
easyJet,U2
EasyJet (DS),DS
Edelweiss Air,WK
Egyptair,MS
El Al Israel Airlines,LY
El-Buraq Air Transport,UZ
Electronic Data Systems,1C
Elysian Airlines,E4
Emirates,EK
Empire Airlines,EM
Empresa Ecuatoriana De Aviacion,EU
Enkor JSC,G8
Eos Airlines,E0
Epic Holiday,FA
Era Alaska,7H
Eritrean Airlines,B8
Estafeta Carga Aerea,E7
Estonian Air,OV
Ethiopian Airlines,ET
Etihad Airways,EY
EUjet,VE
Euro Exec Express,RZ
Euro Harmony,EH
Euro Jet,24
Eurocypria Airlines,UI
Eurofly Service,GJ
Euroline,4L
Eurolot,K2
Euromanx Airways,3W
Europe Jet,EX
European Air Express,EA
European Air Transport,QY
European Aviation Air Charter,E7
EuropeSky,ES
Eurowings,EW
EVA Air,BR
Evergreen International Airlines,EZ
Excel Airways,JN
Execair Aviation,MB
Executive Airlines,OW
Expo Aviation,8D
Express One International,EO
ExpressJet,XE
Falcon Air (IH),IH
Falcon Aviation,IH
Far Eastern Air Transport,EF
Faroejet,F6
Faso Airways,F3
Federal Express,FX
Felix Airways,FU
Fika Salaama Airlines,N8
Finalair Congo,4S
Finnair,AY
Finncomm Airlines,FC
Firefly,FY
First Air,7F
First Choice Airways,DP
Fischer Air,8F
Flightline,B5
Flightlink Tanzania,Z9
Flitestar,GM
Florida Coastal Airlines,PA
Florida West International Airways,RF
Fly 6ix,6I
Fly Air,F2
Fly Brasil,F1
Fly Colombia ( Interliging Flights ),3F
Fly Dubai,FZ
Fly Europa,ER
Fly France,FF
Fly Illi,IL
Fly Me Sweden,SH
Fly One,F5
Fly Romania,X5
Fly540,5H
Flybaboo,F7
Flybe,BE
Flyglobespan,B4
FlyHigh Airlines Ireland (FH),FH
FlyLal,TE
FlyNordic,LF
FlyPortugal,PO
Formosa Airlines,VY
Forward Air International Airlines,BN
Four Star Aviation / Four Star Cargo,HK
FOX Linhas Aereas,FX
FRA Air,X9
Freedom Air,FP
Frontier Airlines,F9
Frontier Flying Service,2F
Fuji Dream Airlines,JH
Futura International Airways,FH
Gabon Airlines,GY
Gadair European Airlines,GP
Galaxy Air,7O
Galileo International,1G
Gambia International Airlines,GC
Gandalf Airlines,G7
Garuda Indonesia,GA
Gazpromavia,4G
GB Airways,GT
Gemini Air Cargo,GR
Genesis,GK
Georgian Airways,A9
Georgian National Airlines,QB
German International Air Lines,GM
Germania,ST
Germanwings,4U
GermanXL,GX
Gestair,GP
Ghana International Airlines,G0
Global Airlines,0G
Global Freightways,F5
Globus,GH
GNB Linhas Aereas,GN
Go Air,G8
Go One Airways,GK
GoDutch,GD
GoJet Airlines,G7
Gol Transportes Aéreos,G3
Golden Air,DC
Gomelavia,YD
Gorkha Airlines,G1
Grant Aviation,GS
GREAT LAKES (GX),GX
Great Lakes Airlines,ZK
Great Wall Airlines,IJ
Greenfly,XX
Grupo TACA,TA
Gryphon Airlines,6P
Guine Bissaur Airlines,G6
Guinee Airlines,J9
Gujarat Airways,G8
Gulf Air Bahrain,GF
Gulisano airways,GU
Guyana Airways 2000,GY
Héli Sécurité Helicopter Airlines,H4
Hageland Aviation Services,H6
Hahn Air,HR
Hainan Airlines,HU
Hainan Phoenix Information Systems,1R
Haiti Ambassador Airlines,2T
Halcyonair,7Z
Hamburg International,4R
Hankook Air US,H1
Hankook Airline,HN
Hapagfly,HF
Harbor Airlines,HB
Harbour Air (Priv),H3
Harmony Airways,HQ
Hawaiian Airlines,HA
Hawaiian Pacific Airlines,HP
Hawkair,BH
Heavylift Cargo Airlines,HN
Heli France,8H
Helijet,JB
Helios Airways,ZU
Hellas Jet,T4
Hellenic Airways,1H
Hellenic Imperial Airways,HT
Hello,HW
Helvetic Airways,2L
Hemus Air,DU
Hewa Bora Airways,EO
Hex'Air,UD
Hi Fly,5K
Hi Fly (5K),5K
Himalayan Airlines,HC
Hokkaido International Airlines,HD
Hola Airlines,H5
Homer Air,MR
Hong Kong Airlines,HX
Hong Kong Express Airways,UO
Hope Air,HH
Horizon Air,QX
Horizon Airlines,BN
HQ- Business Express,HQ
Huaxia,G5
IBC Airways,II
Iberia Airlines,IB
Iberia Express,I2
Iberworld,TY
Ibex Airlines,FW
ICAR Airlines,C3
Icelandair,FI
I-Fly,H5
Illinois Airways,IL
Imair Airlines,IK
INAVIA Internacional,Z5
Independence Air,DH
Indian Airlines,IC
Indigo,I9
IndiGo Airlines,6E
Indonesia AirAsia,QZ
Indonesia Sky,I5
Indonesian Airlines,IO
Indya Airline Group,G1
INFINI Travel Information,1F
Insel Air (7I/INC) (Priv),7I
InteliJet Airways,IJ
Inter Islands Airlines,H4
Interair South Africa,D6
Interavia Airlines,ZA
Intercontinental de Aviaci,RS
Interjet (ABC Aerolineas),4O
Interlink Airlines,ID
International AirLink,I4
International Business Air,6I
International Europe,9I
International Flying Service,F4
Intersky,3L
Interstate Airline,I4
Iran Air,IR
Iran Aseman Airlines,EP
Iraqi Airways,IA
Island Air (WP),WP
Island Airlines,IS
Island Express,2S
Island Express Air,1X
Island Spirit,IP
Islands Express,X9
Islands Nationair,CN
Islas Airways,IF
Islena De Inversiones,WC
Israir,6H
ITA Software,1U
Itali Airlines,9X
Itek Air,GI
Izair,H9
IzAvia,I8
JAL Express,JC
JALways,JO
Japan Air System,JD
Japan Airlines,JL
Japan Airlines Domestic,JL
Japan Asia Airways,EG
Japan Regio,ZX
Japan Transocean Air,NU
Jat Airways,JU
Jatayu Airlines,VJ
Jazeera Airways,J9
Jeju Air,7C
Jet Airways,9W
Jet Airways,QJ
Jet2.com,LS
Jet4You,8J
Jetairfly,JF
JetBlue Airways,B6
Jetclub,0J
Jetclub,0J
Jetgo Australia,JG
JetsGo,SG
Jetstar Airways,JQ
Jetstar Asia Airways,3K
Jetstar Pacific,BL
Jett8 Airlines Cargo,JX
Jettor Airlines,NR
Jetx Airlines,GX
Jin Air,LJ
JobAir,3B
Jordan Aviation,R5
Joy Air,JR
JSC Transport Automated Information Systems,1M
Juneyao Airlines,HO
Jusur airways,JX
Kabo Air,N2
Kalitta Air,K4
Kam Air,RQ
Kampuchea Airlines,E2
Karat,V2
Kavminvodyavia,KV
KD Avia,KD
Kenmore Air,M5
Kenya Airways,KQ
Keystone Air Services,BZ
Kharkiv Airlines,KH
Kibris T,KY
Kingfisher Airlines,IT
Kish Air,Y9
Kiwi International Air Lines,KP
KLM Cityhopper,WA
KLM Royal Dutch Airlines,KL
KMV,МИ
Kogalymavia Air Company,7K
Komiinteravia,8J
KoralBlue Airlines,K7
Korean Air,KE
Korongo Airlines,ZC
Kostromskie avialinii,K1
Krasnojarsky Airlines,7B
Krylo Airlines,K9
KSY,KY
Kuban Airlines,GW
Kunpeng Airlines,VD
Kuwait Airways,KU
Kuzu Airlines Cargo,GO
Kyrgyz Airlines,N5
Kyrgyzstan,QH
Kyrgyzstan Airlines,R8
L,MJ
L.A.B. Flying Service,JF
LACSA,LR
Lagun Air,N6
LAI - Linea Aerea IAACA,KG
LAN Airlines,LA
LAN Argentina,4M
LAN Express,LU
LAN Peru,LP
Lankair,IK
Lao Airlines,QV
Laoag International Airlines,L7
Lauda Air,NG
LCM AIRLINES,LQ
Lebanese Air Transport,LQ
Leeward Islands Air Transport,LI
Liberty Airways,LE
Libyan Arab Airlines,LN
Lina Congo,GC
Line Blue,L8
Linea Aerea de Servicio Ejecutivo Regional,8z
Linea Aerea SAPSA,L7
Linea Turistica Aerotuy,LD
Lineas Aereas Azteca,ZE
Linhas A,LM
Lion Mentari Airlines,JT
LionXpress,C4
Livingston,LM
Lloyd Aereo Boliviano,LB
Locair,ZQ
LOT Polish Airlines,LO
LSM Airlines,PQ
LSM AIRLINES ,YZ
LSM International ,II
LTE International Airways,XO
LTU Austria,L3
LTU International,LT
Luchsh Airlines ,L4
Luftfahrtgesellschaft Walter,HE
Lufthansa,LH
Lufthansa Cargo,LH
Lufthansa CityLine,CL
Lufthansa Systems,L1
Lufttaxi Fluggesellschaft,DV
Lufttransport,L5
Lugansk Airlines,L7
Luxair,LG
Lviv Airlines,5V
Lynden Air Cargo,L2
Maastricht Airlines,W2
Macair Airlines,CC
Maersk,DM
Mahan Air,W5
Mahfooz Aviation,M2
Malév,MA
Malawian Airlines,3W
Malaysia Airlines,MH
Maldivian,Q2
Maldivian Air Taxi,8Q
Maldivo Airlines,ML
Malindo Air,OD
Malmö Aviation,TF
Malta Air Charter,R5
Mandala Airlines,RI
Mandarin Airlines,AE
Mango,JE
Mars RK,6V
Marsland Aviation,M7
Martinair,MP
Marusya Airways,Y8
Maryland Air,M1
Marysya Airlines,M4
MasAir,M7
Mastertop Linhas Aereas,Q4
MAT Airways,6F
MAT Macedonian Airlines,IN
Mauritania Airlines International,L6
Mavial Magadan Airlines,H5
Maxair,8M
Maxjet Airways,MY
Maya Island Air,MW
MDLR Airlines,9H
Med Airways,7Y
Menajet,IM
Meridiana,IG
Merpati Nusantara Airlines,MZ
Mesa Airlines,YV
Mesaba Airlines,XJ
Metro Batavia,7P
Mexicana de Aviaci,MX
MexicanaLink,I6
MHS Aviation GmbH,M2
Miami Air International,GL
MIAT Mongolian Airlines,OM
Michael Airlines,DF
Middle East Airlines,ME
Midway Airlines,JI
Midwest Airlines,YX
Midwest Airlines (Egypt),MY
Minerva Airlines,N4
MNG Airlines,MB
Moldavian Airlines,2M
Monarch Airlines,ZB
Mongolian International Air Lines ,7M
Montenegro Airlines,YM
Moskovia Airlines,3R
Motor Sich,M9
Mount Cook Airlines,NM
Mountain Air Company,N4
Myanma Airways,UB
Myanmar Airways International,8M
MyTravel Airways,VZ
Myway Airlines,8I
N1,N1
Naka Nihon Airlines Service,NV
Nantucket Airlines,DV
Nas Air,P9
Nas Air,XY
Nasair,UE
National Air Cargo,N8
National Airlines,N4
National Airlines,N7
National Airways Cameroon,9O
National Jet Systems,NC
Nationwide Airlines,CE
Nauru Air Corporation,ON
Navitaire,1N
Neos,NO
Nepal Airlines,RA
NEPC Airlines,D5
NetJets,1I
New England Airlines,EJ
NEXT Brasil,XB
NextJet,2N
Nihon.jet,NJ
Nik Airways,X1
Niki,HG
Nile Air,NP
Nippon Cargo Airlines,KZ
Nok Air,DD
Nordeste Linhas Aereas Regionais,JH
Nordic Global Airlines,NJ
Nordic Regional,6N
Nordica,EE
NordStar Airlines,Y7
Norte Lineas Aereas,N0
North Coast Aviation,N9
North Flying,M3
North Pacific Airlines,NO
Northern Air Cargo,NC
Northern Dene Airways,U7
Northwest Airlines,NW
Northwest Regional Airlines,FY
Northwestern Air,J3
North-Wright Airways,HW
Norwegian Air Shuttle,DY
Norwegian Long Haul AS,DU
Nouvel Air Tunisie,BJ
Nova Airline,M4
Novair,1I
Nuevo Continente,N6
OAG,CR
Oasis Hong Kong Airlines,O8
Ocean Airlines,VC
Oceanair,O6
Oceanic Airlines,O2
O'Connor Airlines,UQ
Olympic Airlines,OA
Oman Air,WY
Omni Air International,OY
Omskavia Airline,N3
OneChina,1C
OneJet,J1
Onur Air,8Q
Open Skies Consultative Commission,1L
Orbit Airlines Azerbaijan,O1
Orchid Airlines,OI
Orenburg Airlines,R2
Orient Thai Airlines,OX
Origin Pacific Airways,QO
Ostfriesische Lufttransport,OL
Our Airline,ON
Overland Airways,OJ
Ozark Air Lines,OZ
Ozjet Airlines,O7
Pace Airlines,Y5
Pacific Blue,DJ
Pacific Coastal Airline,8P
Pacific East Asia Cargo Airlines,Q8
Pacific Express,VB
Pacific Southwest Airlines,PS
Pacific Wings,LW
Pacificair,GX
Pakistan International Airlines,PK
Pal airlines,5P
Palair Macedonia,3D
Palair Macedonia (3D),3D
Palau Trans Pacific Airline,GP
Palestinian Airlines,PF
Pamir Airways,NR
PAN Air,PV
Pan Am World Airways Dominicana,7Q
Pan American Airways,PA
Pan American World Airways,PA
Panafrican Airways,PQ
PanAm World Airways,WQ
Pantanal Linhas Aéreas,P8
Papillon Grand Canyon Helicopters,HI
Paramount Airways,I7
Parmiss Airlines (IPV),PA
Patriot Airways,P4
PB Air,9Q
Peach Aviation,MM
Pearl Airways,HP
Pegasus Airlines,PC
PEGASUS AIRLINES-,H9
Pegasus Hava Tasimaciligi,1I
Pelangi ,9P
Pelita,6D
Peninsula Airways,KS
Perm Airlines,P9
Peruvian Airlines,P9
Philippine Airlines,PR
Phoenix Airways,HP
Phuket Air,9R
Piedmont Airlines (1948-1989),PI
Pinnacle Airlines,9E
PLUNA,PU
PMTair,U4
Polar Air Cargo,PO
Polar Airlines,ЯП
Polet Airlines (Priv),YQ
Polynesian Airlines,PH
Polynesian Blue,DJ
Polyot Sirena,1U
Porter Airlines,PD
Portugalia,NI
Potomac Air,BK
Precision Air,PW
President Airlines,TO
Primaris Airlines,FE
Primera Air,PF
Princess Air,8Q
Private Wings Flugcharter,8W
Proflight Commuter Services,P0
Qantas,QF
Qatar Airways,QR
QatXpress,C3
Régional,YS
RACSA,R6
Radixx Solutions International,1D
Rainbow Air (RAI),RN
Rainbow Air Canada,RY
Rainbow Air Euro,RU
Rainbow Air Polynesia,RX
Rainbow Air US,RM
Real Tonga,RT
Red Jet America,RR
Red Jet Andes,PT
Red Jet Canada,QY
Red Jet Mexico,4X
Red Wings,WZ
Redhill Aviation,8L
REDjet,Z7
Reem Air,V4
Regional Air Iceland,9N
Regional Airlines,FN
Regional Express,ZL
Regional Paraguaya,P7
Regionalia Chile,9J
Regionalia México,N4
Regionalia Uruguay,2X
Regionalia Venezuela,9X
RegionsAir,3C
Reno Air,QQ
Reno Sky,RY
Republic Airlines,RW
Republic Express Airlines,RH
REXAIR VIRTUEL,RR
Rico Linhas A,C7
Rio Grande Air,E2
Rio Sul Servi,SL
Rossiya,R4
Rossiya-Russian Airlines,FV
Royal,QN
Royal Air Cambodge,VJ
Royal Air Force,RR
Royal Air Force of Oman,RS
Royal Air Maroc,AT
Royal Airlines,R0
Royal Airways,KG
Royal Aruban Airline,V5
ROYAL BRITAIN,7V
Royal Brunei Airlines,BI
Royal European Airlines,69
Royal Falcon,RL
Royal Jordanian,RJ
Royal Khmer Airlines,RK
Royal Nepal Airlines,RA
Royal Southern Airlines.,R1
Royal Tongan Airlines,WR
Russian Sky Airlines,P7
Rwandair Express,WB
Ryan International Airlines,RD
Ryanair,FR
S7 Airlines,S7
Sabre,1S
Sabre Pacific,1Z
SAETA,EH
Safair,FA
Safi Airlines,4Q
Salmon Air,S6
Salsa d\\'Haiti,SO
Salzburg arrows,SZ
Sama Airlines,ZS
Samara Airlines,E5
Samurai Airlines,07
San Juan Airlines,2G
Santa Barbara Airlines,S3
Saratov Aviation Division,6W
Sat Airlines,HZ
SATA Air Acores,SP
SATA International,S4
SATENA,9R
Saudi Arabian Airlines,SV
Scandinavian Airlines System,SK
Scat Air,DV
Scoot,TZ
Scorpio Aviation,8S
Seaborne Airlines,BB
SeaPort Airlines,K5
Senegal Airlines,DN
SENIC AIRLINES,YR
Serbian Airlines,S1
Servant Air,8D
Servicios de Transportes A,FS
Severstal Air Company,D2
SGA Airlines,5E
Shaheen Air International,NL
Shandong Airlines,SC
Shanghai Airlines,FM
Shanxi Airlines,8C
Sharp Airlines,SH
Shenzhen Airlines,ZH
Shovkoviy Shlyah,S8
Shuttle America,S5
Sibaviatrans,5M
Sichuan Airlines,3U
Siem Reap Airways,FT
Sierra National Airlines,LJ
Sierra Nevada Airlines,1I
Silk Way Airlines,ZP
SilkAir,MI
Silver Airways (3M),3M
Singapore Airlines,SQ
Singapore Airlines Cargo,SQ
Sirena,1Q
Siren-Travel,1H
Sirin,R1
SITA,XS
Skagway Air Service,N5
Sky Airline,H2
Sky Express,G3
Sky Express,XW
Sky Eyes,I6
Sky Regional,RS
Sky Trek International Airlines,1I
Sky Trek International Airlines,1I
Sky Wing Pacific,C7
Sky Work Airlines,SX
SkyBahamas Airlines,Q7
Skybus Airlines,SX
SkyEurope,NE
Skyjet Airlines,UQ
SkyKing Turks and Caicos Airways,RU
Skyline nepc,D5
Skymark Airlines,BC
Skynet Airlines,SI
Skynet Asia Airways,6J
Skyservice Airlines,5G
Skywalk Airlines,AL
Skyways Express,JZ
SkyWest,OO
Skywest Australia,XR
SkyWork Airlines ,SX
Slok Air Gambia,S0
Slovak Airlines,6Q
SmartLynx Airlines,6Y
SNCF,2C
Snowbird Airlines,S8
SOCHI AIR,CQ
SOCHI AIR CHATER,Q3
SOCHI AIR EXPRESS,Q4
Solomon Airlines,IE
Sosoliso Airlines,SO
South African Airways,SA
South East Asian Airlines,DG
Southern Cross Distribution,1K
Southern Winds Airlines,A4
Southjet,76
Southjet cargo,78
Southjet connect,77
Southwest Airlines,WN
Spanair,JK
Spicejet,SG
Spike Airlines,S0
Spirit Airlines,NK
Spirit of Manila Airlines,SM
Spring Airlines,9S
Spring Airlines Japan,IJ
SriLankan Airlines,UL
Sriwijaya Air,SJ
Star Air,S6
Star Equatorial Airlines,2S
Star Flyer,7G
Star Peru (2I),2I
Star1 Airlines,V9
Starbow Airlines,S9
Starline.kz,DZ
Starling Airlines Spain,SX
Sterling Airlines,NB
STP Airways,8F
Strategic Airlines,VC
Suckling Airways,CB
Sudan Airways,SD
Sun Air (Fiji),PI
Sun Air of Scandinavia,EZ
Sun Country Airlines,SY
Sun D'Or,7L
SunExpress,XQ
Sunshine Express Airlines,CQ
Sunwing,WG
Sunwing Airlines,WG
Superior Aviation,SO
Surinam Airways,PY
Sutra,1K
Svyaz Rossiya,7R
Swe Fly,WV
SwedJet Airways,VD
Swedline Express,SM
Swiss International Air Lines,LX
Swissair,SR
Syrian Arab Airlines,RB
T.A.T,IJ
T.J. Air,TJ
TAAG Angola Airlines,DT
TACA Peru,T0
TACV,VR
Tajik Air,7J
TAM Brazilian Airlines,JJ
TAM Mercosur,PZ
TAME,EQ
TAMPA,QT
TAN,T8
Tandem Aero,TQ
TAN-SAHSA,SH
TAP Portugal,TP
Tarom,RO
Tassili Airlines,SF
Tatarstan Airlines,U9
Tavrey Airlines,T6
Teamline Air,L9
Texas Spirit,XS
Texas Wings,TQ
Thai Air Cargo,T2
Thai AirAsia,FD
Thai Airways International,TG
Thai Lion Air,SL
Thai Sky Airlines,9I
Thai Smile Airways,WE
Thai Star Airlines,T9
Thalys,2H
Thomas Cook Airlines,FQ
Thomas Cook Airlines,MT
Thomsonfly,BY
THREE,H3
Tiara Air,3P
Tiger Airways,TR
Tiger Airways Australia,TT
Titan Airways,ZT
TNT Airways,3V
Tobruk Air,7T
Tol-Air Services,TI
Tomp Airlines,ZT
Tower Air,FF
Tramm Airlines,9F
Trans Maldivian Airways,M8
Trans Mediterranean Airlines,TL
Trans Pas Air,T6
Trans States Airlines,AX
Trans World Airlines,TW
Transaero Airlines,UN
TransAsia Airways,GE
Transavia France,TO
Transavia Holland,HV
Transaviaexport,AL
TransBrasil Airlines,TH
Transeuropean Airlines,UE
TransHolding,TI
TransHolding System,YO
TransMeridian Airlines,T9
Transmile Air Services,TH
TransNusa Air,M8
Transport Aérien Transrégional,IJ
Transportes Aéreos Nacionales de Selva,TJ
Transports et Travaux A,OF
TransRussiaAirlines,1E
Transwest Air,9T
TrasBrasil,TB
Trast Aero,S5
Travel Service,QS
Travelsky Technology,1E
Tri-MG Intra Asia Airlines,GY
TRIP Linhas A,8R
Tropic Air,PM
Tropical Airways,M7
TROPICAL LINHAS AEREAS,T1
TUI Airlines Belgium,TB
TUIfly,X3
TUIfly (X3),11
TUIfly Nordic,6B
Tulip Air,TD
Tuninter,UG
Tunisair,TU
TUR Avrupa Hava YollarÄ±,YI
Turan Air,3T
Turkish Airlines,TK
Turkmenistan Airlines,T5
Tway Airlines,TW
Twin Jet,T7
Tyrolean Airways,VO
Ukraine International Airlines,PS
Ukrainian Cargo Airways,6Z
UM Airlines,UF
Uni Air,B7
United Airlines,UA
United Airways,4H
United Feeder Service,U2
United Parcel Service,5X
Ural Airlines,U6
US Africa Airways,E8
US Airways,US
US Helicopter Corporation,UH
USA Jet Airlines,U7
Usa Sky Cargo,E1
USA3000 Airlines,U5
UTair Aviation,UT
UTair-Express,UR
UVT Aero,UW
Uzbekistan Airways,HY
V Air,ZV
V Australia Airlines,VA
Valuair,VF
ValueJet,J7
Varig Log,LC
VASP,VP
Via Conectia Airlines,6V
VIA Líneas Aéreas,V1
VIA Rail Canada,2R
Viaggio Air,VM
Viasa,VA
VickJet,KT
Vietnam Airlines,VN
Viking Hellas,VQ
VIM Airlines,NN
VIP Ecuador,V6
Virgin America,VX
Virgin Atlantic Airways,VS
Virgin Australia,VA
Virgin Blue,DJ
Virgin Express,TV
Virgin Nigeria Airways,VK
Virgin Pacific,VH
Virginwings,YY
Vision Airlines (V2),V2
Viva Macau,ZG
VivaColombia,5Z
Vladivostok Air,XF
VLM Airlines,VG
Voestar,8K
Volare Airlines,VE
Volaris,Y4
Volga-Dnepr Airlines,VI
VOLOTEA Airways,V7
Volotea Costa Rica,9V
Voronezhskie Airlanes,DN
Voyageur Airways,VC
VRG Linhas Aereas,RG
Vuela Cuba,6C
Vueling Airlines,VY
Vuola Italia,4S
Wayraper,7W
WebJet Linhas A,WJ
Welcome Air,2W
West Air China,PN
West Air Sweden,PT
West Coast Air,8O
WestAir,OE
WestAir Airlines,OE
WestAir Airlines ,OE
Western Airlines,WA
WestJet,WS
WestJet Encore,WR
Westward Airways,CN
Widerøe,WF
Wind Jet,IV
Windward Islands Airways,WM
Wings Air,IW
Wings of Alaska,K5
Wings of England,EX
Wizz Air,W6
Wizz Air Hungary,8Z
Wizz Air Ukraine,WU
World Airways,WO
World Experience Airline,W1
World Scale Airlines,W3
Worldspan,1P
Worldways,WG
Wright Air Service,8V
XAIR USA,XA
Xiamen Airlines,MF
XL Airways France,SE
Xpressair,XN
XPTO,XP
Xtra Airways,XP
Yamal Airlines,YL
Yangon Airways,HK
Yangon Airways Ltd.,YH
Yangtze River Express,Y8
Yellow Air Taxi,Y0
Yellowstone Club Private Shuttle,Y1
Yellowtail,YE
Yemenia,IY
Yeti Airways,YT
Yunnan Airlines,3Q
ZABAIKAL AIRLINES,Z6
Zabaykalskii Airlines,ZP
Zambezi Airlines (ZMA),ZJ
Zambia Skyways,K8
Zambian Airways,Q3
Zenith International Airline,ZN
Zest Air,Z2
Zimbabwean Airlines,Z7
Zimex Aviation,C4
Zip,3J
Zoom Airlines,Z4
Zuliana de Aviacion,OD
Zz,ZZ
