AAD,MGQ
AIC,KWA
AIC,MAJ
ALQ,POA
ANA,ASV
ANA,WIL
ANA,ABV
ANA,LOS
ARX,FOR
AUL,KBT
AYJ,AMD
AYJ,BLR
AYJ,MAA
AYJ,DBR
AYJ,DEL
AYJ,JAI
AYJ,CCU
AYJ,BOM
AYJ,PAT
BCB,MGJ
BDG,GUP
BER,TIA
BER,GRZ
BER,SZG
BER,VIE
BER,GYD
BER,BRU
BER,SOF
BER,VAR
BER,PEK
BER,LCA
BER,PFO
BER,CPH
BER,CAI
BER,HRG
BER,RMF
BER,SSH
BER,TLL
BER,HEL
BER,BSL
BER,CMF
BER,LYS
BER,MRS
BER,NCE
BER,CDG
BER,ORY
BER,SXB
BER,KUT
BER,TBS
BER,QCB
BER,CGN
BER,DUS
BER,ERF
BER,FRA
BER,HHN
BER,MUC
BER,NUE
BER,SCN
BER,QCP
BER,QCS
BER,STR
BER,ATH
BER,CFU
BER,HER
BER,RHO
BER,SKG
BER,BUD
BER,KEF
BER,EBL
BER,DUB
BER,TLV
BER,BRI
BER,BLQ
BER,BZO
BER,CTA
BER,BGY
BER,LIN
BER,MXP
BER,NAP
BER,PMO
BER,PSA
BER,FCO
BER,VCE
BER,TSF
BER,VRN
BER,PRN
BER,RIX
BER,BEY
BER,VNO
BER,LUX
BER,MLA
BER,RMO
BER,TGD
BER,RAK
BER,AMS
BER,SKP
BER,BGO
BER,OSL
BER,TOS
BER,KRK
BER,WAW
BER,FAO
BER,FNC
BER,LIS
BER,OPO
BER,DOH
BER,OTP
BER,IAS
BER,BEG
BER,ALC
BER,BCN
BER,FUE
BER,LPA
BER,IBZ
BER,SPC
BER,ACE
BER,MAD
BER,AGP
BER,PMI
BER,TFS
BER,VLC
BER,GOT
BER,ARN
BER,GVA
BER,SMV
BER,ZRH
BER,MIR
BER,TUN
BER,ESB
BER,AYT
BER,GZT
BER,IST
BER,SAW
BER,ADB
BER,DXB
BER,DWC
BER,BRS
BER,EDI
BER,GLA
BER,BQH
BER,LCY
BER,LGW
BER,LHR
BER,LTN
BER,STN
BER,MAN
BER,EMA
BER,MIA
BER,EWR
BER,PBI
BGS,KJA
BIE,GCK
BIE,OMA
BKX,ATY
BLM,LGA
BLM,PHL
BLM,TEB
BLM,PBI
BPA,CEB
BQW,BME
BQW,FIZ
BQW,HCQ
BRB,PHB
BRB,SLZ
BVX,CPS
BWD,AUS
BWD,BNA
BWD,SAT
BYW,OTS
BYW,BLI
BYW,ESD
BYW,LPS
BZX,PKX
BZX,CTU
BZX,CAN
BZX,HAK
BZX,TNA
BZX,KMG
BZX,LJG
BZX,NKG
BZX,NNG
BZX,NGB
BZX,TAO
BZX,PVG
BZX,SZX
BZX,XIY
BZX,YIW
CBI,LST
CEL,POA
CFM,YYC
CFM,YEG
CJZ,REC
CKW,BME
CKW,KTA
CKW,PER
COL,OBN
COL,TRE
CPS,AUS
CPS,BVX
CPS,PWK
CPS,DEN
CPS,MKC
CPS,KNT
CPS,SGF
CQW,TFU
CQW,CAN
CQW,TNA
CQW,NKG
CRU,GND
CRU,SVD
CSL,CUL
CSL,ELP
CSL,PHX
CSL,SCF
CSN,OXR
CSN,SJC
CSN,SCF
CSU,POA
CWF,BTR
CXY,FLL
CYC,BZE
CYC,SPR
CZN,ORT
CZN,TKJ
DBR,AYJ
DBR,DEL
DBR,HYD
DBR,CCU
DBR,BOM
DBY,BNE
DBY,RMA
DBY,THG
DDD,MLE
DGH,DEL
DGH,CCU
DGH,PAT
DGH,IXR
DHG,ETL
DHG,VVO
DJN,FAI
DJN,ORT
DJN,TKJ
DKA,ABV
DLN,SCF
DPB,PUQ
DPT,YKS
DRP,CEB
DRP,MNL
DVR,DRW
DWO,NUF
DXE,ADM
DXE,UOX
DXJ,PKX
DXJ,CAN
DXJ,NGB
DZH,PEK
DZH,CSX
DZH,CTU
DZH,TFU
DZH,CAN
DZH,KWE
DZH,HAK
DZH,HGH
DZH,HFE
DZH,SWA
DZH,KMG
DZH,LXA
DZH,LJG
DZH,NKG
DZH,NNG
DZH,TAO
DZH,JJN
DZH,SYX
DZH,PVG
DZH,SZX
DZH,SJW
DZH,TYN
DZH,WEH
DZH,WUH
DZH,XIY
DZH,XMN
DZH,XIC
DZH,YBP
DZH,INC
DZH,CGO
DZH,HSN
DZH,ZUH
EAL,UJE
EBO,MAJ
EDC,ASE
EDC,ADS
EDC,DAL
EDC,APA
EDC,LAS
EDC,MRF
EDC,PWA
EDC,SUX
EDC,ACT
EEA,VCP
EHU,PEK
EHU,PKX
EHU,CGQ
EHU,CSX
EHU,CZX
EHU,CTU
EHU,TFU
EHU,CKG
EHU,DLC
EHU,FOC
EHU,CAN
EHU,KWE
EHU,HAK
EHU,HGH
EHU,HRB
EHU,HFE
EHU,HET
EHU,SWA
EHU,TNA
EHU,KMG
EHU,LHW
EHU,NKG
EHU,NNG
EHU,NTG
EHU,NGB
EHU,TAO
EHU,JJN
EHU,PVG
EHU,SHE
EHU,SZX
EHU,SJW
EHU,TYN
EHU,TSN
EHU,URC
EHU,WEF
EHU,WNZ
EHU,WUX
EHU,XIY
EHU,XMN
EHU,XUZ
EHU,INC
EHU,YIW
EHU,CGO
EHU,ZUH
EHU,AUH
EJT,MAJ
ELK,PWA
ENI,CRK
ENI,USU
ENI,MPH
ENI,CEB
ENI,MNL
ENI,TAG
ERB,ASP
ERB,AYQ
EWE,MKQ
EWE,TIM
FAM,FYV
FAU,OMM
FAU,MCT
FAU,RNM
FDK,CHO
FDK,LUK
FDK,HDN
FDK,RDU
FND,MLE
FOA,LWK
GAX,POG
GBI,BLR
GBI,TIR
GBL,CKI
GBL,DRW
GBW,KTA
GBW,PER
GDB,HYD
GEM,BSG
GEM,SSG
GGF,BEL
GGF,PTQ
GGJ,CWB
GHS,BPN
GHV,DTM
GHV,LTN
GKT,FWA
GKT,IKB
GLE,SAF
GNJ,DME
GNJ,SVO
GNJ,VKO
GNJ,IST
GNJ,SAW
GOK,PNC
GOX,AMD
GOX,BLR
GOX,BHO
GOX,IXC
GOX,MAA
GOX,CJB
GOX,DEL
GOX,HYD
GOX,JAI
GOX,CCU
GOX,BOM
GOX,NAG
GOX,ISK
GOX,PAT
GOX,PNQ
GOX,HSR
GOX,IXR
GOX,RQY
GOX,BDQ
GOX,MCT
GOX,LGW
GOX,MAN
GOY,KJA
GRD,CHS
GRD,MOT
GRN,BFF
GSH,HAO
GSH,PTK
GTS,ASP
GTS,BNE
GTS,DRW
GTS,PER
GTZ,KGL
GTZ,ARK
GTZ,JRO
GTZ,LKY
GTZ,MWZ
GTZ,SEU
GTZ,ZNZ
GTZ,EBB
GUO,MGQ
GYB,PER
GYZ,LNO
GYZ,PER
HAY,BOG
HBK,SOW
HBQ,XNN
HCZ,PKX
HCZ,TFU
HCZ,CKG
HCZ,FOC
HCZ,HAK
HCZ,KMG
HCZ,NKG
HCZ,NGB
HCZ,JJN
HCZ,PVG
HCZ,XIY
HDK,MLE
HEZ,BHM
HKR,ASV
HKR,KIS
HKR,WIL
HKS,LRD
HKS,MSY
HKS,PWA
HMS,BDJ
HNB,AGC
HQL,KHG
HQQ,CAN
HQQ,SZX
HRA,BWE
HRF,MLE
HSA,SCO
HSA,AKX
HSA,ALA
HSA,NQZ
HSA,URA
HSA,IST
HSA,SAW
HSA,AUH
HSC,PKX
HSC,TFU
HSC,CKG
HSC,HAK
HSC,SWA
HSC,PVG
HSC,XIY
HSI,OMA
HSR,BLR
HSR,DEL
HSR,GOX
HSR,IDR
HSR,BOM
HSR,PNQ
HUM,AUS
HYI,STS
HZA,CGQ
HZA,CSX
HZA,TFU
HZA,CKG
HZA,DLC
HZA,CAN
HZA,HAK
HZA,HGH
HZA,HRB
HZA,NNG
HZA,PVG
HZA,SZX
HZA,WUH
HZA,XIY
HZA,XMN
IAL,CNF
IBM,PER
ICL,DAL
ICL,PAH
ICO,MNL
IFP,YWG
IFP,ABQ
IFP,AMA
IFP,BJI
IFP,BMI
IFP,CMH
IFP,DBQ
IFP,FNT
IFP,LAS
IFP,SDF
IFP,MSN
IFP,MOT
IFP,OKC
IFP,STL
INJ,TWB
IRM,EZV
IRM,HMA
IRM,TJM
IXX,BLR
JAW,REC
JCS,FOR
JCU,AGP
JGB,HYD
JGB,RPR
JIN,EBB
JIN,KSE
JIN,KHX
JIN,MBQ
JMA,CNF
JPE,BEL
JPO,REC
JRK,JJU
JRT,TMT
JSO,JSB
JZI,NAS
JZI,GSO
JZI,HOU
JZI,SDF
JZI,BNA
JZI,TTN
JZI,IAD
JZI,HPN
KBH,MWZ
KBY,CED
KBY,WUD
KCI,BME
KCI,DRB
KCI,PER
KDB,PER
KDN,KTM
KEA,ASB
KEI,MKQ
KEK,KNW
KHX,EBB
KHX,JIN
KHX,KSE
KIE,RAB
KJB,BLR
KJB,MAA
KJB,VTZ
KKQ,TJM
KNK,ILI
KNT,GWO
KQR,PER
KXA,KTN
KXB,UPG
KXO,KHX
LAB,ROK
LAB,TSV
LDZ,JNB
LHN,CNF
LIK,KWA
LKI,KNO
LLM,HIR
LMV,IFU
LMV,NMF
LMV,MLE
LNU,BPN
LNU,TRK
LUL,MTN
LUL,BNA
LYT,BDB
LYT,OOL
LYT,HVB
LYT,QBR
LZG,PEK
LZG,CAN
LZG,PVG
MAV,MAJ
MBB,PER
MBQ,EBB
MBQ,JIN
MBQ,KHX
MDD,AUS
MDD,ADS
MDD,MGM
MDD,PBI
MDR,ASV
MDR,MRE
MDR,WIL
MEV,MRY
MIQ,BIE
MIQ,LIT
MIQ,FCM
MIW,TYQ
MIW,TEB
MJB,AIM
MJB,MAJ
MJE,KWA
MJE,MAJ
MKT,OFK
MML,FCM
MMP,EOH
MNQ,BDB
MOR,FRR
MRC,MQY
MSK,BOG
MSK,VVC
MTB,EOH
MUT,IOW
MVE,XWA
MVN,ABY
MWS,MDC
MXQ,SSA
MYF,SFH
MYF,LGB
MYF,RAL
MYF,SBD
MZA,LIM
NDE,WIL
NDK,KIO
NEI,AEM
NEI,VVO
NLU,LGG
NLU,BOG
NLU,HAV
NLU,SDQ
NLU,UIO
NLU,CDG
NLU,FRA
NLU,LUX
NLU,ACA
NLU,CUN
NLU,CUU
NLU,CJS
NLU,CLQ
NLU,CUL
NLU,DGO
NLU,GDL
NLU,HMO
NLU,HUX
NLU,LAP
NLU,MZT
NLU,MID
NLU,MTY
NLU,MLM
NLU,NLD
NLU,OAX
NLU,PXM
NLU,PVR
NLU,REX
NLU,SJD
NLU,TAM
NLU,TIJ
NLU,TQO
NLU,VER
NLU,ZIH
NLU,PTY
NLU,ORD
NLU,CVG
NLU,DFW
NLU,IAH
NLU,HOU
NLU,HSV
NLU,IND
NLU,LAX
NLU,SDF
NLU,MFE
NLU,MIA
NLU,CCS
NMF,HAQ
NMF,LMV
NMF,MLE
NPY,TBO
NQZ,GYD
NQZ,MSQ
NQZ,LGG
NQZ,PEK
NQZ,SYX
NQZ,URC
NQZ,XIY
NQZ,SSH
NQZ,KUT
NQZ,FRA
NQZ,SCO
NQZ,AKX
NQZ,ALA
NQZ,GUW
NQZ,KSN
NQZ,KZO
NQZ,URA
NQZ,UKK
NQZ,PWQ
NQZ,PPK
NQZ,PLX
NQZ,CIT
NQZ,TDK
NQZ,DMB
NQZ,HSA
NQZ,DZN
NQZ,WAW
NQZ,KZN
NQZ,SVO
NQZ,VKO
NQZ,OVB
NQZ,OMS
NQZ,LED
NQZ,SVX
NQZ,ESB
NQZ,AYT
NQZ,IST
NQZ,SAW
NQZ,AUH
NQZ,DXB
NQZ,RKT
NQZ,TAS
NSB,FLL
NSR,PNZ
NSR,REC
NUB,GTE
NUB,KTR
NUB,MCV
NUM,DOH
NUM,DMM
NUM,JED
NUM,RUH
NUM,DXB
NUM,LHR
OCH,LUK
ODT,DAL
ODT,TUS
OEC,DIL
OLG,ASV
OLG,WIL
OLG,MDR
OLU,OFK
OMK,BFI
OMM,FAU
OMM,MCT
OMM,RNM
OMN,TAS
ONL,LNK
ONL,OFK
OOD,OCM
OOD,PER
OOD,WLP
OOT,TRW
OPI,DRW
OPP,BEL
OSJ,ASV
OSJ,ANA
OSJ,WIL
OSO,TSV
OTG,APF
OTS,BYW
OTS,FRD
OTS,LPS
OUI,BES
OUN,LAP
OUN,EGE
OUN,LNK
OUN,QQT
OUN,MEM
OUN,PBI
PDB,KNK
PDM,PAC
PGM,SOV
PGO,TSM
PHQ,TSV
PJB,PHX
PNX,LRD
PQT,JAV
PSF,BWI
PSF,BED
PSF,TEB
PSN,TYR
PTQ,BEL
PTS,MKC
PTS,AIZ
PTW,RDG
PYT,CNF
QAC,ADL
QAC,PUG
QBA,BNK
QBA,BWU
QBA,QBA
QBA,CSI
QBA,CCL
QBA,CFS
QBA,OOL
QBA,GYP
QBA,SHT
QBA,MCY
QBA,TMW
QBA,THG
QBA,TDR
QBA,TWB
QBA,WTB
QBA,WAZ
QBA,WDI
QBB,ADL
QBB,PUG
QBD,BME
QBE,PER
QBF,PER
QBG,GET
QBG,PER
QBH,PER
QBL,ROK
QBL,MCY
QBL,TSV
QBN,PER
QBO,PER
QBP,ADL
QBP,QBP
QBP,PLO
QBP,PPI
QBP,WYA
QBR,QBA
QBR,OOL
QBR,LSY
QBR,QBR
QBR,MCY
QBS,CNS
QBT,KGI
QBU,PER
QBW,PER
QBY,PER
QCF,QEF
QCH,MPL
QCM,ZAG
QCM,BER
QCO,BRQ
QCP,SZG
QCP,CPH
QCP,HEL
QCP,HAM
QCP,MUC
QCP,FLR
QCP,BCN
QCP,GVA
QCP,ACH
QCP,ZRH
QCS,LTQ
QCS,HAM
QCS,LIN
QCS,LCY
QCU,QJI
QCV,LIL
QCV,STR
QCV,WRO
QCZ,MHG
QCZ,ACH
QCZ,ZRH
QER,DUS
QEW,SOF
QEW,BRQ
QEW,DRS
QEW,ERF
QEW,STR
QEW,FRL
QEZ,SZG
QEZ,DUS
QFC,LYS
QGP,REC
QGY,PDV
QGY,IGS
QHD,LJU
QHT,GRQ
QHT,TRF
QKE,GCI
QMK,JEG
QOV,GRZ
QPR,PED
QQA,DPA
QQA,FAR
QQA,FLD
QQA,RAP
QQA,ROX
QQB,QQB
QQB,SFB
QQB,UST
QQB,PIE
QQC,QSH
QQC,OCF
QQC,SAV
QQD,AUS
QQD,DKK
QQD,DRT
QQD,LRD
QQF,MHH
QQF,FPR
QQG,LIT
QQG,OCH
QQG,PTK
QQG,PVD
QQG,ROG
QQG,SAT
QQG,SUS
QQG,IAD
QQG,ICT
QQK,TPL
QQL,COU
QQL,LFT
QQN,DEH
QQN,FWA
QQN,QTM
QQN,LZU
QQN,LEX
QQN,PLN
QQN,STL
QQN,VDF
QQN,BDL
QQP,CRW
QQQ,PDK
QQQ,BZN
QQQ,CLE
QQQ,APF
QQQ,PNE
QQQ,RST
QQQ,SUS
QQR,BHM
QQR,CLT
QQR,APF
QQR,ORL
QQR,ECP
QQR,SUA
QQR,TPA
QQR,PBI
QQW,BFI
QQX,GPT
QQY,BWI
QQY,CRW
QQY,FRR
QQY,TYS
QQY,MMU
QQY,PHL
QQY,RIC
QQY,SAV
QQY,IAD
QQY,PBI
QQZ,CXO
QQZ,DRT
QQZ,GPT
QQZ,LRD
QQZ,HYI
QSB,CID
QSB,CGF
QSB,LBE
QSB,PHL
QSB,SRQ
QSD,ABQ
QSD,CGZ
QSD,LBB
QSD,PHX
QSD,SAN
QSD,TUS
QSE,AUS
QSE,BPT
QSE,EFD
QSE,CWF
QSE,MAF
QSE,APC
QSE,PWA
QSE,AGC
QSE,ROG
QSE,SAT
QSE,ICT
QSH,GSP
QSH,HUM
QSH,AGC
QSH,SAT
QSH,SHV
QSH,STL
QSJ,MHH
QSJ,ull
QSJ,RDU
QSK,AZS
QSK,MIA
QSK,APF
QSK,ORL
QSK,TLH
QSM,QQX
QSM,LYH
QSM,QSM
QSQ,RIC
QSQ,UST
QSV,BMG
QSV,DSI
QSV,LUL
QSV,MGW
QSY,QTM
QSY,BFM
QSY,QTP
QTB,RMG
QTB,TSM
QTB,PBI
QTC,ASE
QTC,BUR
QTC,CSN
QTC,HHR
QTC,POC
QTC,LGB
QTC,SIY
QTC,SLC
QTC,SJC
QTC,SNA
QTF,RBD
QTF,APF
QTG,QQD
QTG,QQT
QTH,LIT
QTH,MLI
QTM,PDK
QTM,QSY
QTM,DSI
QTN,TUP
QTP,TRI
QTQ,HSV
QTQ,NEW
QTS,FTY
QTT,ELH
QTT,CMH
QTT,OCF
QTV,AUS
QTV,WMH
QUP,JAV
QXB,AJA
QYA,CRL
QYF,LDE
QYG,HAJ
QYK,BIQ
QYK,BOD
QYL,CRL
QYL,LBG
QYL,MHG
QYL,IAS
QYL,QKF
QYM,TLS
QYM,XFW
QYU,BCN
QYU,IBZ
QYV,RKE
QYV,HAJ
QZK,NCY
RBW,OCF
RBW,SUA
RIE,MSP
RLO,AEP
RMO,EVN
RMO,VIE
RMO,GYD
RMO,BRU
RMO,SSH
RMO,BVA
RMO,CDG
RMO,TBS
RMO,BER
RMO,DUS
RMO,FRA
RMO,HHN
RMO,MUC
RMO,ATH
RMO,DUB
RMO,TLV
RMO,BLQ
RMO,BGY
RMO,MXP
RMO,PMF
RMO,FCO
RMO,VCE
RMO,VRN
RMO,AMS
RMO,WAW
RMO,LIS
RMO,OTP
RMO,BCN
RMO,AYT
RMO,IST
RMO,DXB
RMO,FAB
RMO,LTN
RMO,STN
RMZ,KZN
RMZ,DME
RMZ,NBC
RMZ,OVB
RMZ,NUX
RMZ,KUF
RMZ,LED
RMZ,SGC
RMZ,SVX
RNM,FAU
RNM,OMM
RNM,MCT
ROG,ABI
ROG,CAK
ROG,QQG
ROG,WDG
RON,EOH
RQY,BLR
RQY,GOX
RQY,HYD
RQY,TIR
RRJ,CGH
RRT,MSP
RSI,JED
RSI,RUH
RSI,MAD
RUL,MLE
RUP,GAU
RUP,CCU
RXE,SLC
RZV,ESB
RZV,IST
RZV,SAW
RZV,ADB
SAI,PNH
SAI,KOS
SAI,KMG
SAI,LPQ
SAI,PKZ
SAI,KUL
SAI,SIN
SAI,DMK
SAI,BKK
SAI,DAD
SAI,HAN
SAI,SGN
SAU,KOE
SCR,AMS
SCR,AGH
SCR,MMX
SCR,BMA
SCR,THN
SDW,BLR
SDW,BOM
SET,REC
SHQ,OOL
SHS,PKX
SHS,TFU
SHS,CKG
SHS,FOC
SHS,CAN
SHS,KWE
SHS,HAK
SHS,HGH
SHS,TNA
SHS,KMG
SHS,LHW
SHS,NNG
SHS,NGB
SHS,TAO
SHS,SYX
SHS,PVG
SHS,SZX
SHS,WNZ
SHS,XIY
SHS,XMN
SIY,HOU
SIY,MFR
SLG,ISM
SPX,BUD
SPX,MXP
SPX,FCO
SPX,KWI
SPX,JED
SPX,RUH
SPX,SAW
SPX,AUH
SPX,DXB
SPX,SHJ
SPX,LTN
SPZ,FXE
SPZ,ECP
SPZ,SUS
SUE,PTK
SUM,SJU
SUM,MDW
SWL,CRK
SWL,MNL
SZC,JHS
TAD,CNE
TDW,APA
TDW,LBB
TDW,MFE
TDW,PVW
TDW,ROW
TEK,MRI
TEK,NCN
TFU,MEL
TFU,SYD
TFU,PNH
TFU,YVR
TFU,AKU
TFU,AQG
TFU,AOG
TFU,ACF
TFU,AEB
TFU,BSD
TFU,BAV
TFU,RLK
TFU,BHY
TFU,PEK
TFU,PKX
TFU,CGQ
TFU,CGD
TFU,CSX
TFU,CIH
TFU,CZX
TFU,HCZ
TFU,JUH
TFU,DLU
TFU,DLC
TFU,DCY
TFU,DAT
TFU,DYG
TFU,DZH
TFU,DOY
TFU,DNH
TFU,ENH
TFU,EHU
TFU,FUO
TFU,FOC
TFU,KOW
TFU,GZG
TFU,CAN
TFU,KWL
TFU,KWE
TFU,HAK
TFU,HMI
TFU,HGH
TFU,HRB
TFU,HFE
TFU,HNY
TFU,HZA
TFU,HET
TFU,AHJ
TFU,HTN
TFU,HIA
TFU,TXN
TFU,HYN
TFU,HUZ
TFU,JGS
TFU,JGN
TFU,SWA
TFU,TNA
TFU,JDZ
TFU,JHG
TFU,SHS
TFU,JNG
TFU,KRY
TFU,KHG
TFU,KRL
TFU,KMG
TFU,KCA
TFU,LHW
TFU,LXA
TFU,LYG
TFU,LJG
TFU,LNJ
TFU,LFQ
TFU,LYI
TFU,LZH
TFU,LLV
TFU,LUM
TFU,KHN
TFU,NKG
TFU,NNG
TFU,NTG
TFU,NGB
TFU,LZY
TFU,DSN
TFU,SYM
TFU,TAO
TFU,IQN
TFU,BAR
TFU,JJN
TFU,JUZ
TFU,RIZ
TFU,SYX
TFU,SHA
TFU,PVG
TFU,SQD
TFU,DIG
TFU,HSC
TFU,SHE
TFU,SZX
TFU,SHF
TFU,SJW
TFU,WDS
TFU,JZH
TFU,TCG
TFU,TYN
TFU,TVS
TFU,TCZ
TFU,TSN
TFU,TEN
TFU,TWC
TFU,TLQ
TFU,URC
TFU,WEF
TFU,WEH
TFU,WNH
TFU,WNZ
TFU,WUA
TFU,WUH
TFU,WHA
TFU,CQW
TFU,WUX
TFU,WUS
TFU,WUZ
TFU,XIY
TFU,GXH
TFU,XMN
TFU,XFN
TFU,XIC
TFU,ACX
TFU,XNN
TFU,XAI
TFU,WUT
TFU,XUZ
TFU,ENY
TFU,YNZ
TFU,YTY
TFU,YNT
TFU,YIH
TFU,YIC
TFU,INC
TFU,YIN
TFU,YIW
TFU,YLX
TFU,UYN
TFU,YCU
TFU,YUS
TFU,ZHA
TFU,CGO
TFU,ZHY
TFU,ZUH
TFU,WMT
TFU,ZYI
TFU,CAI
TFU,ADD
TFU,HEL
TFU,FRA
TFU,HKG
TFU,BLR
TFU,MAA
TFU,DEL
TFU,BOM
TFU,CGK
TFU,FCO
TFU,KIX
TFU,NRT
TFU,FRU
TFU,VTE
TFU,MFM
TFU,KUL
TFU,MLE
TFU,KTM
TFU,MPH
TFU,MNL
TFU,DOH
TFU,SVO
TFU,LED
TFU,SIN
TFU,ICN
TFU,CMB
TFU,TSA
TFU,TPE
TFU,DMK
TFU,BKK
TFU,CNX
TFU,USM
TFU,HKT
TFU,IST
TFU,DXB
TFU,LHR
TFU,LAX
TFU,TAS
TFU,HAN
TFU,SGN
TFU,CXR
THA,TYS
TKY,BME
TKY,KNX
TQO,GDL
TQO,NLU
TQO,MEX
TQO,MTY
TQO,TIJ
TQO,ATL
TQO,CLT
TQO,DFW
TQO,MIA
TQP,BNE
TQP,TSV
TQR,FOG
TRT,BPN
TRT,UPG
TTO,STP
TTX,DRW
TTX,UBU
TWA,DLG
TWA,TOG
TYD,BQS
TYQ,ASE
TYQ,BFL
TYQ,BRL
TYQ,DAL
TYQ,IND
TYQ,TYS
TYQ,MCN
TYQ,BNA
TZN,NAS
UBN,PEK
UBN,PKX
UBN,HLD
UBN,HET
UBN,NZH
UBN,XIY
UBN,FRA
UBN,HKG
UBN,NRT
UBN,ALA
UBN,LTI
UBN,DLZ
UBN,HVD
UBN,MXV
UBN,ULG
UBN,ULO
UBN,ULZ
UBN,IKT
UBN,KJA
UBN,UUD
UBN,PUS
UBN,ICN
UBN,IST
UBN,HAN
UBU,KNX
UBU,MIH
UES,BMI
UES,FLD
UES,GGG
UES,MKE
UES,BNA
UES,QQN
UIT,MAJ
UKE,BBI
UKE,RPR
UKH,MCT
UNU,AEL
UVI,CWB
VDF,CHA
VDF,FXE
VDF,OPF
VDF,MCO
VDF,HPN
VIP,GRO
VJI,RIC
VJI,SUA
VPG,ASV
VPG,UKA
WAZ,BNE
WAZ,QBA
WAZ,CSI
WAZ,OOL
WAZ,QBR
WAZ,WAZ
WCD,LNO
WCD,PER
WDB,CGK
WDB,MDC
WDG,OKC
WDG,RWI
WHA,PKX
WHA,CSX
WHA,TFU
WHA,CKG
WHA,DLC
WHA,FUO
WHA,CAN
WHA,KWE
WHA,HAK
WHA,NNG
WHA,TAO
WHA,SZX
WHA,TSN
WHA,WEH
WHA,WNZ
WHA,XIY
WHA,XMN
WHA,CGO
WHA,HSN
WHA,ZUH
WHB,PER
WHD,KTN
WJA,MAJ
WLE,BNE
WLP,BME
WLP,BQB
WLP,OOD
WLP,PER
WPL,CXH
WRN,PER
WSK,CKG
WSK,CAN
WSK,SZX
WTE,MAJ
WTO,LML
WUD,CVC
WUD,KBY
WUI,PER
WVL,BGR
WVL,BED
WZA,ACC
WZA,TML
XCO,MBW
XCO,SHT
XPR,APA
XPR,RAP
XPR,FSD
YAQ,YGG
YAQ,CXH
YFI,YYC
YFI,YEG
YHS,ZNA
YHS,CXH
YHS,YVR
YLX,PEK
YLX,CSX
YLX,TFU
YLX,HGH
YTW,HTN
YTW,KRL
YTW,URC
ZZO,NGK
ZZO,UUS
