ZZ,UAB,RMS
ZZ,UAH,NHV
ZZ,UAH,UAP
ZZ,UAK,CPH
ZZ,UAK,SFJ
ZZ,UAK,JNS
ZZ,UAK,GOH
ZZ,UAK,JFR
ZZ,UAK,JJU
ZZ,UAM,UAM
ZZ,UAM,DNA
ZZ,UAM,CRK
ZZ,UAP,NHV
ZZ,UAP,UAH
ZZ,UAQ,AEP
ZZ,UAQ,EZE
ZZ,UAQ,COR
ZZ,UAS,ANA
ZZ,UAS,HKR
ZZ,UAS,MRE
ZZ,UAS,KEU
ZZ,UAS,WIL
ZZ,UAS,NYK
ZZ,UAS,OSJ
ZZ,UAS,OLG
ZZ,UAS,OLX
ZZ,UAS,MDR
ZZ,UBA,CNF
ZZ,UBA,CGH
ZZ,UBB,NLF
ZZ,UBB,HID
ZZ,UBJ,HND
ZZ,UBP,DMK
ZZ,UBP,BKK
ZZ,UCB,TSN
ZZ,UCB,XIY
ZZ,UCT,SVO
ZZ,UCT,VKO
ZZ,UCT,LED
ZZ,UDD,MRY
ZZ,UDD,PSC
ZZ,UDD,SJC
ZZ,UDD,STS
ZZ,UDI,CNF
ZZ,UDI,VCP
ZZ,UDI,FOR
ZZ,UDI,JPA
ZZ,UDI,MCZ
ZZ,UDI,NAT
ZZ,UDI,BPS
ZZ,UDI,REC
ZZ,UDI,CGH
ZZ,UDI,GRU
ZZ,UDR,AMD
ZZ,UDR,BLR
ZZ,UDR,BHO
ZZ,UDR,DEL
ZZ,UDR,HYD
ZZ,UDR,IDR
ZZ,UDR,JAI
ZZ,UDR,BOM
ZZ,UDR,STV
ZZ,UEL,BEW
ZZ,UEL,MPM
ZZ,UEL,TET
ZZ,UEO,OKA
ZZ,UET,ISB
ZZ,UET,KHI
ZZ,UET,LHE
ZZ,UET,DXB
ZZ,UET,SHJ
ZZ,UFA,EVN
ZZ,UFA,GYD
ZZ,UFA,MSQ
ZZ,UFA,SSH
ZZ,UFA,ALA
ZZ,UFA,OSS
ZZ,UFA,ASF
ZZ,UFA,IAA
ZZ,UFA,IKT
ZZ,UFA,KZN
ZZ,UFA,KEJ
ZZ,UFA,HMA
ZZ,UFA,KGP
ZZ,UFA,KJA
ZZ,UFA,MCX
ZZ,UFA,MRV
ZZ,UFA,DME
ZZ,UFA,SVO
ZZ,UFA,VKO
ZZ,UFA,NYM
ZZ,UFA,NNM
ZZ,UFA,NJC
ZZ,UFA,NSK
ZZ,UFA,NOZ
ZZ,UFA,OVB
ZZ,UFA,NUX
ZZ,UFA,NOJ
ZZ,UFA,OMS
ZZ,UFA,SLY
ZZ,UFA,GSV
ZZ,UFA,AER
ZZ,UFA,LED
ZZ,UFA,SGC
ZZ,UFA,TLK
ZZ,UFA,TJM
ZZ,UFA,USK
ZZ,UFA,VOG
ZZ,UFA,IAR
ZZ,UFA,SVX
ZZ,UFA,DYU
ZZ,UFA,LBD
ZZ,UFA,HKT
ZZ,UFA,AYT
ZZ,UFA,IST
ZZ,UFA,DXB
ZZ,UFA,SHJ
ZZ,UFA,FEG
ZZ,UFA,NMA
ZZ,UFA,SKD
ZZ,UFA,TAS
ZZ,UGC,GYD
ZZ,UGC,MCX
ZZ,UGC,DME
ZZ,UGC,SVO
ZZ,UGC,VKO
ZZ,UGC,ZIA
ZZ,UGC,LED
ZZ,UGC,IST
ZZ,UGC,BHK
ZZ,UGC,TAS
ZZ,UGI,KWP
ZZ,UGN,MDW
ZZ,UGN,FLD
ZZ,UGN,MHK
ZZ,UGN,MSP
ZZ,UGN,APF
ZZ,UGN,ECP
ZZ,UGN,SAV
ZZ,UGN,BFI
ZZ,UHE,NCE
ZZ,UIB,APO
ZZ,UIB,BOG
ZZ,UIB,CLO
ZZ,UIB,EOH
ZZ,UIB,NQU
ZZ,UIH,HAN
ZZ,UIH,SGN
ZZ,UII,RTB
ZZ,UII,SAP
ZZ,UIN,ATW
ZZ,UIN,BRL
ZZ,UIN,MDW
ZZ,UIN,ORD
ZZ,UIN,TYQ
ZZ,UIN,SUS
ZZ,UIN,STL
ZZ,UIO,EZE
ZZ,UIO,BOG
ZZ,UIO,MDE
ZZ,UIO,SJO
ZZ,UIO,CUE
ZZ,UIO,OCC
ZZ,UIO,GYE
ZZ,UIO,LOH
ZZ,UIO,MEC
ZZ,UIO,ETR
ZZ,UIO,GPS
ZZ,UIO,SAL
ZZ,UIO,MEX
ZZ,UIO,AMS
ZZ,UIO,BLB
ZZ,UIO,PTY
ZZ,UIO,LIM
ZZ,UIO,BQN
ZZ,UIO,MAD
ZZ,UIO,ATL
ZZ,UIO,FLL
ZZ,UIO,IAH
ZZ,UIO,MIA
ZZ,UIO,JFK
ZZ,UIO,MCO
ZZ,UIO,CCS
ZZ,UJE,KWA
ZZ,UKA,ASV
ZZ,UKA,MYD
ZZ,UKA,MBA
ZZ,UKA,NBO
ZZ,UKA,WIL
ZZ,UKB,AOJ
ZZ,UKB,HNA
ZZ,UKB,KOJ
ZZ,UKB,KCZ
ZZ,UKB,MMJ
ZZ,UKB,NGS
ZZ,UKB,OKA
ZZ,UKB,IBR
ZZ,UKB,CTS
ZZ,UKB,SDJ
ZZ,UKB,SHI
ZZ,UKB,HND
ZZ,UKG,YKS
ZZ,UKI,SMF
ZZ,UKI,MHR
ZZ,UKI,SFO
ZZ,UKI,STS
ZZ,UKK,ALA
ZZ,UKK,NQZ
ZZ,UKK,OVB
ZZ,UKX,IKT
ZZ,ULB,CCV
ZZ,ULB,PBJ
ZZ,ULG,UBN
ZZ,ULH,AMM
ZZ,ULH,DOH
ZZ,ULH,DMM
ZZ,ULH,JED
ZZ,ULH,RUH
ZZ,ULH,DXB
ZZ,ULK,IKT
ZZ,ULK,KJA
ZZ,ULK,YKS
ZZ,ULO,MXV
ZZ,ULO,UBN
ZZ,ULP,CTL
ZZ,ULP,WNR
ZZ,ULV,SVO
ZZ,ULV,VKO
ZZ,ULV,OVB
ZZ,ULV,AER
ZZ,ULV,LED
ZZ,ULV,SVX
ZZ,ULZ,UBN
ZZ,UMD,IKE
ZZ,UMD,JAV
ZZ,UMD,NIQ
ZZ,UMD,JQA
ZZ,UMD,JUK
ZZ,UME,GEV
ZZ,UME,LLA
ZZ,UME,OSD
ZZ,UME,ARN
ZZ,UME,BMA
ZZ,UMU,CWB
ZZ,UNA,CNF
ZZ,UNA,CGH
ZZ,UNG,DAU
ZZ,UNG,HGU
ZZ,UNG,POM
ZZ,UNK,ANC
ZZ,UNK,OME
ZZ,UNK,SKK
ZZ,UNK,SMK
ZZ,UNN,DMK
ZZ,UOX,PDK
ZZ,UOX,DTN
ZZ,UOX,SUS
ZZ,UPG,AMQ
ZZ,UPG,BPN
ZZ,UPG,BDJ
ZZ,UPG,BTW
ZZ,UPG,BUW
ZZ,UPG,BIK
ZZ,UPG,BMU
ZZ,UPG,DPS
ZZ,UPG,GTO
ZZ,UPG,CGK
ZZ,UPG,DJJ
ZZ,UPG,KDI
ZZ,UPG,KXB
ZZ,UPG,KOE
ZZ,UPG,LOP
ZZ,UPG,LUW
ZZ,UPG,MJU
ZZ,UPG,MDC
ZZ,UPG,MKW
ZZ,UPG,MKQ
ZZ,UPG,MOH
ZZ,UPG,LLO
ZZ,UPG,PLW
ZZ,UPG,AAP
ZZ,UPG,KSR
ZZ,UPG,SRG
ZZ,UPG,SOQ
ZZ,UPG,SUB
ZZ,UPG,TTE
ZZ,UPG,TIM
ZZ,UPG,TRT
ZZ,UPG,YIA
ZZ,UPG,KUL
ZZ,UPG,JED
ZZ,UPG,SIN
ZZ,UPK,JUV
ZZ,UPN,NLU
ZZ,UPN,TIJ
ZZ,UPN,LAX
ZZ,URA,FRA
ZZ,URA,SCO
ZZ,URA,ALA
ZZ,URA,NQZ
ZZ,URA,GUW
ZZ,URA,HSA
ZZ,URC,KBL
ZZ,URC,GYD
ZZ,URC,AKU
ZZ,URC,AAT
ZZ,URC,ACF
ZZ,URC,PEK
ZZ,URC,PKX
ZZ,URC,BPL
ZZ,URC,KJI
ZZ,URC,CSX
ZZ,URC,CTU
ZZ,URC,TFU
ZZ,URC,CKG
ZZ,URC,EHU
ZZ,URC,FUG
ZZ,URC,FYN
ZZ,URC,GYS
ZZ,URC,CAN
ZZ,URC,KWE
ZZ,URC,HMI
ZZ,URC,HGH
ZZ,URC,HFE
ZZ,URC,HET
ZZ,URC,HTN
ZZ,URC,JGN
ZZ,URC,TNA
ZZ,URC,KRY
ZZ,URC,KHG
ZZ,URC,KRL
ZZ,URC,KMG
ZZ,URC,KCA
ZZ,URC,LHW
ZZ,URC,LYA
ZZ,URC,LZO
ZZ,URC,MIG
ZZ,URC,KHN
ZZ,URC,NAO
ZZ,URC,NKG
ZZ,URC,NNY
ZZ,URC,TAO
ZZ,URC,RQA
ZZ,URC,SYX
ZZ,URC,QSZ
ZZ,URC,SHA
ZZ,URC,PVG
ZZ,URC,SHE
ZZ,URC,SZX
ZZ,URC,SJW
ZZ,URC,TCG
ZZ,URC,TYN
ZZ,URC,TSN
ZZ,URC,TWC
ZZ,URC,WUH
ZZ,URC,XIY
ZZ,URC,XNN
ZZ,URC,NLT
ZZ,URC,YBP
ZZ,URC,YIH
ZZ,URC,INC
ZZ,URC,YIN
ZZ,URC,YCU
ZZ,URC,YTW
ZZ,URC,CGO
ZZ,URC,ZHY
ZZ,URC,TBS
ZZ,URC,IKA
ZZ,URC,ALA
ZZ,URC,NQZ
ZZ,URC,FRU
ZZ,URC,ISB
ZZ,URC,LHE
ZZ,URC,SVO
ZZ,URC,DYU
ZZ,URC,ASB
ZZ,URC,TAS
ZZ,URE,TLL
ZZ,URG,POA
ZZ,URJ,HMA
ZZ,URJ,TJM
ZZ,URJ,SVX
ZZ,URS,MRV
ZZ,URS,VKO
ZZ,URS,LED
ZZ,URT,DMK
ZZ,URT,BKK
ZZ,URT,CNX
ZZ,URY,JED
ZZ,URY,RUH
ZZ,USA,VJI
ZZ,USA,PDK
ZZ,USA,QQY
ZZ,USA,CHS
ZZ,USA,CAE
ZZ,USA,USA
ZZ,USA,FLL
ZZ,USA,GPT
ZZ,USA,CRG
ZZ,USA,TYS
ZZ,USA,LZU
ZZ,USA,MKE
ZZ,USA,MLU
ZZ,USA,APF
ZZ,USA,SFB
ZZ,USA,PGD
ZZ,USA,SHV
ZZ,USA,PIE
ZZ,USA,SVH
ZZ,USA,TEB
ZZ,USA,TIX
ZZ,USA,PBI
ZZ,USA,INT
ZZ,USA,YNG
ZZ,USH,AEP
ZZ,USH,EZE
ZZ,USH,COR
ZZ,USH,FTE
ZZ,USH,REL
ZZ,USJ,TDK
ZZ,USK,UUA
ZZ,USK,VKO
ZZ,USK,PEE
ZZ,USK,SCW
ZZ,USK,UFA
ZZ,USM,TFU
ZZ,USM,HKG
ZZ,USM,SIN
ZZ,USM,DMK
ZZ,USM,BKK
ZZ,USM,CNX
ZZ,USM,KBV
ZZ,USM,HKT
ZZ,USM,UTP
ZZ,USN,CJU
ZZ,USN,GMP
ZZ,USR,YKS
ZZ,UST,PDK
ZZ,UST,JZI
ZZ,UST,CLT
ZZ,UST,CMH
ZZ,UST,FXE
ZZ,UST,FLL
ZZ,UST,LFT
ZZ,UST,MLB
ZZ,UST,OLV
ZZ,UST,PNS
ZZ,UST,SAV
ZZ,UST,QSJ
ZZ,UST,UST
ZZ,UST,PIE
ZZ,UST,TPA
ZZ,UST,VRB
ZZ,UST,HPN
ZZ,USU,CRK
ZZ,USU,CEB
ZZ,USU,ENI
ZZ,USU,MNL
ZZ,UTH,DMK
ZZ,UTH,BKK
ZZ,UTH,CNX
ZZ,UTH,HDY
ZZ,UTI,TMP
ZZ,UTK,MAJ
ZZ,UTN,CPT
ZZ,UTN,JNB
ZZ,UTP,LHW
ZZ,UTP,KHV
ZZ,UTP,VKO
ZZ,UTP,NOZ
ZZ,UTP,OVB
ZZ,UTP,TOF
ZZ,UTP,SVX
ZZ,UTP,CNX
ZZ,UTP,USM
ZZ,UTP,HKT
ZZ,UTP,DXB
ZZ,UTS,SCW
ZZ,UTT,JNB
ZZ,UUA,DME
ZZ,UUA,VKO
ZZ,UUA,NJC
ZZ,UUA,NUX
ZZ,UUA,NOJ
ZZ,UUA,SGC
ZZ,UUA,USK
ZZ,UUD,UBN
ZZ,UUD,IKT
ZZ,UUD,KHV
ZZ,UUD,KJA
ZZ,UUD,KYZ
ZZ,UUD,DME
ZZ,UUD,SVO
ZZ,UUD,OVB
ZZ,UUD,TOF
ZZ,UUD,VVO
ZZ,UUD,UUS
ZZ,UUK,ANC
ZZ,UUS,HRB
ZZ,UUS,BQS
ZZ,UUS,HTA
ZZ,UUS,ITU
ZZ,UUS,KHV
ZZ,UUS,KJA
ZZ,UUS,SVO
ZZ,UUS,OVB
ZZ,UUS,OHH
ZZ,UUS,PKC
ZZ,UUS,EKS
ZZ,UUS,GVN
ZZ,UUS,UUD
ZZ,UUS,VVO
ZZ,UUS,DEE
ZZ,UUS,ZZO
ZZ,UUS,ICN
ZZ,UVA,AUS
ZZ,UVA,SRQ
ZZ,UVE,LIF
ZZ,UVE,GEA
ZZ,UVF,YYZ
ZZ,UVF,GND
ZZ,UVF,GEO
ZZ,UVF,SVD
ZZ,UVF,MQS
ZZ,UVF,TAB
ZZ,UVF,LGW
ZZ,UVF,LHR
ZZ,UVF,ATL
ZZ,UVF,BOS
ZZ,UVF,CLT
ZZ,UVF,ORD
ZZ,UVF,MIA
ZZ,UVF,JFK
ZZ,UVF,EWR
ZZ,UVF,MCO
ZZ,UVF,PHL
ZZ,UVF,SAT
ZZ,UYL,ELF
ZZ,UYL,KRT
ZZ,UYN,PEK
ZZ,UYN,PKX
ZZ,UYN,CSX
ZZ,UYN,TFU
ZZ,UYN,CKG
ZZ,UYN,DLC
ZZ,UYN,CAN
ZZ,UYN,KWE
ZZ,UYN,HAK
ZZ,UYN,HGH
ZZ,UYN,HZG
ZZ,UYN,HRB
ZZ,UYN,HET
ZZ,UYN,TNA
ZZ,UYN,JNG
ZZ,UYN,KMG
ZZ,UYN,LHW
ZZ,UYN,NKG
ZZ,UYN,TAO
ZZ,UYN,PVG
ZZ,UYN,SHE
ZZ,UYN,SZX
ZZ,UYN,SJW
ZZ,UYN,TSN
ZZ,UYN,WUH
ZZ,UYN,XIY
ZZ,UYN,YTY
ZZ,UYN,INC
ZZ,UYN,CGO
ZZ,UYN,ICN
ZZ,UYN,BKK
ZZ,UYU,LPB
ZZ,VAA,HEL
ZZ,VAA,LPA
ZZ,VAA,ARN
ZZ,VAF,BOD
ZZ,VAF,GNB
ZZ,VAF,MPL
ZZ,VAF,MAD
ZZ,VAG,CNF
ZZ,VAI,POM
ZZ,VAI,WWK
ZZ,VAK,BET
ZZ,VAK,HPB
ZZ,VAK,SCM
ZZ,VAM,MLE
ZZ,VAN,ADA
ZZ,VAN,ESB
ZZ,VAN,AYT
ZZ,VAN,IST
ZZ,VAN,SAW
ZZ,VAN,ADB
ZZ,VAN,TZX
ZZ,VAO,HIR
ZZ,VAO,EGM
ZZ,VAR,VIE
ZZ,VAR,CRL
ZZ,VAR,SOF
ZZ,VAR,PRG
ZZ,VAR,BER
ZZ,VAR,CGN
ZZ,VAR,FRA
ZZ,VAR,HAM
ZZ,VAR,FMM
ZZ,VAR,TLV
ZZ,VAR,EIN
ZZ,VAR,OSL
ZZ,VAR,GOT
ZZ,VAR,ARN
ZZ,VAR,IST
ZZ,VAR,LTN
ZZ,VAS,IST
ZZ,VAS,SAW
ZZ,VAV,NAN
ZZ,VAV,NTT
ZZ,VAV,TBU
ZZ,VAW,BJF
ZZ,VAW,KKN
ZZ,VAW,VDS
ZZ,VBA,RGN
ZZ,VBP,RGN
ZZ,VBS,BRU
ZZ,VBS,BRI
ZZ,VBS,CAG
ZZ,VBS,CTA
ZZ,VBS,SUF
ZZ,VBS,OLB
ZZ,VBS,AGP
ZZ,VBV,SUV
ZZ,VBY,GOT
ZZ,VBY,LLA
ZZ,VBY,ARN
ZZ,VBY,BMA
ZZ,VCA,TPE
ZZ,VCA,VCS
ZZ,VCA,DAD
ZZ,VCA,HPH
ZZ,VCA,HAN
ZZ,VCA,VII
ZZ,VCD,HOK
ZZ,VCE,TIA
ZZ,VCE,EVN
ZZ,VCE,VIE
ZZ,VCE,BRU
ZZ,VCE,PRG
ZZ,VCE,CPH
ZZ,VCE,BSL
ZZ,VCE,BOD
ZZ,VCE,CMF
ZZ,VCE,LYS
ZZ,VCE,MRS
ZZ,VCE,NTE
ZZ,VCE,NCE
ZZ,VCE,CDG
ZZ,VCE,ORY
ZZ,VCE,BER
ZZ,VCE,CGN
ZZ,VCE,DUS
ZZ,VCE,FRA
ZZ,VCE,HAM
ZZ,VCE,MUC
ZZ,VCE,STR
ZZ,VCE,ATH
ZZ,VCE,DUB
ZZ,VCE,BRI
ZZ,VCE,BDS
ZZ,VCE,CAG
ZZ,VCE,CTA
ZZ,VCE,SUF
ZZ,VCE,LIN
ZZ,VCE,NAP
ZZ,VCE,OLB
ZZ,VCE,PMO
ZZ,VCE,CIA
ZZ,VCE,FCO
ZZ,VCE,LUX
ZZ,VCE,RMO
ZZ,VCE,CMN
ZZ,VCE,AMS
ZZ,VCE,SKP
ZZ,VCE,OSL
ZZ,VCE,WAW
ZZ,VCE,LIS
ZZ,VCE,CLJ
ZZ,VCE,IAS
ZZ,VCE,JED
ZZ,VCE,BEG
ZZ,VCE,LJU
ZZ,VCE,OVD
ZZ,VCE,BCN
ZZ,VCE,BIO
ZZ,VCE,LPA
ZZ,VCE,ACE
ZZ,VCE,MAD
ZZ,VCE,TFS
ZZ,VCE,ARN
ZZ,VCE,GVA
ZZ,VCE,ZRH
ZZ,VCE,TUN
ZZ,VCE,IST
ZZ,VCE,SAW
ZZ,VCE,DXB
ZZ,VCE,BHX
ZZ,VCE,BRS
ZZ,VCE,EDI
ZZ,VCE,LGW
ZZ,VCE,LHR
ZZ,VCE,OXF
ZZ,VCE,STN
ZZ,VCE,MAN
ZZ,VCE,JFK
ZZ,VCL,HAN
ZZ,VCL,SGN
ZZ,VCP,EZE
ZZ,VCP,AJU
ZZ,VCP,ARU
ZZ,VCP,JTC
ZZ,VCP,BEL
ZZ,VCP,CNF
ZZ,VCP,BVB
ZZ,VCP,BSB
ZZ,VCP,CGR
ZZ,VCP,CAW
ZZ,VCP,CAC
ZZ,VCP,CXJ
ZZ,VCP,XAP
ZZ,VCP,EEA
ZZ,VCP,CMG
ZZ,VCP,CGB
ZZ,VCP,CWB
ZZ,VCP,FLN
ZZ,VCP,FOR
ZZ,VCP,IGU
ZZ,VCP,IZA
ZZ,VCP,GYN
ZZ,VCP,GPB
ZZ,VCP,IOS
ZZ,VCP,JJG
ZZ,VCP,JPA
ZZ,VCP,JOI
ZZ,VCP,JDO
ZZ,VCP,LDB
ZZ,VCP,MCZ
ZZ,VCP,MAO
ZZ,VCP,MII
ZZ,VCP,MGF
ZZ,VCP,NAT
ZZ,VCP,NVT
ZZ,VCP,PMW
ZZ,VCP,PFB
ZZ,VCP,PNZ
ZZ,VCP,PGZ
ZZ,VCP,PMG
ZZ,VCP,POA
ZZ,VCP,BPS
ZZ,VCP,PPB
ZZ,VCP,REC
ZZ,VCP,RAO
ZZ,VCP,GIG
ZZ,VCP,SDU
ZZ,VCP,RVD
ZZ,VCP,ROO
ZZ,VCP,SSA
ZZ,VCP,SJP
ZZ,VCP,SLZ
ZZ,VCP,OPS
ZZ,VCP,THE
ZZ,VCP,TJL
ZZ,VCP,UDI
ZZ,VCP,VIX
ZZ,VCP,ull
ZZ,VCP,SCL
ZZ,VCP,BOG
ZZ,VCP,MDE
ZZ,VCP,UIO
ZZ,VCP,ORY
ZZ,VCP,FRA
ZZ,VCP,LUX
ZZ,VCP,MEX
ZZ,VCP,LIM
ZZ,VCP,LIS
ZZ,VCP,FLL
ZZ,VCP,MEM
ZZ,VCP,MIA
ZZ,VCP,MCO
ZZ,VCP,MVD
ZZ,VCS,VCA
ZZ,VCS,HAN
ZZ,VCS,SGN
ZZ,VCT,CUH
ZZ,VCT,FTW
ZZ,VCT,IAH
ZZ,VCT,SCF
ZZ,VCV,ONT
ZZ,VCV,VCV
ZZ,VDC,CNF
ZZ,VDC,SSA
ZZ,VDC,GRU
ZZ,VDE,LPA
ZZ,VDE,TFN
ZZ,VDH,HAN
ZZ,VDH,SGN
ZZ,VDI,QQR
ZZ,VDI,SSI
ZZ,VDI,DAL
ZZ,VDI,VRB
ZZ,VDM,AEP
ZZ,VDM,BRC
ZZ,VDO,SGN
ZZ,VDS,ALF
ZZ,VDS,BJF
ZZ,VDS,KKN
ZZ,VDS,MEH
ZZ,VDS,TOS
ZZ,VDS,VAW
ZZ,VDY,BLR
ZZ,VDY,HYD
ZZ,VDZ,ANC
ZZ,VEE,ARC
ZZ,VEE,FAI
ZZ,VEE,FYU
ZZ,VEL,FMN
ZZ,VEL,MAF
ZZ,VEL,PHX
ZZ,VER,CUN
ZZ,VER,GDL
ZZ,VER,MID
ZZ,VER,NLU
ZZ,VER,MEX
ZZ,VER,MTY
ZZ,VER,REX
ZZ,VER,TAM
ZZ,VER,TIJ
ZZ,VER,VSA
ZZ,VER,IAH
ZZ,VER,MSY
ZZ,VFA,GBE
ZZ,VFA,BBK
ZZ,VFA,NBO
ZZ,VFA,WDH
ZZ,VFA,CPT
ZZ,VFA,JNB
ZZ,VFA,MQP
ZZ,VFA,BUQ
ZZ,VFA,HRE
ZZ,VGA,BLR
ZZ,VGA,MAA
ZZ,VGA,DEL
ZZ,VGA,HYD
ZZ,VGA,CDP
ZZ,VGA,SAG
ZZ,VGA,STV
ZZ,VGA,TIR
ZZ,VGA,VTZ
ZZ,VGA,SHJ
ZZ,VGD,VKO
ZZ,VGD,LED
ZZ,VGD,VUS
ZZ,VGO,ERF
ZZ,VGO,IGS
ZZ,VGO,BCN
ZZ,VGO,BIO
ZZ,VGO,LPA
ZZ,VGO,IBZ
ZZ,VGO,MAD
ZZ,VGO,PMI
ZZ,VGO,SDR
ZZ,VGO,TFN
ZZ,VGO,STN
ZZ,VGT,CDC
ZZ,VGT,RBK
ZZ,VGT,HSH
ZZ,VGT,VGT
ZZ,VGT,PGA
ZZ,VGT,PSP
ZZ,VGT,SBP
ZZ,VGZ,BOG
ZZ,VHC,DUE
ZZ,VHC,LAD
ZZ,VHC,LUO
ZZ,VHM,AJR
ZZ,VHM,LYC
ZZ,VHM,ARN
ZZ,VHY,CHR
ZZ,VHZ,HOI
ZZ,VIE,TIA
ZZ,VIE,EVN
ZZ,VIE,GRZ
ZZ,VIE,INN
ZZ,VIE,KLU
ZZ,VIE,LNZ
ZZ,VIE,SZG
ZZ,VIE,GYD
ZZ,VIE,BRU
ZZ,VIE,CRL
ZZ,VIE,LGG
ZZ,VIE,BNX
ZZ,VIE,SJJ
ZZ,VIE,SOF
ZZ,VIE,VAR
ZZ,VIE,YUL
ZZ,VIE,YYZ
ZZ,VIE,SID
ZZ,VIE,PEK
ZZ,VIE,PVG
ZZ,VIE,DBV
ZZ,VIE,SPU
ZZ,VIE,ZAG
ZZ,VIE,LCA
ZZ,VIE,PFO
ZZ,VIE,QZK
ZZ,VIE,PRG
ZZ,VIE,BLL
ZZ,VIE,CPH
ZZ,VIE,CAI
ZZ,VIE,HRG
ZZ,VIE,RMF
ZZ,VIE,TLL
ZZ,VIE,ADD
ZZ,VIE,HEL
ZZ,VIE,AVN
ZZ,VIE,BSL
ZZ,VIE,CEQ
ZZ,VIE,LYS
ZZ,VIE,MRS
ZZ,VIE,NCE
ZZ,VIE,BVA
ZZ,VIE,CDG
ZZ,VIE,LBG
ZZ,VIE,ORY
ZZ,VIE,KUT
ZZ,VIE,TBS
ZZ,VIE,BER
ZZ,VIE,CGN
ZZ,VIE,DUS
ZZ,VIE,MGL
ZZ,VIE,FRA
ZZ,VIE,HHN
ZZ,VIE,HAM
ZZ,VIE,HAJ
ZZ,VIE,LEJ
ZZ,VIE,MHG
ZZ,VIE,MUC
ZZ,VIE,STR
ZZ,VIE,ATH
ZZ,VIE,CHQ
ZZ,VIE,HER
ZZ,VIE,RHO
ZZ,VIE,SKG
ZZ,VIE,BUD
ZZ,VIE,KEF
ZZ,VIE,DEL
ZZ,VIE,IKA
ZZ,VIE,EBL
ZZ,VIE,DUB
ZZ,VIE,TLV
ZZ,VIE,BRI
ZZ,VIE,BLQ
ZZ,VIE,CTA
ZZ,VIE,FLR
ZZ,VIE,BGY
ZZ,VIE,LIN
ZZ,VIE,MXP
ZZ,VIE,NAP
ZZ,VIE,PMO
ZZ,VIE,FCO
ZZ,VIE,VCE
ZZ,VIE,TSF
ZZ,VIE,AMM
ZZ,VIE,PRN
ZZ,VIE,RIX
ZZ,VIE,VNO
ZZ,VIE,LUX
ZZ,VIE,MLE
ZZ,VIE,MLA
ZZ,VIE,MRU
ZZ,VIE,CUN
ZZ,VIE,RMO
ZZ,VIE,TGD
ZZ,VIE,AGA
ZZ,VIE,RAK
ZZ,VIE,AMS
ZZ,VIE,EIN
ZZ,VIE,OHD
ZZ,VIE,SKP
ZZ,VIE,OSL
ZZ,VIE,TOS
ZZ,VIE,KRK
ZZ,VIE,WAW
ZZ,VIE,FAO
ZZ,VIE,FNC
ZZ,VIE,LIS
ZZ,VIE,OPO
ZZ,VIE,DOH
ZZ,VIE,OTP
ZZ,VIE,CLJ
ZZ,VIE,IAS
ZZ,VIE,SBZ
ZZ,VIE,JED
ZZ,VIE,RUH
ZZ,VIE,BEG
ZZ,VIE,INI
ZZ,VIE,BTS
ZZ,VIE,KSC
ZZ,VIE,ICN
ZZ,VIE,ALC
ZZ,VIE,BCN
ZZ,VIE,BIO
ZZ,VIE,FUE
ZZ,VIE,LPA
ZZ,VIE,ACE
ZZ,VIE,MAD
ZZ,VIE,AGP
ZZ,VIE,PMI
ZZ,VIE,SDR
ZZ,VIE,SVQ
ZZ,VIE,TFS
ZZ,VIE,VLC
ZZ,VIE,GOT
ZZ,VIE,ARN
ZZ,VIE,GVA
ZZ,VIE,ACH
ZZ,VIE,ZRH
ZZ,VIE,TPE
ZZ,VIE,BKK
ZZ,VIE,TUN
ZZ,VIE,ESB
ZZ,VIE,AYT
ZZ,VIE,IST
ZZ,VIE,SAW
ZZ,VIE,ADB
ZZ,VIE,AUH
ZZ,VIE,DXB
ZZ,VIE,DWC
ZZ,VIE,BHX
ZZ,VIE,EDI
ZZ,VIE,LGW
ZZ,VIE,LHR
ZZ,VIE,STN
ZZ,VIE,MAN
ZZ,VIE,ORD
ZZ,VIE,JFK
ZZ,VIE,EWR
ZZ,VIE,IAD
ZZ,VIG,CCS
ZZ,VIG,PMV
ZZ,VII,BMV
ZZ,VII,VCA
ZZ,VII,DLI
ZZ,VII,HAN
ZZ,VII,SGN
ZZ,VIJ,SJU
ZZ,VIJ,STT
ZZ,VIL,ORY
ZZ,VIL,AGA
ZZ,VIL,CMN
ZZ,VIL,EUN
ZZ,VIL,RAK
ZZ,VIL,LPA
ZZ,VIS,CSL
ZZ,VIS,CHS
ZZ,VIS,FAT
ZZ,VIS,HWD
ZZ,VIS,LAX
ZZ,VIS,NUQ
ZZ,VIS,OAK
ZZ,VIS,ONT
ZZ,VIS,UDD
ZZ,VIS,SNA
ZZ,VIS,TRM
ZZ,VIT,BRU
ZZ,VIT,CRL
ZZ,VIT,CDG
ZZ,VIT,CGN
ZZ,VIT,LEJ
ZZ,VIT,BGY
ZZ,VIT,MXP
ZZ,VIT,LIS
ZZ,VIT,OPO
ZZ,VIT,LCG
ZZ,VIT,ALC
ZZ,VIT,AGP
ZZ,VIT,PMI
ZZ,VIT,SCQ
ZZ,VIT,SVQ
ZZ,VIT,VLC
ZZ,VIT,VGO
ZZ,VIT,BHX
ZZ,VIT,EMA
ZZ,VIX,CNF
ZZ,VIX,BSB
ZZ,VIX,VCP
ZZ,VIX,BPS
ZZ,VIX,REC
ZZ,VIX,GIG
ZZ,VIX,SDU
ZZ,VIX,SSA
ZZ,VIX,CGH
ZZ,VIX,GRU
ZZ,VIY,BRU
ZZ,VIY,BOD
ZZ,VIY,LYN
ZZ,VIY,MRS
ZZ,VIY,RNS
ZZ,VIY,STR
ZZ,VKG,SGN
ZZ,VKO,LWN
ZZ,VKO,EVN
ZZ,VKO,GYD
ZZ,VKO,GNJ
ZZ,VKO,GME
ZZ,VKO,MSQ
ZZ,VKO,HAV
ZZ,VKO,HRG
ZZ,VKO,SSH
ZZ,VKO,BUS
ZZ,VKO,TBS
ZZ,VKO,TBZ
ZZ,VKO,IKA
ZZ,VKO,ALA
ZZ,VKO,NQZ
ZZ,VKO,CIT
ZZ,VKO,FRU
ZZ,VKO,OSS
ZZ,VKO,MLE
ZZ,VKO,ASF
ZZ,VKO,BAX
ZZ,VKO,EGO
ZZ,VKO,OGZ
ZZ,VKO,UUA
ZZ,VKO,CSY
ZZ,VKO,CEK
ZZ,VKO,NER
ZZ,VKO,GRV
ZZ,VKO,IKT
ZZ,VKO,KGD
ZZ,VKO,KLF
ZZ,VKO,KZN
ZZ,VKO,KEJ
ZZ,VKO,HMA
ZZ,VKO,KVX
ZZ,VKO,KGP
ZZ,VKO,KRR
ZZ,VKO,KJA
ZZ,VKO,URS
ZZ,VKO,IGT
ZZ,VKO,MCX
ZZ,VKO,MRV
ZZ,VKO,MJZ
ZZ,VKO,MMK
ZZ,VKO,NBC
ZZ,VKO,NYM
ZZ,VKO,NAL
ZZ,VKO,NNM
ZZ,VKO,NJC
ZZ,VKO,OVB
ZZ,VKO,NOJ
ZZ,VKO,OMS
ZZ,VKO,PEE
ZZ,VKO,PES
ZZ,VKO,PKV
ZZ,VKO,KUF
ZZ,VKO,GSV
ZZ,VKO,AER
ZZ,VKO,LED
ZZ,VKO,STW
ZZ,VKO,SGC
ZZ,VKO,SCW
ZZ,VKO,TBW
ZZ,VKO,TOF
ZZ,VKO,TJM
ZZ,VKO,UFA
ZZ,VKO,UCT
ZZ,VKO,ULV
ZZ,VKO,USK
ZZ,VKO,VOG
ZZ,VKO,VGD
ZZ,VKO,VKT
ZZ,VKO,VOZ
ZZ,VKO,YKS
ZZ,VKO,SVX
ZZ,VKO,CMB
ZZ,VKO,DYU
ZZ,VKO,LBD
ZZ,VKO,HKT
ZZ,VKO,UTP
ZZ,VKO,DJE
ZZ,VKO,ESB
ZZ,VKO,AYT
ZZ,VKO,GZP
ZZ,VKO,IST
ZZ,VKO,SAW
ZZ,VKO,ADB
ZZ,VKO,AUH
ZZ,VKO,DXB
ZZ,VKO,DWC
ZZ,VKO,BHK
ZZ,VKO,FEG
ZZ,VKO,KSQ
ZZ,VKO,NMA
ZZ,VKO,NVI
ZZ,VKO,NCU
ZZ,VKO,SKD
ZZ,VKO,TAS
ZZ,VKO,TMJ
ZZ,VKO,UGC
ZZ,VKT,VKO
ZZ,VKT,PEX
ZZ,VKT,SCW
ZZ,VLC,VIE
ZZ,VLC,BRU
ZZ,VLC,CRL
ZZ,VLC,SOF
ZZ,VLC,PRG
ZZ,VLC,LXR
ZZ,VLC,MRS
ZZ,VLC,NTE
ZZ,VLC,NCE
ZZ,VLC,BVA
ZZ,VLC,CDG
ZZ,VLC,LBG
ZZ,VLC,ORY
ZZ,VLC,TLS
ZZ,VLC,BER
ZZ,VLC,QCH
ZZ,VLC,CGN
ZZ,VLC,DUS
ZZ,VLC,FRA
ZZ,VLC,HAM
ZZ,VLC,FKB
ZZ,VLC,FMM
ZZ,VLC,MUC
ZZ,VLC,NUE
ZZ,VLC,STR
ZZ,VLC,BUD
ZZ,VLC,ORK
ZZ,VLC,DUB
ZZ,VLC,BRI
ZZ,VLC,BLQ
ZZ,VLC,BGY
ZZ,VLC,MXP
ZZ,VLC,NAP
ZZ,VLC,PMO
ZZ,VLC,PSA
ZZ,VLC,FCO
ZZ,VLC,TRS
ZZ,VLC,TRN
ZZ,VLC,TSF
ZZ,VLC,VRN
ZZ,VLC,MLA
ZZ,VLC,AGA
ZZ,VLC,CMN
ZZ,VLC,FEZ
ZZ,VLC,RAK
ZZ,VLC,TNG
ZZ,VLC,AMS
ZZ,VLC,EIN
ZZ,VLC,RTM
ZZ,VLC,KRK
ZZ,VLC,WAW
ZZ,VLC,WMI
ZZ,VLC,WRO
ZZ,VLC,LIS
ZZ,VLC,OPO
ZZ,VLC,OTP
ZZ,VLC,CLJ
ZZ,VLC,TSR
ZZ,VLC,BEG
ZZ,VLC,LCG
ZZ,VLC,ALC
ZZ,VLC,OVD
ZZ,VLC,BJZ
ZZ,VLC,BCN
ZZ,VLC,BIO
ZZ,VLC,LPA
ZZ,VLC,IBZ
ZZ,VLC,ACE
ZZ,VLC,MAD
ZZ,VLC,QYM
ZZ,VLC,MAH
ZZ,VLC,AGP
ZZ,VLC,PMI
ZZ,VLC,SLM
ZZ,VLC,EAS
ZZ,VLC,SDR
ZZ,VLC,SCQ
ZZ,VLC,SVQ
ZZ,VLC,TFN
ZZ,VLC,TFS
ZZ,VLC,VLL
ZZ,VLC,VIT
ZZ,VLC,ARN
ZZ,VLC,GVA
ZZ,VLC,ZRH
ZZ,VLC,IST
ZZ,VLC,ISL
ZZ,VLC,DXB
ZZ,VLC,BFS
ZZ,VLC,BHX
ZZ,VLC,BRS
ZZ,VLC,EDI
ZZ,VLC,LGW
ZZ,VLC,LHR
ZZ,VLC,STN
ZZ,VLC,MAN
ZZ,VLD,TZN
ZZ,VLD,SJU
ZZ,VLD,ATL
ZZ,VLD,LZU
ZZ,VLD,ORL
ZZ,VLD,SAV
ZZ,VLI,BNE
ZZ,VLI,MEL
ZZ,VLI,SYD
ZZ,VLI,NAN
ZZ,VLI,NOU
ZZ,VLI,AKL
ZZ,VLI,HIR
ZZ,VLI,CCV
ZZ,VLI,IPA
ZZ,VLI,LPM
ZZ,VLI,LNB
ZZ,VLI,LOD
ZZ,VLI,LNE
ZZ,VLI,SON
ZZ,VLI,NUS
ZZ,VLI,SWJ
ZZ,VLI,TAH
ZZ,VLI,PBJ
ZZ,VLL,LEI
ZZ,VLL,BCN
ZZ,VLL,LPA
ZZ,VLL,PMI
ZZ,VLL,TFN
ZZ,VLL,VLC
ZZ,VLN,BOG
ZZ,VLN,SDQ
ZZ,VLN,PTY
ZZ,VLN,BLA
ZZ,VLN,MAR
ZZ,VLN,PMV
ZZ,VLN,PZO
ZZ,VLN,STD
ZZ,VLV,CCS
ZZ,VNC,AVL
ZZ,VNC,YIP
ZZ,VNC,ETS
ZZ,VNC,FXE
ZZ,VNC,FLL
ZZ,VNC,FMY
ZZ,VNC,IMM
ZZ,VNC,QQQ
ZZ,VNC,EYW
ZZ,VNC,TYS
ZZ,VNC,MSN
ZZ,VNC,APF
ZZ,VNC,SRQ
ZZ,VNC,PIE
ZZ,VNC,TLH
ZZ,VNC,TPA
ZZ,VNE,RNS
ZZ,VNO,VIE
ZZ,VNO,BRU
ZZ,VNO,LCA
ZZ,VNO,BLL
ZZ,VNO,CPH
ZZ,VNO,HRG
ZZ,VNO,SSH
ZZ,VNO,TLL
ZZ,VNO,HEL
ZZ,VNO,GNB
ZZ,VNO,BVA
ZZ,VNO,CDG
ZZ,VNO,KUT
ZZ,VNO,BER
ZZ,VNO,BRE
ZZ,VNO,DTM
ZZ,VNO,FRA
ZZ,VNO,LEJ
ZZ,VNO,MUC
ZZ,VNO,NUE
ZZ,VNO,RMS
ZZ,VNO,DUB
ZZ,VNO,BGY
ZZ,VNO,MXP
ZZ,VNO,PSA
ZZ,VNO,FCO
ZZ,VNO,TRN
ZZ,VNO,TSF
ZZ,VNO,RIX
ZZ,VNO,MLA
ZZ,VNO,AMS
ZZ,VNO,EIN
ZZ,VNO,OSL
ZZ,VNO,WAW
ZZ,VNO,WMI
ZZ,VNO,FNC
ZZ,VNO,BCN
ZZ,VNO,LPA
ZZ,VNO,AGP
ZZ,VNO,TFS
ZZ,VNO,HRI
ZZ,VNO,JKG
ZZ,VNO,ARN
ZZ,VNO,ZRH
ZZ,VNO,IST
ZZ,VNO,DXB
ZZ,VNO,LCY
ZZ,VNO,LTN
ZZ,VNO,STN
ZZ,VNS,AMD
ZZ,VNS,BLR
ZZ,VNS,BBI
ZZ,VNS,MAA
ZZ,VNS,DEL
ZZ,VNS,HYD
ZZ,VNS,CCU
ZZ,VNS,LKO
ZZ,VNS,BOM
ZZ,VNS,PAT
ZZ,VNS,PNQ
ZZ,VNS,KTM
ZZ,VNS,SHJ
ZZ,VNX,INH
ZZ,VNX,MPM
ZZ,VNX,JNB
ZZ,VNY,NAS
ZZ,VNY,ull
ZZ,VNY,YYZ
ZZ,VNY,PVR
ZZ,VNY,SJD
ZZ,VNY,TIJ
ZZ,VNY,ASE
ZZ,VNY,PDK
ZZ,VNY,AUS
ZZ,VNY,BFL
ZZ,VNY,BGR
ZZ,VNY,BZN
ZZ,VNY,SSI
ZZ,VNY,BUR
ZZ,VNY,MDW
ZZ,VNY,LUK
ZZ,VNY,CLL
ZZ,VNY,COU
ZZ,VNY,EGE
ZZ,VNY,ELP
ZZ,VNY,FLL
ZZ,VNY,FUL
ZZ,VNY,SUN
ZZ,VNY,MDT
ZZ,VNY,HWD
ZZ,VNY,JAC
ZZ,VNY,FCA
ZZ,VNY,EYW
ZZ,VNY,LAS
ZZ,VNY,HSH
ZZ,VNY,LVK
ZZ,VNY,LAX
ZZ,VNY,MYV
ZZ,VNY,MIA
ZZ,VNY,NUQ
ZZ,VNY,OAK
ZZ,VNY,ONT
ZZ,VNY,MCO
ZZ,VNY,OXR
ZZ,VNY,UDD
ZZ,VNY,PNE
ZZ,VNY,AZA
ZZ,VNY,PHX
ZZ,VNY,PVD
ZZ,VNY,PVU
ZZ,VNY,PUW
ZZ,VNY,RNO
ZZ,VNY,RAL
ZZ,VNY,RIW
ZZ,VNY,SAC
ZZ,VNY,MCC
ZZ,VNY,SLC
ZZ,VNY,SAN
ZZ,VNY,CLD
ZZ,VNY,SFO
ZZ,VNY,SJC
ZZ,VNY,SNA
ZZ,VNY,SBA
ZZ,VNY,SAF
ZZ,VNY,SMO
ZZ,VNY,SCF
ZZ,VNY,BFI
ZZ,VNY,SGU
ZZ,VNY,TEB
ZZ,VNY,TRM
ZZ,VNY,TKF
ZZ,VNY,AVW
ZZ,VNY,VNY
ZZ,VNY,VCV
ZZ,VNY,IAD
ZZ,VNY,PBI
ZZ,VOG,EVN
ZZ,VOG,GYD
ZZ,VOG,SSH
ZZ,VOG,CEK
ZZ,VOG,MRV
ZZ,VOG,DME
ZZ,VOG,SVO
ZZ,VOG,VKO
ZZ,VOG,OVB
ZZ,VOG,LED
ZZ,VOG,SGC
ZZ,VOG,TJM
ZZ,VOG,UFA
ZZ,VOG,SVX
ZZ,VOG,IST
ZZ,VOG,DXB
ZZ,VOG,DWC
ZZ,VOZ,KGD
ZZ,VOZ,VKO
ZZ,VOZ,LED
ZZ,VPE,LAD
ZZ,VPN,THO
ZZ,VPS,ATL
ZZ,VPS,BWI
ZZ,VPS,BLV
ZZ,VPS,XNA
ZZ,VPS,BHM
ZZ,VPS,CLT
ZZ,VPS,MDW
ZZ,VPS,ORD
ZZ,VPS,CVG
ZZ,VPS,LCK
ZZ,VPS,DFW
ZZ,VPS,DAL
ZZ,VPS,VPS
ZZ,VPS,GRR
ZZ,VPS,HOU
ZZ,VPS,IND
ZZ,VPS,MCI
ZZ,VPS,LAS
ZZ,VPS,MSP
ZZ,VPS,BNA
ZZ,VPS,EWR
ZZ,VPS,STL
ZZ,VPS,DCA
ZZ,VPS,ICT
ZZ,VPY,MPM
ZZ,VPZ,MDW
ZZ,VPZ,GRB
ZZ,VPZ,LWV
ZZ,VPZ,MKG
ZZ,VQQ,YYZ
ZZ,VQQ,BHM
ZZ,VQQ,BCB
ZZ,VQQ,CSG
ZZ,VQQ,DAB
ZZ,VQQ,GNV
ZZ,VQQ,ISM
ZZ,VQQ,OCF
ZZ,VQQ,ORL
ZZ,VQS,SJU
ZZ,VRA,YYC
ZZ,VRA,YDF
ZZ,VRA,YEG
ZZ,VRA,YHZ
ZZ,VRA,YHM
ZZ,VRA,YXU
ZZ,VRA,YQM
ZZ,VRA,YUL
ZZ,VRA,YOW
ZZ,VRA,YQB
ZZ,VRA,YQR
ZZ,VRA,YXE
ZZ,VRA,YYT
ZZ,VRA,YQT
ZZ,VRA,YYZ
ZZ,VRA,YVR
ZZ,VRA,YKF
ZZ,VRA,YQG
ZZ,VRA,YWG
ZZ,VRA,PUJ
ZZ,VRA,FRA
ZZ,VRA,CUN
ZZ,VRA,WAW
ZZ,VRA,SVO
ZZ,VRA,MAN
ZZ,VRA,MIA
ZZ,VRB,BWI
ZZ,VRB,BCT
ZZ,VRB,QQF
ZZ,VRB,DAB
ZZ,VRB,APA
ZZ,VRB,FXE
ZZ,VRB,GSO
ZZ,VRB,IND
ZZ,VRB,ISP
ZZ,VRB,SDF
ZZ,VRB,MEM
ZZ,VRB,TMB
ZZ,VRB,APF
ZZ,VRB,MCO
ZZ,VRB,PPM
ZZ,VRB,PVD
ZZ,VRB,SBA
ZZ,VRB,SRQ
ZZ,VRB,SPG
ZZ,VRB,TEB
ZZ,VRB,VNC
ZZ,VRB,VRB
ZZ,VRB,VDI
ZZ,VRB,PBI
ZZ,VRB,HPN
ZZ,VRB,BDL
ZZ,VRC,MNL
ZZ,VRL,BGC
ZZ,VRL,VSE
ZZ,VRN,TIA
ZZ,VRN,BVC
ZZ,VRN,PRG
ZZ,VRN,CPH
ZZ,VRN,LRM
ZZ,VRN,RMF
ZZ,VRN,SSH
ZZ,VRN,NTE
ZZ,VRN,LBG
ZZ,VRN,ORY
ZZ,VRN,TBS
ZZ,VRN,BER
ZZ,VRN,FRA
ZZ,VRN,MUC
ZZ,VRN,DUB
ZZ,VRN,TLV
ZZ,VRN,BRI
ZZ,VRN,BDS
ZZ,VRN,CAG
ZZ,VRN,CTA
ZZ,VRN,CIY
ZZ,VRN,SUF
ZZ,VRN,BGY
ZZ,VRN,MXP
ZZ,VRN,NAP
ZZ,VRN,OLB
ZZ,VRN,PMO
ZZ,VRN,PSA
ZZ,VRN,CIA
ZZ,VRN,FCO
ZZ,VRN,MBA
ZZ,VRN,RIX
ZZ,VRN,RMO
ZZ,VRN,AMS
ZZ,VRN,GDN
ZZ,VRN,POZ
ZZ,VRN,WAW
ZZ,VRN,DSS
ZZ,VRN,BEG
ZZ,VRN,BCN
ZZ,VRN,FUE
ZZ,VRN,LPA
ZZ,VRN,MAD
ZZ,VRN,VLC
ZZ,VRN,GVA
ZZ,VRN,ZRH
ZZ,VRN,BHX
ZZ,VRN,GLA
ZZ,VRN,LGW
ZZ,VRN,STN
ZZ,VRN,MAN
ZZ,VRY,BOO
ZZ,VSA,CUN
ZZ,VSA,GDL
ZZ,VSA,MID
ZZ,VSA,NLU
ZZ,VSA,MEX
ZZ,VSA,MTY
ZZ,VSA,TIJ
ZZ,VSA,VER
ZZ,VSE,BGC
ZZ,VSE,CAT
ZZ,VSE,VRL
ZZ,VST,BMA
ZZ,VST,VST
ZZ,VST,STN
ZZ,VTE,PNH
ZZ,VTE,CSX
ZZ,VTE,CZX
ZZ,VTE,TFU
ZZ,VTE,CKG
ZZ,VTE,CAN
ZZ,VTE,HAK
ZZ,VTE,HGH
ZZ,VTE,KMG
ZZ,VTE,NNG
ZZ,VTE,NTG
ZZ,VTE,NGB
ZZ,VTE,PVG
ZZ,VTE,XIY
ZZ,VTE,LXG
ZZ,VTE,LPQ
ZZ,VTE,ODY
ZZ,VTE,PKZ
ZZ,VTE,PCQ
ZZ,VTE,NEU
ZZ,VTE,ZVK
ZZ,VTE,ZBY
ZZ,VTE,XKH
ZZ,VTE,SIN
ZZ,VTE,PUS
ZZ,VTE,MWX
ZZ,VTE,ICN
ZZ,VTE,DMK
ZZ,VTE,BKK
ZZ,VTE,HAN
ZZ,VTE,SGN
ZZ,VTN,BIL
ZZ,VTN,OMA
ZZ,VTN,FSD
ZZ,VTZ,BLR
ZZ,VTZ,MAA
ZZ,VTZ,DEL
ZZ,VTZ,HYD
ZZ,VTZ,PYB
ZZ,VTZ,CDP
ZZ,VTZ,CCU
ZZ,VTZ,KJB
ZZ,VTZ,BOM
ZZ,VTZ,IXZ
ZZ,VTZ,PNQ
ZZ,VTZ,TIR
ZZ,VTZ,VGA
ZZ,VTZ,SIN
ZZ,VUP,BAQ
ZZ,VUP,BOG
ZZ,VUP,EOH
ZZ,VUS,CEE
ZZ,VUS,VGD
ZZ,VVC,BOG
ZZ,VVC,CLO
ZZ,VVC,EOH
ZZ,VVC,MVP
ZZ,VVC,PEI
ZZ,VVC,PCR
ZZ,VVC,MSK
ZZ,VVC,PDA
ZZ,VVI,AEP
ZZ,VVI,EZE
ZZ,VVI,SLA
ZZ,VVI,CIJ
ZZ,VVI,CBB
ZZ,VVI,LPB
ZZ,VVI,ORU
ZZ,VVI,RIB
ZZ,VVI,SRE
ZZ,VVI,TJA
ZZ,VVI,TDD
ZZ,VVI,GRU
ZZ,VVI,SCL
ZZ,VVI,BOG
ZZ,VVI,HAV
ZZ,VVI,PTY
ZZ,VVI,ASU
ZZ,VVI,LIM
ZZ,VVI,MAD
ZZ,VVI,MIA
ZZ,VVI,CCS
ZZ,VVO,PKX
ZZ,VVO,DLC
ZZ,VVO,HRB
ZZ,VVO,BQS
ZZ,VVO,HTA
ZZ,VVO,NER
ZZ,VVO,DHG
ZZ,VVO,IKT
ZZ,VVO,KVR
ZZ,VVO,KHV
ZZ,VVO,KJA
ZZ,VVO,SVO
ZZ,VVO,OVB
ZZ,VVO,PKC
ZZ,VVO,TLY
ZZ,VVO,NEI
ZZ,VVO,UUD
ZZ,VVO,YKS
ZZ,VVO,SVX
ZZ,VVO,UUS
ZZ,VVO,BKK
ZZ,VVO,HKT
ZZ,VVO,UTP
ZZ,VVO,TAS
ZZ,VVZ,ALG
ZZ,VVZ,DJG
ZZ,VVZ,ELU
ZZ,VVZ,GHA
ZZ,VVZ,OGX
ZZ,VVZ,TMR
ZZ,VXC,APL
ZZ,VXE,SID
ZZ,VXE,RAI
ZZ,VXE,SNE
ZZ,VXE,CDG
ZZ,VXE,RAK
ZZ,VXE,LIS
ZZ,VXO,GDN
ZZ,VXO,ALC
ZZ,VXO,LPA
ZZ,VXO,KID
ZZ,VXO,ARN
ZZ,VXO,BMA
ZZ,WAA,KTS
ZZ,WAA,OME
ZZ,WAA,TNC
ZZ,WAE,JED
ZZ,WAE,RUH
ZZ,WAG,AKL
ZZ,WAW,TIA
ZZ,WAW,EVN
ZZ,WAW,VIE
ZZ,WAW,GYD
ZZ,WAW,BRU
ZZ,WAW,CRL
ZZ,WAW,SJJ
ZZ,WAW,SOF
ZZ,WAW,YYZ
ZZ,WAW,SID
ZZ,WAW,PEK
ZZ,WAW,ZAG
ZZ,WAW,VRA
ZZ,WAW,LCA
ZZ,WAW,PFO
ZZ,WAW,OSR
ZZ,WAW,PRG
ZZ,WAW,BLL
ZZ,WAW,CPH
ZZ,WAW,CAI
ZZ,WAW,HRG
ZZ,WAW,RMF
ZZ,WAW,SSH
ZZ,WAW,TLL
ZZ,WAW,HEL
ZZ,WAW,KAO
ZZ,WAW,BSL
ZZ,WAW,CMF
ZZ,WAW,GNB
ZZ,WAW,LME
ZZ,WAW,NCE
ZZ,WAW,CDG
ZZ,WAW,ORY
ZZ,WAW,KUT
ZZ,WAW,TBS
ZZ,WAW,BER
ZZ,WAW,CGN
ZZ,WAW,DUS
ZZ,WAW,MGL
ZZ,WAW,FRA
ZZ,WAW,HAM
ZZ,WAW,LEJ
ZZ,WAW,MUC
ZZ,WAW,RMS
ZZ,WAW,STR
ZZ,WAW,ATH
ZZ,WAW,BUD
ZZ,WAW,KEF
ZZ,WAW,DEL
ZZ,WAW,BOM
ZZ,WAW,TLV
ZZ,WAW,BRI
ZZ,WAW,BLQ
ZZ,WAW,CTA
ZZ,WAW,BGY
ZZ,WAW,MXP
ZZ,WAW,NAP
ZZ,WAW,FCO
ZZ,WAW,TRN
ZZ,WAW,VCE
ZZ,WAW,VRN
ZZ,WAW,NRT
ZZ,WAW,NQZ
ZZ,WAW,RIX
ZZ,WAW,VNO
ZZ,WAW,LUX
ZZ,WAW,MLA
ZZ,WAW,CUN
ZZ,WAW,RMO
ZZ,WAW,TGD
ZZ,WAW,RAK
ZZ,WAW,AMS
ZZ,WAW,EIN
ZZ,WAW,SKP
ZZ,WAW,OSL
ZZ,WAW,TRF
ZZ,WAW,BZG
ZZ,WAW,GDN
ZZ,WAW,KTW
ZZ,WAW,KRK
ZZ,WAW,LUZ
ZZ,WAW,SZY
ZZ,WAW,POZ
ZZ,WAW,RZE
ZZ,WAW,SZZ
ZZ,WAW,WRO
ZZ,WAW,IEG
ZZ,WAW,FNC
ZZ,WAW,LIS
ZZ,WAW,DOH
ZZ,WAW,OTP
ZZ,WAW,CLJ
ZZ,WAW,BEG
ZZ,WAW,BTS
ZZ,WAW,KSC
ZZ,WAW,LJU
ZZ,WAW,ICN
ZZ,WAW,ALC
ZZ,WAW,BCN
ZZ,WAW,FUE
ZZ,WAW,LPA
ZZ,WAW,ACE
ZZ,WAW,MAD
ZZ,WAW,AGP
ZZ,WAW,PMI
ZZ,WAW,SVQ
ZZ,WAW,TFS
ZZ,WAW,VLC
ZZ,WAW,GOT
ZZ,WAW,ARN
ZZ,WAW,NYO
ZZ,WAW,GVA
ZZ,WAW,ZRH
ZZ,WAW,ZNZ
ZZ,WAW,BKK
ZZ,WAW,DJE
ZZ,WAW,ESB
ZZ,WAW,AYT
ZZ,WAW,IST
ZZ,WAW,ADB
ZZ,WAW,AUH
ZZ,WAW,DXB
ZZ,WAW,DWC
ZZ,WAW,BHX
ZZ,WAW,LBA
ZZ,WAW,LPL
ZZ,WAW,LHR
ZZ,WAW,LTN
ZZ,WAW,MAN
ZZ,WAW,ORD
ZZ,WAW,MIA
ZZ,WAW,JFK
ZZ,WAW,EWR
ZZ,WAW,SJC
ZZ,WAW,TAS
ZZ,WAW,PMV
ZZ,WBB,EMK
ZZ,WBB,OME
ZZ,WBB,UNK
ZZ,WBM,HGU
ZZ,WBM,POM
ZZ,WBQ,FAI
ZZ,WDH,LAD
ZZ,WDH,ADD
ZZ,WDH,FRA
ZZ,WDH,CPT
ZZ,WDH,JNB
ZZ,WDH,VFA
ZZ,WDS,PEK
ZZ,WDS,PKX
ZZ,WDS,TFU
ZZ,WDS,CKG
ZZ,WDS,DLC
ZZ,WDS,CAN
ZZ,WDS,HGH
ZZ,WDS,KMG
ZZ,WDS,JJN
ZZ,WDS,PVG
ZZ,WDS,SZX
ZZ,WDS,TYN
ZZ,WDS,XMN
ZZ,WEF,CGQ
ZZ,WEF,CSX
ZZ,WEF,TFU
ZZ,WEF,DLC
ZZ,WEF,EHU
ZZ,WEF,HAK
ZZ,WEF,HGH
ZZ,WEF,HRB
ZZ,WEF,NKG
ZZ,WEF,SHE
ZZ,WEF,SZX
ZZ,WEF,XIY
ZZ,WEH,PEK
ZZ,WEH,PKX
ZZ,WEH,CGQ
ZZ,WEH,TFU
ZZ,WEH,DLC
ZZ,WEH,DZH
ZZ,WEH,CAN
ZZ,WEH,HGH
ZZ,WEH,HRB
ZZ,WEH,HFE
ZZ,WEH,JMU
ZZ,WEH,TNA
ZZ,WEH,LYA
ZZ,WEH,NKG
ZZ,WEH,NGB
ZZ,WEH,SHA
ZZ,WEH,PVG
ZZ,WEH,SHE
ZZ,WEH,WHA
ZZ,WEH,YNZ
ZZ,WEH,YIH
ZZ,WEH,KIX
ZZ,WEH,NRT
ZZ,WEH,ICN
ZZ,WEI,BNE
ZZ,WEI,CNS
ZZ,WEI,CUQ
ZZ,WGA,ABX
ZZ,WGA,BNE
ZZ,WGA,CMD
ZZ,WGA,MEL
ZZ,WGA,PKE
ZZ,WGA,SYD
ZZ,WGA,WGA
ZZ,WGE,DBO
ZZ,WGE,LHG
ZZ,WGN,PEK
ZZ,WGN,CSX
ZZ,WGN,CKG
ZZ,WGN,HAK
ZZ,WGN,XIY
ZZ,WGP,DPS
ZZ,WGP,KOE
ZZ,WHK,AKL
ZZ,WIC,ABZ
ZZ,WIE,WRO
ZZ,WIL,ASV
ZZ,WIL,ANA
ZZ,WIL,EDL
ZZ,WIL,GAS
ZZ,WIL,GGM
ZZ,WIL,KIS
ZZ,WIL,LAU
ZZ,WIL,LOK
ZZ,WIL,MYD
ZZ,WIL,NDE
ZZ,WIL,HKR
ZZ,WIL,MRE
ZZ,WIL,KEU
ZZ,WIL,MBA
ZZ,WIL,NYK
ZZ,WIL,OSJ
ZZ,WIL,OLG
ZZ,WIL,OLX
ZZ,WIL,UAS
ZZ,WIL,UKA
ZZ,WIL,VPG
ZZ,WIL,WJR
ZZ,WIL,KMU
ZZ,WIL,JRO
ZZ,WIL,ZNZ
ZZ,WIL,MDR
ZZ,WIN,LRE
ZZ,WIN,TSV
ZZ,WIO,BHQ
ZZ,WJF,ONT
ZZ,WJR,ASV
ZZ,WJR,NBO
ZZ,WJR,WIL
ZZ,WJU,CJU
ZZ,WKA,CHC
ZZ,WKJ,CTS
ZZ,WKJ,HND
ZZ,WLG,BNE
ZZ,WLG,OOL
ZZ,WLG,MEL
ZZ,WLG,SYD
ZZ,WLG,NAN
ZZ,WLG,AKL
ZZ,WLG,BHE
ZZ,WLG,CHT
ZZ,WLG,CHC
ZZ,WLG,DUD
ZZ,WLG,GIS
ZZ,WLG,HLZ
ZZ,WLG,IVC
ZZ,WLG,NPE
ZZ,WLG,NSN
ZZ,WLG,NPL
ZZ,WLG,PCN
ZZ,WLG,ZQN
ZZ,WLG,ROT
ZZ,WLG,TUO
ZZ,WLG,TRG
ZZ,WLG,TIU
ZZ,WLG,WSZ
ZZ,WLH,SON
ZZ,WLK,IAN
ZZ,WLK,OTZ
ZZ,WLS,NAN
ZZ,WLS,NOU
ZZ,WLS,FUT
ZZ,WMB,XCO
ZZ,WME,PER
ZZ,WMI,TIA
ZZ,WMI,CRL
ZZ,WMI,PFO
ZZ,WMI,CPH
ZZ,WMI,BVA
ZZ,WMI,CGN
ZZ,WMI,ATH
ZZ,WMI,SKG
ZZ,WMI,BUD
ZZ,WMI,DUB
ZZ,WMI,BRI
ZZ,WMI,BLQ
ZZ,WMI,CAG
ZZ,WMI,CTA
ZZ,WMI,BGY
ZZ,WMI,PSR
ZZ,WMI,PSA
ZZ,WMI,CIA
ZZ,WMI,TSF
ZZ,WMI,MLA
ZZ,WMI,EIN
ZZ,WMI,TRF
ZZ,WMI,FAO
ZZ,WMI,LIS
ZZ,WMI,ALC
ZZ,WMI,BCN
ZZ,WMI,MAD
ZZ,WMI,AGP
ZZ,WMI,TFS
ZZ,WMI,VLC
ZZ,WMI,ARN
ZZ,WMI,BHX
ZZ,WMI,BRS
ZZ,WMI,LBA
ZZ,WMI,STN
ZZ,WMN,TNR
ZZ,WMN,TMM
ZZ,WMO,GLV
ZZ,WMO,OME
ZZ,WMT,PEK
ZZ,WMT,CSX
ZZ,WMT,TFU
ZZ,WMT,CKG
ZZ,WMT,CAN
ZZ,WMT,KWE
ZZ,WMT,HAK
ZZ,WMT,HGH
ZZ,WMT,HFE
ZZ,WMT,SWA
ZZ,WMT,TNA
ZZ,WMT,JHG
ZZ,WMT,KMG
ZZ,WMT,KHN
ZZ,WMT,NKG
ZZ,WMT,NGB
ZZ,WMT,JJN
ZZ,WMT,SYX
ZZ,WMT,SHA
ZZ,WMT,PVG
ZZ,WMT,SZX
ZZ,WMT,TSN
ZZ,WMT,WUH
ZZ,WMT,XIY
ZZ,WMT,XMN
ZZ,WMT,INC
ZZ,WMT,YIW
ZZ,WMT,ZHA
ZZ,WMT,CGO
ZZ,WMT,ZUH
ZZ,WMX,DJJ
ZZ,WMX,TIM
ZZ,WNA,BET
ZZ,WNA,KUK
ZZ,WNH,PKX
ZZ,WNH,TFU
ZZ,WNH,CKG
ZZ,WNH,CAN
ZZ,WNH,KMG
ZZ,WNH,PVG
ZZ,WNH,SZX
ZZ,WNN,YTL
ZZ,WNN,KIF
ZZ,WNN,YXL
ZZ,WNN,SUR
ZZ,WNP,CEB
ZZ,WNP,MNL
ZZ,WNR,BVI
ZZ,WNR,ULP
ZZ,WNZ,AQG
ZZ,WNZ,PEK
ZZ,WNZ,PKX
ZZ,WNZ,CGQ
ZZ,WNZ,CSX
ZZ,WNZ,CTU
ZZ,WNZ,TFU
ZZ,WNZ,CKG
ZZ,WNZ,DLC
ZZ,WNZ,DAT
ZZ,WNZ,DOY
ZZ,WNZ,ENH
ZZ,WNZ,EHU
ZZ,WNZ,FUO
ZZ,WNZ,FUG
ZZ,WNZ,CAN
ZZ,WNZ,KWL
ZZ,WNZ,KWE
ZZ,WNZ,HAK
ZZ,WNZ,HDG
ZZ,WNZ,HZG
ZZ,WNZ,HRB
ZZ,WNZ,HFE
ZZ,WNZ,HNY
ZZ,WNZ,JGS
ZZ,WNZ,SWA
ZZ,WNZ,TNA
ZZ,WNZ,SHS
ZZ,WNZ,KMG
ZZ,WNZ,LHW
ZZ,WNZ,LYI
ZZ,WNZ,LZH
ZZ,WNZ,LZO
ZZ,WNZ,MIG
ZZ,WNZ,NAO
ZZ,WNZ,NKG
ZZ,WNZ,NNG
ZZ,WNZ,JIQ
ZZ,WNZ,TAO
ZZ,WNZ,SYX
ZZ,WNZ,PVG
ZZ,WNZ,SHE
ZZ,WNZ,SZX
ZZ,WNZ,SJW
ZZ,WNZ,TYN
ZZ,WNZ,TSN
ZZ,WNZ,TEN
ZZ,WNZ,WUH
ZZ,WNZ,WHA
ZZ,WNZ,XIY
ZZ,WNZ,XMN
ZZ,WNZ,XFN
ZZ,WNZ,ACX
ZZ,WNZ,XAI
ZZ,WNZ,YTY
ZZ,WNZ,YNT
ZZ,WNZ,YBP
ZZ,WNZ,YIH
ZZ,WNZ,YIC
ZZ,WNZ,YCU
ZZ,WNZ,CGO
ZZ,WNZ,ZUH
ZZ,WNZ,ZYI
ZZ,WNZ,HKG
ZZ,WNZ,MXP
ZZ,WNZ,FCO
ZZ,WNZ,MNL
ZZ,WNZ,ICN
ZZ,WNZ,MAD
ZZ,WNZ,BKK
ZZ,WOL,BNE
ZZ,WOL,MEL
ZZ,WOL,SYD
ZZ,WPR,PUQ
ZZ,WPU,PUQ
ZZ,WRE,AKL
ZZ,WRG,JNU
ZZ,WRG,KTN
ZZ,WRG,PSG
ZZ,WRL,COD
ZZ,WRO,CRL
ZZ,WRO,SOF
ZZ,WRO,LCA
ZZ,WRO,PFO
ZZ,WRO,BVA
ZZ,WRO,LBG
ZZ,WRO,CGN
ZZ,WRO,QCO
ZZ,WRO,DTM
ZZ,WRO,FRA
ZZ,WRO,MUC
ZZ,WRO,QCV
ZZ,WRO,ATH
ZZ,WRO,DUB
ZZ,WRO,SNN
ZZ,WRO,BLQ
ZZ,WRO,BGY
ZZ,WRO,NAP
ZZ,WRO,PMO
ZZ,WRO,PSA
ZZ,WRO,FCO
ZZ,WRO,TSF
ZZ,WRO,MLA
ZZ,WRO,TGD
ZZ,WRO,AGA
ZZ,WRO,AMS
ZZ,WRO,EIN
ZZ,WRO,TRF
ZZ,WRO,GDN
ZZ,WRO,KTW
ZZ,WRO,WAW
ZZ,WRO,LIS
ZZ,WRO,OPO
ZZ,WRO,CND
ZZ,WRO,ICN
ZZ,WRO,ALC
ZZ,WRO,BCN
ZZ,WRO,GRO
ZZ,WRO,AGP
ZZ,WRO,PMI
ZZ,WRO,TFS
ZZ,WRO,VLC
ZZ,WRO,ZRH
ZZ,WRO,BHX
ZZ,WRO,BOH
ZZ,WRO,BRS
ZZ,WRO,EDI
ZZ,WRO,GLA
ZZ,WRO,LBA
ZZ,WRO,LPL
ZZ,WRO,LTN
ZZ,WRO,STN
ZZ,WRO,MAN
ZZ,WRO,NCL
ZZ,WRO,EMA
ZZ,WRT,AKT
ZZ,WRT,MUC
ZZ,WRT,QCY
ZZ,WRZ,CMB
ZZ,WSN,DLG
ZZ,WSN,AKN
ZZ,WST,BID
ZZ,WSY,RMA
ZZ,WSZ,WLG
ZZ,WTB,BNE
ZZ,WTB,CTL
ZZ,WTB,MEL
ZZ,WTB,SGO
ZZ,WTB,SYD
ZZ,WTB,WTB
ZZ,WTB,TSV
ZZ,WTB,HKG
ZZ,WTK,KVL
ZZ,WTK,OTZ
ZZ,WTL,BET
ZZ,WTL,KKH
ZZ,WUA,PEK
ZZ,WUA,PKX
ZZ,WUA,TFU
ZZ,WUA,CIF
ZZ,WUA,CKG
ZZ,WUA,HET
ZZ,WUA,TNA
ZZ,WUA,WUH
ZZ,WUA,XIY
ZZ,WUA,XIL
ZZ,WUA,CGO
ZZ,WUH,SYD
ZZ,WUH,AKA
ZZ,WUH,BAV
ZZ,WUH,BHY
ZZ,WUH,PEK
ZZ,WUH,PKX
ZZ,WUH,BFJ
ZZ,WUH,CGQ
ZZ,WUH,CSX
ZZ,WUH,CIH
ZZ,WUH,CDE
ZZ,WUH,CTU
ZZ,WUH,TFU
ZZ,WUH,CKG
ZZ,WUH,DLU
ZZ,WUH,DLC
ZZ,WUH,DAT
ZZ,WUH,DZH
ZZ,WUH,DOY
ZZ,WUH,ENH
ZZ,WUH,FOC
ZZ,WUH,CAN
ZZ,WUH,KWE
ZZ,WUH,HAK
ZZ,WUH,HGH
ZZ,WUH,HRB
ZZ,WUH,HZA
ZZ,WUH,HET
ZZ,WUH,HIA
ZZ,WUH,HYN
ZZ,WUH,HUZ
ZZ,WUH,SWA
ZZ,WUH,TNA
ZZ,WUH,JIC
ZZ,WUH,JHG
ZZ,WUH,JNZ
ZZ,WUH,KMG
ZZ,WUH,LHW
ZZ,WUH,LXA
ZZ,WUH,LJG
ZZ,WUH,LFQ
ZZ,WUH,LYI
ZZ,WUH,LZH
ZZ,WUH,LZO
ZZ,WUH,LLV
ZZ,WUH,LUM
ZZ,WUH,MIG
ZZ,WUH,NAO
ZZ,WUH,NKG
ZZ,WUH,NNG
ZZ,WUH,NGB
ZZ,WUH,DSN
ZZ,WUH,TAO
ZZ,WUH,BAR
ZZ,WUH,JJN
ZZ,WUH,RIZ
ZZ,WUH,SYX
ZZ,WUH,SHA
ZZ,WUH,PVG
ZZ,WUH,SHE
ZZ,WUH,SZX
ZZ,WUH,TYN
ZZ,WUH,TCZ
ZZ,WUH,TSN
ZZ,WUH,URC
ZZ,WUH,WNZ
ZZ,WUH,WUA
ZZ,WUH,WUX
ZZ,WUH,XIY
ZZ,WUH,XMN
ZZ,WUH,ACX
ZZ,WUH,XNN
ZZ,WUH,ENY
ZZ,WUH,YNZ
ZZ,WUH,YNT
ZZ,WUH,YBP
ZZ,WUH,INC
ZZ,WUH,YIW
ZZ,WUH,UYN
ZZ,WUH,YCU
ZZ,WUH,YZY
ZZ,WUH,ZHA
ZZ,WUH,ZHY
ZZ,WUH,HSN
ZZ,WUH,ZUH
ZZ,WUH,WMT
ZZ,WUH,ZYI
ZZ,WUH,ADD
ZZ,WUH,FRA
ZZ,WUH,HKG
ZZ,WUH,KIX
ZZ,WUH,NRT
ZZ,WUH,MFM
ZZ,WUH,BKI
ZZ,WUH,SIN
ZZ,WUH,ICN
ZZ,WUH,KHH
ZZ,WUH,TSA
ZZ,WUH,TPE
ZZ,WUH,DMK
ZZ,WUH,BKK
ZZ,WUH,DXB
ZZ,WUH,LHR
ZZ,WUH,SFO
ZZ,WUH,HAN
ZZ,WUN,LER
ZZ,WUN,MKR
ZZ,WUN,PER
ZZ,WUS,PEK
ZZ,WUS,PKX
ZZ,WUS,TFU
ZZ,WUS,CAN
ZZ,WUS,TNA
ZZ,WUS,TAO
ZZ,WUS,SZX
ZZ,WUS,XMN
ZZ,WUT,TFU
ZZ,WUT,CKG
ZZ,WUT,CAN
ZZ,WUT,HRB
ZZ,WUT,HET
ZZ,WUT,KMG
ZZ,WUT,NNG
ZZ,WUT,PVG
ZZ,WUT,SHE
ZZ,WUT,TSN
ZZ,WUX,PEK
ZZ,WUX,PKX
ZZ,WUX,CGQ
ZZ,WUX,CSX
ZZ,WUX,CTU
ZZ,WUX,TFU
ZZ,WUX,CKG
ZZ,WUX,DLC
ZZ,WUX,EHU
ZZ,WUX,FOC
ZZ,WUX,CAN
ZZ,WUX,KWE
ZZ,WUX,HAK
ZZ,WUX,HGH
ZZ,WUX,HRB
ZZ,WUX,HNY
ZZ,WUX,HET
ZZ,WUX,HUZ
ZZ,WUX,KMG
ZZ,WUX,LJG
ZZ,WUX,LZO
ZZ,WUX,NNG
ZZ,WUX,TAO
ZZ,WUX,JJN
ZZ,WUX,SYX
ZZ,WUX,SHE
ZZ,WUX,SZX
ZZ,WUX,TYN
ZZ,WUX,TSN
ZZ,WUX,TEN
ZZ,WUX,WUH
ZZ,WUX,WHA
ZZ,WUX,XIY
ZZ,WUX,XMN
ZZ,WUX,XFN
ZZ,WUX,XUZ
ZZ,WUX,YNT
ZZ,WUX,YBP
ZZ,WUX,YKH
ZZ,WUX,YIN
ZZ,WUX,YCU
ZZ,WUX,CGO
ZZ,WUX,ZUH
ZZ,WUX,HKG
ZZ,WUX,KIX
ZZ,WUX,MFM
ZZ,WUX,MNL
ZZ,WUX,ZIA
ZZ,WUX,SIN
ZZ,WUX,ICN
ZZ,WUX,HAN
ZZ,WUX,CXR
ZZ,WUZ,PKX
ZZ,WUZ,CSX
ZZ,WUZ,TFU
ZZ,WUZ,CKG
ZZ,WUZ,FOC
ZZ,WUZ,LHW
ZZ,WUZ,TVS
ZZ,WVB,HLE
ZZ,WVB,CPT
ZZ,WVB,JNB
ZZ,WVI,SMO
ZZ,WVN,LIN
ZZ,WWK,MAS
ZZ,WWK,MAG
ZZ,WWK,HGU
ZZ,WWK,POM
ZZ,WWK,VAI
ZZ,WWT,BET
ZZ,WWT,NME
ZZ,WXN,PEK
ZZ,WXN,CSX
ZZ,WXN,CAN
ZZ,WXN,KWE
ZZ,WXN,HAK
ZZ,WXN,HFE
ZZ,WXN,JHG
ZZ,WXN,JNG
ZZ,WXN,KMG
ZZ,WXN,LHW
ZZ,WXN,LXA
ZZ,WXN,KHN
ZZ,WXN,NKG
ZZ,WXN,NGB
ZZ,WXN,PVG
ZZ,WXN,SZX
ZZ,WXN,TSN
ZZ,WXN,XIY
ZZ,WXN,XMN
ZZ,WYA,ADL
ZZ,WYA,PPI
ZZ,XAI,TFU
ZZ,XAI,CKG
ZZ,XAI,HAK
ZZ,XAI,HGH
ZZ,XAI,PVG
ZZ,XAI,SZX
ZZ,XAI,WNZ
ZZ,XAI,XIY
ZZ,XAP,VCP
ZZ,XAP,FLN
ZZ,XAP,GRU
ZZ,XBE,MSA
ZZ,XBE,YXL
ZZ,XBE,YAX
ZZ,XBJ,MHD
ZZ,XBJ,THR
ZZ,XCH,PER
ZZ,XCH,CCK
ZZ,XCR,CMF
ZZ,XCR,RAK
ZZ,XCR,OPO
ZZ,XEQ,QUV
ZZ,XFN,PEK
ZZ,XFN,CGQ
ZZ,XFN,TFU
ZZ,XFN,CKG
ZZ,XFN,FOC
ZZ,XFN,CAN
ZZ,XFN,HAK
ZZ,XFN,HGH
ZZ,XFN,HRB
ZZ,XFN,KMG
ZZ,XFN,LHW
ZZ,XFN,LJG
ZZ,XFN,NKG
ZZ,XFN,NNG
ZZ,XFN,NGB
ZZ,XFN,TAO
ZZ,XFN,SHA
ZZ,XFN,SHE
ZZ,XFN,SZX
ZZ,XFN,WNZ
ZZ,XFN,WUX
ZZ,XFN,XIY
ZZ,XFN,INC
ZZ,XFN,ZUH
ZZ,XFN,HKG
ZZ,XFW,TLS
ZZ,XGR,YVP
ZZ,XIC,PEK
ZZ,XIC,PKX
ZZ,XIC,CTU
ZZ,XIC,TFU
ZZ,XIC,DZH
ZZ,XIC,GYS
ZZ,XIC,CAN
ZZ,XIC,KWE
ZZ,XIC,HGH
ZZ,XIC,JHG
ZZ,XIC,LZO
ZZ,XIC,MIG
ZZ,XIC,NNG
ZZ,XIC,NGB
ZZ,XIC,LZY
ZZ,XIC,PVG
ZZ,XIC,SZX
ZZ,XIC,XIY
ZZ,XIL,BAV
ZZ,XIL,RLK
ZZ,XIL,PEK
ZZ,XIL,PKX
ZZ,XIL,CIF
ZZ,XIL,ERL
ZZ,XIL,HLD
ZZ,XIL,HRB
ZZ,XIL,HET
ZZ,XIL,NZH
ZZ,XIL,DSN
ZZ,XIL,SJW
ZZ,XIL,TSN
ZZ,XIL,TGO
ZZ,XIL,HLH
ZZ,XIL,WUA
ZZ,XIL,CGO
ZZ,XIQ,JAV
ZZ,XIQ,JCH
ZZ,XIY,DAC
ZZ,XIY,AKU
ZZ,XIY,AAT
ZZ,XIY,AQG
ZZ,XIY,BAV
ZZ,XIY,RLK
ZZ,XIY,BZX
ZZ,XIY,BHY
ZZ,XIY,PEK
ZZ,XIY,PKX
ZZ,XIY,CGQ
ZZ,XIY,CGD
ZZ,XIY,CSX
ZZ,XIY,CIH
ZZ,XIY,CZX
ZZ,XIY,CTU
ZZ,XIY,TFU
ZZ,XIY,HCZ
ZZ,XIY,CIF
ZZ,XIY,JUH
ZZ,XIY,CKG
ZZ,XIY,DLU
ZZ,XIY,DLC
ZZ,XIY,DQA
ZZ,XIY,DZH
ZZ,XIY,DOY
ZZ,XIY,DNH
ZZ,XIY,ENH
ZZ,XIY,EHU
ZZ,XIY,FUO
ZZ,XIY,FOC
ZZ,XIY,KOW
ZZ,XIY,GOQ
ZZ,XIY,CAN
ZZ,XIY,KWL
ZZ,XIY,KWE
ZZ,XIY,GYU
ZZ,XIY,HAK
ZZ,XIY,HMI
ZZ,XIY,HGH
ZZ,XIY,HRB
ZZ,XIY,HFE
ZZ,XIY,HNY
ZZ,XIY,HZA
ZZ,XIY,HET
ZZ,XIY,HTN
ZZ,XIY,HIA
ZZ,XIY,HJJ
ZZ,XIY,TXN
ZZ,XIY,HYN
ZZ,XIY,HUZ
ZZ,XIY,JGS
ZZ,XIY,JGN
ZZ,XIY,SWA
ZZ,XIY,TNA
ZZ,XIY,JIC
ZZ,XIY,JDZ
ZZ,XIY,JHG
ZZ,XIY,SHS
ZZ,XIY,JIU
ZZ,XIY,KRY
ZZ,XIY,KHG
ZZ,XIY,KRL
ZZ,XIY,KMG
ZZ,XIY,KCA
ZZ,XIY,LHW
ZZ,XIY,LXA
ZZ,XIY,LYG
ZZ,XIY,LJG
ZZ,XIY,LYI
ZZ,XIY,LZH
ZZ,XIY,LZO
ZZ,XIY,LLV
ZZ,XIY,KHN
ZZ,XIY,NKG
ZZ,XIY,NNG
ZZ,XIY,NTG
ZZ,XIY,NNY
ZZ,XIY,NGB
ZZ,XIY,LZY
ZZ,XIY,DSN
ZZ,XIY,PZI
ZZ,XIY,BPX
ZZ,XIY,JIQ
ZZ,XIY,TAO
ZZ,XIY,BAR
ZZ,XIY,JJN
ZZ,XIY,JUZ
ZZ,XIY,RIZ
ZZ,XIY,SQJ
ZZ,XIY,SYX
ZZ,XIY,QSZ
ZZ,XIY,SHA
ZZ,XIY,PVG
ZZ,XIY,HSC
ZZ,XIY,WGN
ZZ,XIY,SHE
ZZ,XIY,SZX
ZZ,XIY,RKZ
ZZ,XIY,SHF
ZZ,XIY,SJW
ZZ,XIY,TCG
ZZ,XIY,TVS
ZZ,XIY,TCZ
ZZ,XIY,TSN
ZZ,XIY,TGO
ZZ,XIY,TEN
ZZ,XIY,TLQ
ZZ,XIY,URC
ZZ,XIY,WXN
ZZ,XIY,WEF
ZZ,XIY,WNZ
ZZ,XIY,WUA
ZZ,XIY,WUH
ZZ,XIY,WHA
ZZ,XIY,WUX
ZZ,XIY,XMN
ZZ,XIY,XFN
ZZ,XIY,XIC
ZZ,XIY,ACX
ZZ,XIY,XNN
ZZ,XIY,XAI
ZZ,XIY,ENY
ZZ,XIY,YNZ
ZZ,XIY,YTY
ZZ,XIY,YNT
ZZ,XIY,YBP
ZZ,XIY,YIH
ZZ,XIY,YIC
ZZ,XIY,INC
ZZ,XIY,YIN
ZZ,XIY,YIW
ZZ,XIY,YYA
ZZ,XIY,UYN
ZZ,XIY,ZQZ
ZZ,XIY,YZY
ZZ,XIY,ZHA
ZZ,XIY,CGO
ZZ,XIY,ZHY
ZZ,XIY,ZUH
ZZ,XIY,WMT
ZZ,XIY,ZYI
ZZ,XIY,PRG
ZZ,XIY,HKG
ZZ,XIY,DEL
ZZ,XIY,CGK
ZZ,XIY,KIX
ZZ,XIY,NRT
ZZ,XIY,ALA
ZZ,XIY,NQZ
ZZ,XIY,FRU
ZZ,XIY,VTE
ZZ,XIY,MFM
ZZ,XIY,KUL
ZZ,XIY,UBN
ZZ,XIY,MDL
ZZ,XIY,SVO
ZZ,XIY,OVB
ZZ,XIY,SIN
ZZ,XIY,ICN
ZZ,XIY,DMK
ZZ,XIY,BKK
ZZ,XIY,HKT
ZZ,XIY,DXB
ZZ,XIY,LHR
ZZ,XIY,TAS
ZZ,XIY,SGN
ZZ,XKH,VTE
ZZ,XKS,YTL
ZZ,XKS,YXL
ZZ,XKS,YQT
ZZ,XKS,YAX
ZZ,XLS,DKR
ZZ,XMH,AHE
ZZ,XMH,PPT
ZZ,XMN,MEL
ZZ,XMN,SYD
ZZ,XMN,PNH
ZZ,XMN,YVR
ZZ,XMN,AQG
ZZ,XMN,PEK
ZZ,XMN,PKX
ZZ,XMN,CGQ
ZZ,XMN,CSX
ZZ,XMN,CIH
ZZ,XMN,CZX
ZZ,XMN,CTU
ZZ,XMN,TFU
ZZ,XMN,CKG
ZZ,XMN,DLC
ZZ,XMN,DZH
ZZ,XMN,DOY
ZZ,XMN,EHU
ZZ,XMN,FUG
ZZ,XMN,CAN
ZZ,XMN,KWL
ZZ,XMN,KWE
ZZ,XMN,HAK
ZZ,XMN,HDG
ZZ,XMN,HGH
ZZ,XMN,HRB
ZZ,XMN,HFE
ZZ,XMN,HNY
ZZ,XMN,HZA
ZZ,XMN,HET
ZZ,XMN,HIA
ZZ,XMN,TXN
ZZ,XMN,JGS
ZZ,XMN,TNA
ZZ,XMN,JDZ
ZZ,XMN,JHG
ZZ,XMN,SHS
ZZ,XMN,JNG
ZZ,XMN,KMG
ZZ,XMN,LHW
ZZ,XMN,LYG
ZZ,XMN,LJG
ZZ,XMN,LYI
ZZ,XMN,LZH
ZZ,XMN,LZO
ZZ,XMN,MIG
ZZ,XMN,KHN
ZZ,XMN,NKG
ZZ,XMN,NNG
ZZ,XMN,NTG
ZZ,XMN,NNY
ZZ,XMN,NGB
ZZ,XMN,TAO
ZZ,XMN,SYX
ZZ,XMN,SHA
ZZ,XMN,PVG
ZZ,XMN,SHE
ZZ,XMN,SJW
ZZ,XMN,WDS
ZZ,XMN,TYN
ZZ,XMN,TSN
ZZ,XMN,TEN
ZZ,XMN,WXN
ZZ,XMN,WNZ
ZZ,XMN,WUH
ZZ,XMN,WHA
ZZ,XMN,WUX
ZZ,XMN,WUS
ZZ,XMN,XIY
ZZ,XMN,XUZ
ZZ,XMN,YNZ
ZZ,XMN,YTY
ZZ,XMN,YNT
ZZ,XMN,YIC
ZZ,XMN,INC
ZZ,XMN,YCU
ZZ,XMN,CGO
ZZ,XMN,HSN
ZZ,XMN,ZUH
ZZ,XMN,WMT
ZZ,XMN,ZYI
ZZ,XMN,CDG
ZZ,XMN,HKG
ZZ,XMN,DPS
ZZ,XMN,CGK
ZZ,XMN,KIX
ZZ,XMN,NRT
ZZ,XMN,LUX
ZZ,XMN,MFM
ZZ,XMN,KUL
ZZ,XMN,PEN
ZZ,XMN,AMS
ZZ,XMN,MNL
ZZ,XMN,DOH
ZZ,XMN,SIN
ZZ,XMN,ICN
ZZ,XMN,KHH
ZZ,XMN,TSA
ZZ,XMN,TPE
ZZ,XMN,DMK
ZZ,XMN,BKK
ZZ,XMN,ANC
ZZ,XMN,LAX
ZZ,XMN,HAN
ZZ,XMN,SGN
ZZ,XMY,CNC
ZZ,XMY,HID
ZZ,XMY,UBB
ZZ,XNA,ATL
ZZ,XNA,CLT
ZZ,XNA,ORD
ZZ,XNA,DFW
ZZ,XNA,DEN
ZZ,XNA,VPS
ZZ,XNA,FLL
ZZ,XNA,GCK
ZZ,XNA,GPT
ZZ,XNA,IAH
ZZ,XNA,MKC
ZZ,XNA,LAS
ZZ,XNA,LAX
ZZ,XNA,MIA
ZZ,XNA,MSP
ZZ,XNA,BNA
ZZ,XNA,MSY
ZZ,XNA,LGA
ZZ,XNA,MCO
ZZ,XNA,SFB
ZZ,XNA,AZA
ZZ,XNA,PHX
ZZ,XNA,SGF
ZZ,XNA,PIE
ZZ,XNA,TPA
ZZ,XNA,DCA
ZZ,XNA,PBI
ZZ,XNN,AKU
ZZ,XNN,PEK
ZZ,XNN,PKX
ZZ,XNN,CSX
ZZ,XNN,CTU
ZZ,XNN,TFU
ZZ,XNN,CKG
ZZ,XNN,HXD
ZZ,XNN,GOQ
ZZ,XNN,GMQ
ZZ,XNN,CAN
ZZ,XNN,KWL
ZZ,XNN,KWE
ZZ,XNN,HBQ
ZZ,XNN,HAK
ZZ,XNN,HDG
ZZ,XNN,HGH
ZZ,XNN,HFE
ZZ,XNN,HTT
ZZ,XNN,JHG
ZZ,XNN,KMG
ZZ,XNN,LXA
ZZ,XNN,LYA
ZZ,XNN,NKG
ZZ,XNN,DSN
ZZ,XNN,PVG
ZZ,XNN,SZX
ZZ,XNN,TYN
ZZ,XNN,URC
ZZ,XNN,WUH
ZZ,XNN,XIY
ZZ,XNN,ENY
ZZ,XNN,INC
ZZ,XNN,YUS
ZZ,XNN,CGO
ZZ,XPL,BOG
ZZ,XPL,SAL
ZZ,XPL,GUA
ZZ,XPL,PTY
ZZ,XPL,MAD
ZZ,XPL,DFW
ZZ,XPL,FLL
ZZ,XPL,IAH
ZZ,XPL,MIA
ZZ,XQP,SJO
ZZ,XRY,PRG
ZZ,XRY,DUS
ZZ,XRY,FRA
ZZ,XRY,HAJ
ZZ,XRY,MUC
ZZ,XRY,STR
ZZ,XRY,BCN
ZZ,XRY,LPA
ZZ,XRY,MAD
ZZ,XRY,PMI
ZZ,XRY,SVQ
ZZ,XRY,TFN
ZZ,XSC,GDT
ZZ,XSC,PLS
ZZ,XSP,PER
ZZ,XSP,BOM
ZZ,XSP,SZB
ZZ,XSP,KCH
ZZ,XSP,RDN
ZZ,XSP,DMK
ZZ,XTG,CMA
ZZ,XUZ,CGQ
ZZ,XUZ,CSX
ZZ,XUZ,TFU
ZZ,XUZ,CKG
ZZ,XUZ,DLC
ZZ,XUZ,EHU
ZZ,XUZ,CAN
ZZ,XUZ,KWE
ZZ,XUZ,HAK
ZZ,XUZ,HRB
ZZ,XUZ,HET
ZZ,XUZ,SWA
ZZ,XUZ,KMG
ZZ,XUZ,KHN
ZZ,XUZ,NNG
ZZ,XUZ,DSN
ZZ,XUZ,JJN
ZZ,XUZ,SYX
ZZ,XUZ,SHE
ZZ,XUZ,SZX
ZZ,XUZ,XMN
ZZ,XUZ,INC
ZZ,XUZ,HSN
ZZ,XUZ,ZUH
ZZ,XWA,DEN
ZZ,XWA,FAR
ZZ,XWA,MSP
ZZ,XWA,PAH
ZZ,YAA,YVR
ZZ,YAB,YFB
ZZ,YAB,YIO
ZZ,YAB,YRB
ZZ,YAC,YVZ
ZZ,YAC,YXL
ZZ,YAG,YQK
ZZ,YAG,YQT
ZZ,YAK,ANC
ZZ,YAK,CDV
ZZ,YAK,JNU
ZZ,YAM,YSB
ZZ,YAM,YQT
ZZ,YAM,YTZ
ZZ,YAM,YYZ
ZZ,YAP,GUM
ZZ,YAT,ZKE
ZZ,YAT,YPO
ZZ,YAT,YTS
ZZ,YAX,XBE
ZZ,YAX,YTL
ZZ,YAX,YER
ZZ,YAX,XKS
ZZ,YAX,YPL
ZZ,YAX,YXL
ZZ,YAY,YBX
ZZ,YAY,YYT
ZZ,YAZ,YVR
ZZ,YBB,YCB
ZZ,YBB,YHK
ZZ,YBB,YRB
ZZ,YBB,YYH
ZZ,YBE,YSF
ZZ,YBG,YUL
ZZ,YBG,YQB
ZZ,YBG,YWK
ZZ,YBG,YQG
ZZ,YBK,YRT
ZZ,YBL,YVR
ZZ,YBP,PEK
ZZ,YBP,PKX
ZZ,YBP,DZH
ZZ,YBP,FOC
ZZ,YBP,CAN
ZZ,YBP,HAK
ZZ,YBP,HGH
ZZ,YBP,HFE
ZZ,YBP,SWA
ZZ,YBP,TNA
ZZ,YBP,KMG
ZZ,YBP,LXA
ZZ,YBP,LJG
ZZ,YBP,NKG
ZZ,YBP,NNG
ZZ,YBP,NGB
ZZ,YBP,TAO
ZZ,YBP,JJN
ZZ,YBP,SYX
ZZ,YBP,PVG
ZZ,YBP,SZX
ZZ,YBP,SJW
ZZ,YBP,TYN
ZZ,YBP,TCZ
ZZ,YBP,TSN
ZZ,YBP,URC
ZZ,YBP,WNZ
ZZ,YBP,WUH
ZZ,YBP,WUX
ZZ,YBP,XIY
ZZ,YBP,CGO
ZZ,YBP,ZUH
ZZ,YBR,YYC
ZZ,YBV,YDV
ZZ,YBX,YYR
ZZ,YBX,YAY
ZZ,YBY,YYC
ZZ,YBY,YEG
ZZ,YCB,YBB
ZZ,YCB,YCO
ZZ,YCB,YYH
ZZ,YCB,YZF
ZZ,YCD,YYC
ZZ,YCD,YLW
ZZ,YCD,YVR
ZZ,YCD,YWG
ZZ,YCG,YVR
ZZ,YCK,YGH
ZZ,YCK,YZF
ZZ,YCO,YCB
ZZ,YCO,YHI
ZZ,YCO,YZF
ZZ,YCS,YRT
ZZ,YCU,PEK
ZZ,YCU,PKX
ZZ,YCU,CGQ
ZZ,YCU,CSX
ZZ,YCU,TFU
ZZ,YCU,CKG
ZZ,YCU,DLC
ZZ,YCU,CAN
ZZ,YCU,KWE
ZZ,YCU,HAK
ZZ,YCU,HGH
ZZ,YCU,HRB
ZZ,YCU,HFE
ZZ,YCU,KMG
ZZ,YCU,NKG
ZZ,YCU,NNG
ZZ,YCU,NGB
ZZ,YCU,SYX
ZZ,YCU,PVG
ZZ,YCU,SHE
ZZ,YCU,SZX
ZZ,YCU,TSN
ZZ,YCU,URC
ZZ,YCU,WNZ
ZZ,YCU,WUH
ZZ,YCU,WUX
ZZ,YCU,XMN
ZZ,YCU,INC
ZZ,YCU,ZUH
ZZ,YCY,YFB
ZZ,YDA,YEV
ZZ,YDA,YOC
ZZ,YDA,YXY
ZZ,YDF,YYR
ZZ,YDF,YHZ
ZZ,YDF,YQM
ZZ,YDF,YUL
ZZ,YDF,YYT
ZZ,YDF,YYZ
ZZ,YDF,VRA
ZZ,YDF,FSP
ZZ,YDP,YYR
ZZ,YDP,YNP
ZZ,YEG,YXX
ZZ,YEG,YYC
ZZ,YEG,YQQ
ZZ,YEG,YPY
ZZ,YEG,YFI
ZZ,YEG,YMM
ZZ,YEG,YQU
ZZ,YEG,YHZ
ZZ,YEG,YOJ
ZZ,YEG,YLW
ZZ,YEG,YUL
ZZ,YEG,YOW
ZZ,YEG,YXS
ZZ,YEG,YQR
ZZ,YEG,YXE
ZZ,YEG,YYZ
ZZ,YEG,YVR
ZZ,YEG,YYJ
ZZ,YEG,YXY
ZZ,YEG,YWG
ZZ,YEG,YZF
ZZ,YEG,VRA
ZZ,YEG,PUJ
ZZ,YEG,MBJ
ZZ,YEG,CUN
ZZ,YEG,HUX
ZZ,YEG,MZT
ZZ,YEG,PVR
ZZ,YEG,SJD
ZZ,YEG,AMS
ZZ,YEG,ANC
ZZ,YEG,CVG
ZZ,YEG,DEN
ZZ,YEG,HNL
ZZ,YEG,OGG
ZZ,YEG,LAS
ZZ,YEG,LAX
ZZ,YEG,MEM
ZZ,YEG,MSP
ZZ,YEG,MCO
ZZ,YEG,PSP
ZZ,YEG,PHX
ZZ,YEG,SFO
ZZ,YEG,SEA
ZZ,YEI,DIY
ZZ,YEI,ERZ
ZZ,YEI,MSR
ZZ,YEI,TZX
ZZ,YEK,YYQ
ZZ,YEK,YRT
ZZ,YER,YXL
ZZ,YER,YAX
ZZ,YES,THR
ZZ,YEV,LAK
ZZ,YEV,YDA
ZZ,YEV,YVQ
ZZ,YEV,YOC
ZZ,YEV,YXY
ZZ,YEV,YZF
ZZ,YFA,ZKE
ZZ,YFA,YMO
ZZ,YFB,YAB
ZZ,YFB,YYC
ZZ,YFB,YTE
ZZ,YFB,YCY
ZZ,YFB,YUX
ZZ,YFB,YGT
ZZ,YFB,YLC
ZZ,YFB,YVP
ZZ,YFB,YMX
ZZ,YFB,YOW
ZZ,YFB,YXP
ZZ,YFB,YIO
ZZ,YFB,YVM
ZZ,YFB,YRT
ZZ,YFB,YRB
ZZ,YFC,YQM
ZZ,YFC,YUL
ZZ,YFC,YOW
ZZ,YFC,YTZ
ZZ,YFC,YYZ
ZZ,YFC,CCC
ZZ,YFC,SNU
ZZ,YFC,PUJ
ZZ,YFC,CUN
ZZ,YFH,YOG
ZZ,YFH,YQT
ZZ,YFJ,YRA
ZZ,YFJ,YZF
ZZ,YFO,YQD
ZZ,YFO,YWG
ZZ,YFS,YHY
ZZ,YFS,YZF
ZZ,YGG,YAQ
ZZ,YGG,CXH
ZZ,YGG,YVR
ZZ,YGH,YCK
ZZ,YGH,YWJ
ZZ,YGH,YVQ
ZZ,YGH,YZF
ZZ,YGJ,HND
ZZ,YGJ,ICN
ZZ,YGK,YHM
ZZ,YGL,YGW
ZZ,YGL,YUL
ZZ,YGL,YPX
ZZ,YGO,ZGI
ZZ,YGP,YGR
ZZ,YGP,YQB
ZZ,YGR,YVB
ZZ,YGR,YGP
ZZ,YGR,YQB
ZZ,YGT,YUX
ZZ,YGT,YFB
ZZ,YGW,YKU
ZZ,YGW,YGL
ZZ,YGW,YUL
ZZ,YGW,YSK
ZZ,YGW,YUD
ZZ,YGX,YTH
ZZ,YGX,YWG
ZZ,YGZ,YRB
ZZ,YHD,YQK
ZZ,YHD,YRL
ZZ,YHD,YQT
ZZ,YHI,YCO
ZZ,YHI,YZF
ZZ,YHK,YBB
ZZ,YHK,YYH
ZZ,YHK,YZF
ZZ,YHM,YYC
ZZ,YHM,YHZ
ZZ,YHM,YQM
ZZ,YHM,YMX
ZZ,YHM,YOW
ZZ,YHM,YVR
ZZ,YHM,YKF
ZZ,YHM,YWG
ZZ,YHM,CCC
ZZ,YHM,HAV
ZZ,YHM,HOG
ZZ,YHM,VRA
ZZ,YHM,POP
ZZ,YHM,PUJ
ZZ,YHM,CGN
ZZ,YHM,KEF
ZZ,YHM,CUN
ZZ,YHM,CVG
ZZ,YHM,SDF
ZZ,YHM,APF
ZZ,YHM,JFK
ZZ,YHM,EWR
ZZ,YHM,MCO
ZZ,YHM,TPA
ZZ,YHO,YNP
ZZ,YHO,YSO
ZZ,YHP,YVZ
ZZ,YHP,YNO
ZZ,YHP,YPM
ZZ,YHP,YRL
ZZ,YHP,YXL
ZZ,YHU,YVB
ZZ,YHU,YQB
ZZ,YHY,YSM
ZZ,YHY,YOJ
ZZ,YHY,YZF
ZZ,YHZ,LGG
ZZ,YHZ,YYC
ZZ,YHZ,YDF
ZZ,YHZ,YEG
ZZ,YHZ,YQX
ZZ,YHZ,YYR
ZZ,YHZ,YHM
ZZ,YHZ,YMX
ZZ,YHZ,YUL
ZZ,YHZ,YOW
ZZ,YHZ,YYT
ZZ,YHZ,YTZ
ZZ,YHZ,YYZ
ZZ,YHZ,CCC
ZZ,YHZ,HOG
ZZ,YHZ,SNU
ZZ,YHZ,VRA
ZZ,YHZ,POP
ZZ,YHZ,PUJ
ZZ,YHZ,CGN
ZZ,YHZ,MBJ
ZZ,YHZ,CUN
ZZ,YHZ,FSP
ZZ,YHZ,LHR
ZZ,YHZ,ANC
ZZ,YHZ,BOS
ZZ,YHZ,ORD
ZZ,YHZ,FLL
ZZ,YHZ,EWR
ZZ,YHZ,MCO
ZZ,YHZ,TPA
ZZ,YIA,BPN
ZZ,YIA,TKG
ZZ,YIA,BDJ
ZZ,YIA,BTH
ZZ,YIA,DPS
ZZ,YIA,HLP
ZZ,YIA,CGK
ZZ,YIA,LOP
ZZ,YIA,UPG
ZZ,YIA,KNO
ZZ,YIA,PLM
ZZ,YIA,PKU
ZZ,YIA,PNK
ZZ,YIA,AAP
ZZ,YIA,KUL
ZZ,YIA,SIN
ZZ,YIC,PEK
ZZ,YIC,TFU
ZZ,YIC,CKG
ZZ,YIC,FOC
ZZ,YIC,KWE
ZZ,YIC,NGB
ZZ,YIC,SYX
ZZ,YIC,SZX
ZZ,YIC,WNZ
ZZ,YIC,XIY
ZZ,YIC,XMN
ZZ,YIE,PKX
ZZ,YIE,HET
ZZ,YIE,NZH
ZZ,YIH,BHY
ZZ,YIH,PEK
ZZ,YIH,PKX
ZZ,YIH,CZX
ZZ,YIH,CTU
ZZ,YIH,TFU
ZZ,YIH,CKG
ZZ,YIH,DLC
ZZ,YIH,FOC
ZZ,YIH,CAN
ZZ,YIH,KWE
ZZ,YIH,HAK
ZZ,YIH,HGH
ZZ,YIH,HRB
ZZ,YIH,HET
ZZ,YIH,HYN
ZZ,YIH,HUZ
ZZ,YIH,SWA
ZZ,YIH,TNA
ZZ,YIH,KMG
ZZ,YIH,LHW
ZZ,YIH,NNG
ZZ,YIH,NTG
ZZ,YIH,NGB
ZZ,YIH,TAO
ZZ,YIH,JJN
ZZ,YIH,SYX
ZZ,YIH,PVG
ZZ,YIH,SHE
ZZ,YIH,SZX
ZZ,YIH,SJW
ZZ,YIH,TYN
ZZ,YIH,TSN
ZZ,YIH,URC
ZZ,YIH,WEH
ZZ,YIH,WNZ
ZZ,YIH,XIY
ZZ,YIH,INC
ZZ,YIH,ZHA
ZZ,YIH,ZUH
ZZ,YIH,DMK
ZZ,YIK,AKV
ZZ,YIK,YZG
ZZ,YIN,AKU
ZZ,YIN,ACF
ZZ,YIN,TFU
ZZ,YIN,KRY
ZZ,YIN,KHG
ZZ,YIN,KRL
ZZ,YIN,KCA
ZZ,YIN,LHW
ZZ,YIN,NKG
ZZ,YIN,SHF
ZZ,YIN,TCG
ZZ,YIN,TWC
ZZ,YIN,TLQ
ZZ,YIN,URC
ZZ,YIN,WUX
ZZ,YIN,XIY
ZZ,YIN,CGO
ZZ,YIO,YAB
ZZ,YIO,YFB
ZZ,YIP,BTL
ZZ,YIP,CMH
ZZ,YIP,DOV
ZZ,YIP,IAH
ZZ,YIP,MMU
ZZ,YIP,PTK
ZZ,YIP,SUX
ZZ,YIV,YRS
ZZ,YIW,BZX
ZZ,YIW,PEK
ZZ,YIW,PKX
ZZ,YIW,CGQ
ZZ,YIW,TFU
ZZ,YIW,CKG
ZZ,YIW,EHU
ZZ,YIW,CAN
ZZ,YIW,KWE
ZZ,YIW,SWA
ZZ,YIW,TNA
ZZ,YIW,KMG
ZZ,YIW,TAO
ZZ,YIW,SHE
ZZ,YIW,SZX
ZZ,YIW,TYN
ZZ,YIW,TSN
ZZ,YIW,WUH
ZZ,YIW,XIY
ZZ,YIW,CGO
ZZ,YIW,ZUH
ZZ,YIW,WMT
ZZ,YIW,KIX
ZZ,YIW,MNL
ZZ,YKA,YYC
ZZ,YKA,YLW
ZZ,YKA,YXS
ZZ,YKA,YVR
ZZ,YKA,YYJ
ZZ,YKF,YYC
ZZ,YKF,YXU
ZZ,YKF,YVR
ZZ,YKF,VRA
ZZ,YKF,PUJ
ZZ,YKF,CUN
ZZ,YKF,PVR
ZZ,YKF,FLL
ZZ,YKF,SFB
ZZ,YKG,YPJ
ZZ,YKG,YVP
ZZ,YKG,YQC
ZZ,YKH,CAN
ZZ,YKH,NKG
ZZ,YKH,NGB
ZZ,YKH,PVG
ZZ,YKH,WUX
ZZ,YKL,YZV
ZZ,YKM,LAS
ZZ,YKM,PSC
ZZ,YKM,SEA
ZZ,YKM,GEG
ZZ,YKO,ESB
ZZ,YKO,IST
ZZ,YKQ,ZEM
ZZ,YKQ,YVO
ZZ,YKS,HRB
ZZ,YKS,BQJ
ZZ,YKS,BGN
ZZ,YKS,CYX
ZZ,YKS,CKH
ZZ,YKS,NER
ZZ,YKS,DPT
ZZ,YKS,IKT
ZZ,YKS,KHV
ZZ,YKS,MQJ
ZZ,YKS,KJA
ZZ,YKS,ULK
ZZ,YKS,MJZ
ZZ,YKS,DME
ZZ,YKS,SVO
ZZ,YKS,VKO
ZZ,YKS,OVB
ZZ,YKS,NYR
ZZ,YKS,ONK
ZZ,YKS,OLZ
ZZ,YKS,PWE
ZZ,YKS,SUK
ZZ,YKS,SYS
ZZ,YKS,SEK
ZZ,YKS,LED
ZZ,YKS,SUY
ZZ,YKS,IKS
ZZ,YKS,PYJ
ZZ,YKS,UKG
ZZ,YKS,USR
ZZ,YKS,VVO
ZZ,YKS,SVX
ZZ,YKS,ZIX
ZZ,YKS,ZKP
ZZ,YKU,YGW
ZZ,YKU,YVO
ZZ,YKU,YNC
ZZ,YLC,YFB
ZZ,YLE,YZF
ZZ,YLK,YHM
ZZ,YLL,YYC
ZZ,YLW,YYC
ZZ,YLW,YEG
ZZ,YLW,YKA
ZZ,YLW,YUL
ZZ,YLW,YCD
ZZ,YLW,YXS
ZZ,YLW,YYZ
ZZ,YLW,YVR
ZZ,YLW,YYJ
ZZ,YLW,CUN
ZZ,YLW,MZT
ZZ,YLW,PVR
ZZ,YLW,SJD
ZZ,YLW,LAS
ZZ,YLW,PHX
ZZ,YLW,SEA
ZZ,YMM,YYC
ZZ,YMM,YEG
ZZ,YMM,YYZ
ZZ,YMN,YSO
ZZ,YMN,YRG
ZZ,YMO,YAT
ZZ,YMO,YFA
ZZ,YMO,YTS
ZZ,YMT,YUL
ZZ,YMT,YNS
ZZ,YMX,YHM
ZZ,YMX,YQM
ZZ,YMX,YYY
ZZ,YMX,YQB
ZZ,YMX,YVO
ZZ,YMX,YWG
ZZ,YMX,CVG
ZZ,YMX,IND
ZZ,YMX,SDF
ZZ,YMX,MEM
ZZ,YNB,CAI
ZZ,YNB,DOH
ZZ,YNB,DMM
ZZ,YNB,JED
ZZ,YNB,RUH
ZZ,YNB,DXB
ZZ,YNC,YKU
ZZ,YNC,ZEM
ZZ,YNJ,PEK
ZZ,YNJ,PKX
ZZ,YNJ,CGQ
ZZ,YNJ,DLC
ZZ,YNJ,TAO
ZZ,YNJ,PVG
ZZ,YNJ,SJW
ZZ,YNJ,YNT
ZZ,YNJ,CGO
ZZ,YNJ,PUS
ZZ,YNJ,CJJ
ZZ,YNJ,ICN
ZZ,YNL,YXE
ZZ,YNL,ZWL
ZZ,YNO,YVZ
ZZ,YNO,YHP
ZZ,YNO,YXL
ZZ,YNP,YYR
ZZ,YNP,YHO
ZZ,YNP,YDP
ZZ,YNS,YMT
ZZ,YNT,PEK
ZZ,YNT,CGQ
ZZ,YNT,CSX
ZZ,YNT,CTU
ZZ,YNT,TFU
ZZ,YNT,CKG
ZZ,YNT,DLC
ZZ,YNT,DDG
ZZ,YNT,DQA
ZZ,YNT,DYG
ZZ,YNT,FOC
ZZ,YNT,CAN
ZZ,YNT,HLD
ZZ,YNT,HGH
ZZ,YNT,HRB
ZZ,YNT,HFE
ZZ,YNT,JMU
ZZ,YNT,TNA
ZZ,YNT,JXA
ZZ,YNT,KMG
ZZ,YNT,MDG
ZZ,YNT,KHN
ZZ,YNT,NKG
ZZ,YNT,SHA
ZZ,YNT,PVG
ZZ,YNT,SHE
ZZ,YNT,SZX
ZZ,YNT,TYN
ZZ,YNT,TSN
ZZ,YNT,TNH
ZZ,YNT,WNZ
ZZ,YNT,WUH
ZZ,YNT,WUX
ZZ,YNT,XIY
ZZ,YNT,XMN
ZZ,YNT,YNJ
ZZ,YNT,INC
ZZ,YNT,CGO
ZZ,YNT,HSN
ZZ,YNT,KIX
ZZ,YNT,ICN
ZZ,YNT,HAN
ZZ,YNY,MNL
ZZ,YNZ,PEK
ZZ,YNZ,PKX
ZZ,YNZ,CGQ
ZZ,YNZ,CSX
ZZ,YNZ,TFU
ZZ,YNZ,CKG
ZZ,YNZ,FOC
ZZ,YNZ,CAN
ZZ,YNZ,KWE
ZZ,YNZ,HAK
ZZ,YNZ,HRB
ZZ,YNZ,KMG
ZZ,YNZ,LHW
ZZ,YNZ,KHN
ZZ,YNZ,SHE
ZZ,YNZ,SZX
ZZ,YNZ,SJW
ZZ,YNZ,TGO
ZZ,YNZ,WEH
ZZ,YNZ,WUH
ZZ,YNZ,XIY
ZZ,YNZ,XMN
ZZ,YNZ,KIX
ZZ,YNZ,ICN
ZZ,YOC,YDA
ZZ,YOC,YEV
ZZ,YOC,YXY
ZZ,YOG,YQT
ZZ,YOJ,YEG
ZZ,YOJ,YHY
ZZ,YOL,ABV
ZZ,YON,GLU
ZZ,YON,BUT
ZZ,YON,PBH
ZZ,YOW,YYC
ZZ,YOW,YYG
ZZ,YOW,YEG
ZZ,YOW,YFC
ZZ,YOW,YHZ
ZZ,YOW,YHM
ZZ,YOW,YFB
ZZ,YOW,YQM
ZZ,YOW,YUL
ZZ,YOW,YQB
ZZ,YOW,YQT
ZZ,YOW,YTZ
ZZ,YOW,YYZ
ZZ,YOW,YVR
ZZ,YOW,YWG
ZZ,YOW,CCC
ZZ,YOW,CYO
ZZ,YOW,HOG
ZZ,YOW,SNU
ZZ,YOW,VRA
ZZ,YOW,POP
ZZ,YOW,PUJ
ZZ,YOW,CDG
ZZ,YOW,MBJ
ZZ,YOW,CUN
ZZ,YOW,PVR
ZZ,YOW,BOS
ZZ,YOW,ORD
ZZ,YOW,FLL
ZZ,YOW,LAS
ZZ,YOW,MEM
ZZ,YOW,EWR
ZZ,YOW,MCO
ZZ,YOW,SFB
ZZ,YOW,RSW
ZZ,YOW,TPA
ZZ,YOW,IAD
ZZ,YOW,DCA
ZZ,YPA,ZFD
ZZ,YPA,YVC
ZZ,YPA,YNL
ZZ,YPA,YXE
ZZ,YPA,YSF
ZZ,YPA,ZWL
ZZ,YPH,YVP
ZZ,YPH,YPX
ZZ,YPH,YUD
ZZ,YPJ,YKG
ZZ,YPJ,YVP
ZZ,YPJ,YTQ
ZZ,YPL,XKS
ZZ,YPL,YXL
ZZ,YPL,YAX
ZZ,YPM,YVZ
ZZ,YPM,KEW
ZZ,YPM,YRL
ZZ,YPM,ZSJ
ZZ,YPM,YXL
ZZ,YPO,YAT
ZZ,YPR,YVR
ZZ,YPW,YVR
ZZ,YPX,AKV
ZZ,YPX,YPH
ZZ,YPX,YVP
ZZ,YPX,YGL
ZZ,YPY,YEG
ZZ,YPY,YSM
ZZ,YQB,YGP
ZZ,YQB,YGR
ZZ,YQB,YVP
ZZ,YQB,YHU
ZZ,YQB,YMX
ZZ,YQB,YUL
ZZ,YQB,YOW
ZZ,YQB,YBG
ZZ,YQB,YZV
ZZ,YQB,YTZ
ZZ,YQB,YYZ
ZZ,YQB,YVR
ZZ,YQB,CCC
ZZ,YQB,CYO
ZZ,YQB,HOG
ZZ,YQB,SNU
ZZ,YQB,VRA
ZZ,YQB,POP
ZZ,YQB,PUJ
ZZ,YQB,AZS
ZZ,YQB,CDG
ZZ,YQB,CUN
ZZ,YQB,PVR
ZZ,YQB,RIH
ZZ,YQB,FLL
ZZ,YQB,EWR
ZZ,YQB,MCO
ZZ,YQC,YWB
ZZ,YQC,YKG
ZZ,YQD,YFO
ZZ,YQD,YWG
ZZ,YQG,YHM
ZZ,YQG,YBG
ZZ,YQG,YTZ
ZZ,YQG,YYZ
ZZ,YQG,CCC
ZZ,YQG,SNU
ZZ,YQG,VRA
ZZ,YQG,CUN
ZZ,YQG,CVG
ZZ,YQG,DLH
ZZ,YQG,MSP
ZZ,YQG,SFB
ZZ,YQK,YHD
ZZ,YQK,YAG
ZZ,YQK,YXL
ZZ,YQL,YYC
ZZ,YQM,YYC
ZZ,YQM,YDF
ZZ,YQM,YFC
ZZ,YQM,YHZ
ZZ,YQM,YHM
ZZ,YQM,YYY
ZZ,YQM,YMX
ZZ,YQM,YUL
ZZ,YQM,YOW
ZZ,YQM,YYT
ZZ,YQM,YTZ
ZZ,YQM,YYZ
ZZ,YQM,CCC
ZZ,YQM,VRA
ZZ,YQM,POP
ZZ,YQM,PUJ
ZZ,YQM,MBJ
ZZ,YQM,CUN
ZZ,YQM,MCO
ZZ,YQQ,YYC
ZZ,YQQ,YEG
ZZ,YQQ,CXH
ZZ,YQQ,YVR
ZZ,YQQ,PVR
ZZ,YQR,YYC
ZZ,YQR,YEG
ZZ,YQR,YXE
ZZ,YQR,YYZ
ZZ,YQR,YVR
ZZ,YQR,YWG
ZZ,YQR,VRA
ZZ,YQR,POP
ZZ,YQR,PUJ
ZZ,YQR,CUN
ZZ,YQR,PVR
ZZ,YQR,LAS
ZZ,YQR,MCO
ZZ,YQR,AZA
ZZ,YQR,PHX
ZZ,YQT,YTL
ZZ,YQT,YHD
ZZ,YQT,YAG
ZZ,YQT,YFH
ZZ,YQT,KIF
ZZ,YQT,YOW
ZZ,YQT,YAM
ZZ,YQT,YXL
ZZ,YQT,YSB
ZZ,YQT,YTZ
ZZ,YQT,YYZ
ZZ,YQT,YWP
ZZ,YQT,YWG
ZZ,YQT,VRA
ZZ,YQT,CUN
ZZ,YQU,YYC
ZZ,YQU,YDQ
ZZ,YQU,YEG
ZZ,YQX,YDF
ZZ,YQX,YYR
ZZ,YQX,YHZ
ZZ,YQX,YYT
ZZ,YQX,PUJ
ZZ,YQY,YUL
ZZ,YQY,YYZ
ZZ,YQZ,YVR
ZZ,YQZ,YWL
ZZ,YRA,YFJ
ZZ,YRA,YZF
ZZ,YRB,YAB
ZZ,YRB,YGZ
ZZ,YRB,YFB
ZZ,YRG,YYR
ZZ,YRG,YMN
ZZ,YRL,YVZ
ZZ,YRL,KEW
ZZ,YRL,YPM
ZZ,YRL,YHP
ZZ,YRL,YXL
ZZ,YRL,YWG
ZZ,YRT,YEK
ZZ,YRT,YBK
ZZ,YRT,YCS
ZZ,YRT,YZS
ZZ,YRT,YFB
ZZ,YRT,YUT
ZZ,YRT,YVO
ZZ,YRT,YXN
ZZ,YRT,YWG
ZZ,YRT,YZF
ZZ,YSB,YYB
ZZ,YSB,YAM
ZZ,YSB,YQT
ZZ,YSB,YTZ
ZZ,YSB,YYZ
ZZ,YSF,ZFD
ZZ,YSF,YPA
ZZ,YSF,YXE
ZZ,YSF,YBE
ZZ,YSG,YZF
ZZ,YSJ,YUL
ZZ,YSJ,YYZ
ZZ,YSJ,SFB
ZZ,YSK,YGW
ZZ,YSK,YUD
ZZ,YSK,YWG
ZZ,YSM,YPY
ZZ,YSM,YHY
ZZ,YSM,YZF
ZZ,YSO,YHO
ZZ,YSO,YMN
ZZ,YSQ,PKX
ZZ,YSQ,CTU
ZZ,YSQ,CAN
ZZ,YSQ,HFE
ZZ,YSQ,PVG
ZZ,YSQ,SJW
ZZ,YST,YIV
ZZ,YTE,YFB
ZZ,YTH,YGX
ZZ,YTH,YWG
ZZ,YTL,XKS
ZZ,YTL,YPL
ZZ,YTL,YXL
ZZ,YTL,YAX
ZZ,YTL,WNN
ZZ,YTQ,YPJ
ZZ,YTQ,YVP
ZZ,YTS,YUL
ZZ,YTS,YMO
ZZ,YTS,YTZ
ZZ,YTS,YYZ
ZZ,YTY,PEK
ZZ,YTY,PKX
ZZ,YTY,CGQ
ZZ,YTY,CSX
ZZ,YTY,CTU
ZZ,YTY,TFU
ZZ,YTY,CKG
ZZ,YTY,DLC
ZZ,YTY,DDG
ZZ,YTY,FOC
ZZ,YTY,CAN
ZZ,YTY,KWE
ZZ,YTY,HRB
ZZ,YTY,SWA
ZZ,YTY,KMG
ZZ,YTY,LHW
ZZ,YTY,NNG
ZZ,YTY,SHE
ZZ,YTY,SZX
ZZ,YTY,WNZ
ZZ,YTY,XIY
ZZ,YTY,XMN
ZZ,YTY,INC
ZZ,YTY,UYN
ZZ,YTY,ZUH
ZZ,YTY,ICN
ZZ,YTZ,YFC
ZZ,YTZ,YHZ
ZZ,YTZ,YQM
ZZ,YTZ,YUL
ZZ,YTZ,YOW
ZZ,YTZ,YQB
ZZ,YTZ,YAM
ZZ,YTZ,YSB
ZZ,YTZ,YQT
ZZ,YTZ,YTS
ZZ,YTZ,YQG
ZZ,YTZ,BOS
ZZ,YTZ,MDW
ZZ,YTZ,BNA
ZZ,YTZ,EWR
ZZ,YTZ,TEB
ZZ,YTZ,IAD
ZZ,YTZ,FOK
ZZ,YUD,YPH
ZZ,YUD,YGW
ZZ,YUD,YSK
ZZ,YUE,ASP
ZZ,YUL,ALG
ZZ,YUL,ANU
ZZ,YUL,VIE
ZZ,YUL,FPO
ZZ,YUL,NAS
ZZ,YUL,ZSA
ZZ,YUL,BGI
ZZ,YUL,BRU
ZZ,YUL,GRU
ZZ,YUL,ZBF
ZZ,YUL,YYC
ZZ,YUL,YYG
ZZ,YUL,YMT
ZZ,YUL,ull
ZZ,YUL,YDF
ZZ,YUL,YEG
ZZ,YUL,YFC
ZZ,YUL,YHZ
ZZ,YUL,YLW
ZZ,YUL,YVP
ZZ,YUL,YGW
ZZ,YUL,YGL
ZZ,YUL,YQM
ZZ,YUL,YOW
ZZ,YUL,YPX
ZZ,YUL,YQB
ZZ,YUL,YUY
ZZ,YUL,YBG
ZZ,YUL,YSJ
ZZ,YUL,YZV
ZZ,YUL,YYT
ZZ,YUL,YQY
ZZ,YUL,YTZ
ZZ,YUL,YYZ
ZZ,YUL,YVO
ZZ,YUL,YVR
ZZ,YUL,YWK
ZZ,YUL,YWG
ZZ,YUL,BOG
ZZ,YUL,CTG
ZZ,YUL,LIR
ZZ,YUL,SJO
ZZ,YUL,CCC
ZZ,YUL,CYO
ZZ,YUL,CFG
ZZ,YUL,HAV
ZZ,YUL,HOG
ZZ,YUL,SNU
ZZ,YUL,VRA
ZZ,YUL,CUR
ZZ,YUL,LRM
ZZ,YUL,POP
ZZ,YUL,PUJ
ZZ,YUL,AZS
ZZ,YUL,SDQ
ZZ,YUL,SAL
ZZ,YUL,LYS
ZZ,YUL,MRS
ZZ,YUL,CDG
ZZ,YUL,TLS
ZZ,YUL,FRA
ZZ,YUL,MUC
ZZ,YUL,PTP
ZZ,YUL,PAP
ZZ,YUL,RTB
ZZ,YUL,DEL
ZZ,YUL,MXP
ZZ,YUL,FCO
ZZ,YUL,MBJ
ZZ,YUL,NRT
ZZ,YUL,AMM
ZZ,YUL,FDF
ZZ,YUL,CUN
ZZ,YUL,CZM
ZZ,YUL,MEX
ZZ,YUL,PVR
ZZ,YUL,SJD
ZZ,YUL,ZIH
ZZ,YUL,CMN
ZZ,YUL,AMS
ZZ,YUL,SXM
ZZ,YUL,PTY
ZZ,YUL,RIH
ZZ,YUL,LIM
ZZ,YUL,LIS
ZZ,YUL,SJU
ZZ,YUL,DOH
ZZ,YUL,FSP
ZZ,YUL,BCN
ZZ,YUL,AGP
ZZ,YUL,GVA
ZZ,YUL,ZRH
ZZ,YUL,TUN
ZZ,YUL,IST
ZZ,YUL,PLS
ZZ,YUL,DXB
ZZ,YUL,LGW
ZZ,YUL,LHR
ZZ,YUL,ATL
ZZ,YUL,BOS
ZZ,YUL,BUF
ZZ,YUL,CLT
ZZ,YUL,MDW
ZZ,YUL,ORD
ZZ,YUL,DFW
ZZ,YUL,DEN
ZZ,YUL,DTW
ZZ,YUL,FLL
ZZ,YUL,IAH
ZZ,YUL,LAS
ZZ,YUL,LAX
ZZ,YUL,MIA
ZZ,YUL,MSP
ZZ,YUL,MSY
ZZ,YUL,JFK
ZZ,YUL,LGA
ZZ,YUL,EWR
ZZ,YUL,MCO
ZZ,YUL,PHL
ZZ,YUL,PHX
ZZ,YUL,SFO
ZZ,YUL,TPA
ZZ,YUL,TEB
ZZ,YUL,TUL
ZZ,YUL,IAD
ZZ,YUL,DCA
ZZ,YUL,PBI
ZZ,YUL,ILM
ZZ,YUM,DFW
ZZ,YUM,MRY
ZZ,YUM,PHX
ZZ,YUS,TFU
ZZ,YUS,XNN
ZZ,YUT,YZS
ZZ,YUT,YRT
ZZ,YUX,YGT
ZZ,YUX,YFB
ZZ,YUY,YUL
ZZ,YVB,YGR
ZZ,YVB,YHU
ZZ,YVC,YXE
ZZ,YVC,ZWL
ZZ,YVM,YFB
ZZ,YVM,YXP
ZZ,YVO,YKU
ZZ,YVO,YMX
ZZ,YVO,YUL
ZZ,YVO,YRT
ZZ,YVO,YKQ
ZZ,YVP,YPJ
ZZ,YVP,YFB
ZZ,YVP,XGR
ZZ,YVP,YKG
ZZ,YVP,YUL
ZZ,YVP,YPX
ZZ,YVP,YQB
ZZ,YVP,YTQ
ZZ,YVQ,YGH
ZZ,YVQ,YEV
ZZ,YVQ,ZFN
ZZ,YVQ,YZF
ZZ,YVR,BNE
ZZ,YVR,SYD
ZZ,YVR,QBC
ZZ,YVR,YYC
ZZ,YVR,YBL
ZZ,YVR,YCG
ZZ,YVR,ull
ZZ,YVR,YQQ
ZZ,YVR,YXC
ZZ,YVR,YEG
ZZ,YVR,YXJ
ZZ,YVR,YGG
ZZ,YVR,YHM
ZZ,YVR,YKA
ZZ,YVR,YLW
ZZ,YVR,ZMT
ZZ,YVR,YUL
ZZ,YVR,YCD
ZZ,YVR,ZNA
ZZ,YVR,YOW
ZZ,YVR,YYF
ZZ,YVR,YZT
ZZ,YVR,YPW
ZZ,YVR,YXS
ZZ,YVR,YPR
ZZ,YVR,YQB
ZZ,YVR,YQZ
ZZ,YVR,YQR
ZZ,YVR,YZP
ZZ,YVR,YXE
ZZ,YVR,YHS
ZZ,YVR,YYD
ZZ,YVR,YXT
ZZ,YVR,YAZ
ZZ,YVR,YYZ
ZZ,YVR,YZZ
ZZ,YVR,CXH
ZZ,YVR,YWH
ZZ,YVR,YYJ
ZZ,YVR,YKF
ZZ,YVR,YXY
ZZ,YVR,YWL
ZZ,YVR,YWG
ZZ,YVR,YZF
ZZ,YVR,TFU
ZZ,YVR,PVG
ZZ,YVR,SHE
ZZ,YVR,SZX
ZZ,YVR,XMN
ZZ,YVR,VRA
ZZ,YVR,PUJ
ZZ,YVR,NAN
ZZ,YVR,CDG
ZZ,YVR,FRA
ZZ,YVR,HKG
ZZ,YVR,KEF
ZZ,YVR,DEL
ZZ,YVR,HND
ZZ,YVR,NRT
ZZ,YVR,CUN
ZZ,YVR,HUX
ZZ,YVR,MZT
ZZ,YVR,MEX
ZZ,YVR,PVR
ZZ,YVR,SJD
ZZ,YVR,ZIH
ZZ,YVR,AMS
ZZ,YVR,AKL
ZZ,YVR,MNL
ZZ,YVR,ICN
ZZ,YVR,TPE
ZZ,YVR,BKK
ZZ,YVR,IST
ZZ,YVR,DXB
ZZ,YVR,LHR
ZZ,YVR,ATL
ZZ,YVR,ORD
ZZ,YVR,CVG
ZZ,YVR,DFW
ZZ,YVR,DEN
ZZ,YVR,HNL
ZZ,YVR,IAH
ZZ,YVR,OGG
ZZ,YVR,KOA
ZZ,YVR,LAS
ZZ,YVR,LIH
ZZ,YVR,LAX
ZZ,YVR,SDF
ZZ,YVR,MEM
ZZ,YVR,MIA
ZZ,YVR,MSP
ZZ,YVR,JFK
ZZ,YVR,EWR
ZZ,YVR,MCO
ZZ,YVR,PSP
ZZ,YVR,PHX
ZZ,YVR,PDX
ZZ,YVR,SMF
ZZ,YVR,SLC
ZZ,YVR,SAN
ZZ,YVR,SFO
ZZ,YVR,SNA
ZZ,YVR,BFI
ZZ,YVR,SEA
ZZ,YVR,IAD
ZZ,YVZ,YNO
ZZ,YVZ,YPM
ZZ,YVZ,YHP
ZZ,YVZ,YXL
ZZ,YWB,YQC
ZZ,YWB,YZG
ZZ,YWG,YYC
ZZ,YWG,YYQ
ZZ,YWG,YEG
ZZ,YWG,YFO
ZZ,YWG,YGX
ZZ,YWG,YHM
ZZ,YWG,YFB
ZZ,YWG,YMX
ZZ,YWG,YUL
ZZ,YWG,YOW
ZZ,YWG,YRT
ZZ,YWG,YRL
ZZ,YWG,YQR
ZZ,YWG,YSK
ZZ,YWG,YXE
ZZ,YWG,YQD
ZZ,YWG,YTH
ZZ,YWG,YQT
ZZ,YWG,YYZ
ZZ,YWG,YVR
ZZ,YWG,CCC
ZZ,YWG,VRA
ZZ,YWG,POP
ZZ,YWG,PUJ
ZZ,YWG,MBJ
ZZ,YWG,CUN
ZZ,YWG,HUX
ZZ,YWG,MZT
ZZ,YWG,PVR
ZZ,YWG,ATL
ZZ,YWG,CVG
ZZ,YWG,LAS
ZZ,YWG,LAX
ZZ,YWG,SDF
ZZ,YWG,MEM
ZZ,YWG,MSP
ZZ,YWG,MCO
ZZ,YWG,SFB
ZZ,YWG,PSP
ZZ,YWG,PHX
ZZ,YWG,STP
ZZ,YWH,CXH
ZZ,YWH,YVR
ZZ,YWJ,YGH
ZZ,YWJ,YVQ
ZZ,YWJ,ZFN
ZZ,YWJ,YZF
ZZ,YWK,ZUM
ZZ,YWK,YYR
ZZ,YWK,YYY
ZZ,YWK,YUL
ZZ,YWK,YBG
ZZ,YWK,YZV
ZZ,YWL,YVR
ZZ,YWP,YQT
ZZ,YXC,YYC
ZZ,YXC,YVR
ZZ,YXE,YYC
ZZ,YXE,YEG
ZZ,YXE,ZFD
ZZ,YXE,YPA
ZZ,YXE,YQR
ZZ,YXE,YSF
ZZ,YXE,YYZ
ZZ,YXE,YVR
ZZ,YXE,YWG
ZZ,YXE,ZWL
ZZ,YXE,VRA
ZZ,YXE,POP
ZZ,YXE,PUJ
ZZ,YXE,CUN
ZZ,YXE,MZT
ZZ,YXE,PVR
ZZ,YXE,LAS
ZZ,YXE,MSP
ZZ,YXE,MCO
ZZ,YXE,PHX
ZZ,YXH,YYC
ZZ,YXJ,YYC
ZZ,YXJ,YVR
ZZ,YXL,XBE
ZZ,YXL,YTL
ZZ,YXL,YAC
ZZ,YXL,YVZ
ZZ,YXL,YHD
ZZ,YXL,YER
ZZ,YXL,XKS
ZZ,YXL,KEW
ZZ,YXL,KIF
ZZ,YXL,MSA
ZZ,YXL,YNO
ZZ,YXL,YPL
ZZ,YXL,YPM
ZZ,YXL,YHP
ZZ,YXL,YRL
ZZ,YXL,ZPB
ZZ,YXL,ZSJ
ZZ,YXL,SUR
ZZ,YXL,YQT
ZZ,YXL,YAX
ZZ,YXL,WNN
ZZ,YXN,YRT
ZZ,YXP,YFB
ZZ,YXP,YVM
ZZ,YXS,YYC
ZZ,YXS,YEG
ZZ,YXS,YYE
ZZ,YXS,YKA
ZZ,YXS,YLW
ZZ,YXS,YXT
ZZ,YXS,YVR
ZZ,YXS,YYJ
ZZ,YXS,PVR
ZZ,YXT,YYC
ZZ,YXT,YXS
ZZ,YXT,YVR
ZZ,YXT,RTM
ZZ,YXU,YYC
ZZ,YXU,YHM
ZZ,YXU,YYZ
ZZ,YXU,YVV
ZZ,YXU,CCC
ZZ,YXU,VRA
ZZ,YXU,PUJ
ZZ,YXU,CUN
ZZ,YXU,SFB
ZZ,YXX,YYC
ZZ,YXX,YEG
ZZ,YXX,YYZ
ZZ,YXX,PVR
ZZ,YXX,SJD
ZZ,YXY,YYC
ZZ,YXY,YDA
ZZ,YXY,YEG
ZZ,YXY,YEV
ZZ,YXY,YOC
ZZ,YXY,YVR
ZZ,YYA,PEK
ZZ,YYA,CTU
ZZ,YYA,KWE
ZZ,YYA,HAK
ZZ,YYA,HYN
ZZ,YYA,KMG
ZZ,YYA,TAO
ZZ,YYA,SYX
ZZ,YYA,SHA
ZZ,YYA,PVG
ZZ,YYA,XIY
ZZ,YYB,YSB
ZZ,YYB,YYZ
ZZ,YYC,NAS
ZZ,YYC,BZE
ZZ,YYC,YXX
ZZ,YYC,YBY
ZZ,YYC,YBR
ZZ,YYC,YQQ
ZZ,YYC,CFM
ZZ,YYC,YXC
ZZ,YYC,YEG
ZZ,YYC,YFI
ZZ,YYC,YMM
ZZ,YYC,YXJ
ZZ,YYC,YQU
ZZ,YYC,YHZ
ZZ,YYC,YHM
ZZ,YYC,YKA
ZZ,YYC,YLW
ZZ,YYC,YQL
ZZ,YYC,YLL
ZZ,YYC,YXU
ZZ,YYC,YXH
ZZ,YYC,YQM
ZZ,YYC,YUL
ZZ,YYC,YCD
ZZ,YYC,YOW
ZZ,YYC,YYF
ZZ,YYC,YXS
ZZ,YYC,YOP
ZZ,YYC,YQR
ZZ,YYC,YXE
ZZ,YYC,YYT
ZZ,YYC,YXT
ZZ,YYC,YYZ
ZZ,YYC,YVR
ZZ,YYC,YYJ
ZZ,YYC,YKF
ZZ,YYC,YZU
ZZ,YYC,YXY
ZZ,YYC,YWG
ZZ,YYC,YZF
ZZ,YYC,LIR
ZZ,YYC,VRA
ZZ,YYC,PUJ
ZZ,YYC,CDG
ZZ,YYC,FRA
ZZ,YYC,FCO
ZZ,YYC,MBJ
ZZ,YYC,LUX
ZZ,YYC,CUN
ZZ,YYC,HUX
ZZ,YYC,LTO
ZZ,YYC,ZLO
ZZ,YYC,MZT
ZZ,YYC,PVR
ZZ,YYC,SJD
ZZ,YYC,ZIH
ZZ,YYC,AMS
ZZ,YYC,LHR
ZZ,YYC,ANC
ZZ,YYC,ATL
ZZ,YYC,ORD
ZZ,YYC,CVG
ZZ,YYC,DFW
ZZ,YYC,DEN
ZZ,YYC,FLL
ZZ,YYC,HNL
ZZ,YYC,IAH
ZZ,YYC,OGG
ZZ,YYC,KOA
ZZ,YYC,LAS
ZZ,YYC,LAX
ZZ,YYC,MEM
ZZ,YYC,MSP
ZZ,YYC,BNA
ZZ,YYC,JFK
ZZ,YYC,EWR
ZZ,YYC,MCO
ZZ,YYC,PSP
ZZ,YYC,PHX
ZZ,YYC,SLC
ZZ,YYC,SAN
ZZ,YYC,SFO
ZZ,YYC,SNA
ZZ,YYC,SEA
ZZ,YYC,TPA
ZZ,YYD,YVR
ZZ,YYE,YXS
ZZ,YYF,YYC
ZZ,YYF,YVR
ZZ,YYG,YUL
ZZ,YYG,YOW
ZZ,YYG,YYZ
ZZ,YYH,YCB
ZZ,YYH,YHK
ZZ,YYH,YBB
ZZ,YYH,YZF
ZZ,YYJ,YYC
ZZ,YYJ,YEG
ZZ,YYJ,YKA
ZZ,YYJ,YLW
ZZ,YYJ,YXS
ZZ,YYJ,YYZ
ZZ,YYJ,YVR
ZZ,YYJ,CUN
ZZ,YYJ,PVR
ZZ,YYJ,SJD
ZZ,YYJ,LAS
ZZ,YYJ,BFI
ZZ,YYJ,SEA
ZZ,YYQ,YEK
ZZ,YYQ,YVO
ZZ,YYQ,YWG
ZZ,YYR,YDF
ZZ,YYR,YQX
ZZ,YYR,YHZ
ZZ,YYR,YBX
ZZ,YYR,YDP
ZZ,YYR,YNP
ZZ,YYR,YRG
ZZ,YYR,YYT
ZZ,YYR,YWK
ZZ,YYT,YYC
ZZ,YYT,YDF
ZZ,YYT,YQX
ZZ,YYT,YYR
ZZ,YYT,YHZ
ZZ,YYT,YQM
ZZ,YYT,YUL
ZZ,YYT,YAY
ZZ,YYT,YYZ
ZZ,YYT,CCC
ZZ,YYT,VRA
ZZ,YYT,PUJ
ZZ,YYT,MBJ
ZZ,YYT,CUN
ZZ,YYT,FSP
ZZ,YYT,MCO
ZZ,YYT,TPA
ZZ,YYY,YQM
ZZ,YYY,YMX
ZZ,YYY,YWK
ZZ,YYZ,ANU
ZZ,YYZ,AUA
ZZ,YYZ,VIE
ZZ,YYZ,FPO
ZZ,YYZ,GGT
ZZ,YYZ,NAS
ZZ,YYZ,BGI
ZZ,YYZ,BZE
ZZ,YYZ,BDA
ZZ,YYZ,GRU
ZZ,YYZ,YXX
ZZ,YYZ,YYC
ZZ,YYZ,YYG
ZZ,YYZ,YDF
ZZ,YYZ,YEG
ZZ,YYZ,YMM
ZZ,YYZ,YFC
ZZ,YYZ,YHZ
ZZ,YYZ,YLW
ZZ,YYZ,YXU
ZZ,YYZ,YQM
ZZ,YYZ,YUL
ZZ,YYZ,YYB
ZZ,YYZ,YOW
ZZ,YYZ,YQB
ZZ,YYZ,YQR
ZZ,YYZ,YSJ
ZZ,YYZ,YXE
ZZ,YYZ,YAM
ZZ,YYZ,YYT
ZZ,YYZ,YSB
ZZ,YYZ,YQY
ZZ,YYZ,YQT
ZZ,YYZ,YTS
ZZ,YYZ,YVR
ZZ,YYZ,YYJ
ZZ,YYZ,YQG
ZZ,YYZ,YWG
ZZ,YYZ,YZF
ZZ,YYZ,GCM
ZZ,YYZ,SCL
ZZ,YYZ,PEK
ZZ,YYZ,CAN
ZZ,YYZ,PVG
ZZ,YYZ,BOG
ZZ,YYZ,CTG
ZZ,YYZ,LIR
ZZ,YYZ,SJO
ZZ,YYZ,CCC
ZZ,YYZ,CYO
ZZ,YYZ,HAV
ZZ,YYZ,HOG
ZZ,YYZ,SNU
ZZ,YYZ,VRA
ZZ,YYZ,CUR
ZZ,YYZ,CPH
ZZ,YYZ,LRM
ZZ,YYZ,POP
ZZ,YYZ,PUJ
ZZ,YYZ,AZS
ZZ,YYZ,SDQ
ZZ,YYZ,CAI
ZZ,YYZ,SAL
ZZ,YYZ,ADD
ZZ,YYZ,CDG
ZZ,YYZ,FRA
ZZ,YYZ,MUC
ZZ,YYZ,GND
ZZ,YYZ,GEO
ZZ,YYZ,RTB
ZZ,YYZ,HKG
ZZ,YYZ,KEF
ZZ,YYZ,DEL
ZZ,YYZ,DUB
ZZ,YYZ,MXP
ZZ,YYZ,FCO
ZZ,YYZ,KIN
ZZ,YYZ,MBJ
ZZ,YYZ,HND
ZZ,YYZ,NRT
ZZ,YYZ,FDF
ZZ,YYZ,CUN
ZZ,YYZ,CZM
ZZ,YYZ,HUX
ZZ,YYZ,MZT
ZZ,YYZ,MID
ZZ,YYZ,NLU
ZZ,YYZ,MEX
ZZ,YYZ,MTY
ZZ,YYZ,PVR
ZZ,YYZ,SJD
ZZ,YYZ,ZIH
ZZ,YYZ,AMS
ZZ,YYZ,BON
ZZ,YYZ,SXM
ZZ,YYZ,ISB
ZZ,YYZ,KHI
ZZ,YYZ,LHE
ZZ,YYZ,PTY
ZZ,YYZ,RIH
ZZ,YYZ,LIM
ZZ,YYZ,MNL
ZZ,YYZ,WAW
ZZ,YYZ,FAO
ZZ,YYZ,LIS
ZZ,YYZ,PDL
ZZ,YYZ,OPO
ZZ,YYZ,SJU
ZZ,YYZ,SKB
ZZ,YYZ,UVF
ZZ,YYZ,SVD
ZZ,YYZ,JED
ZZ,YYZ,ICN
ZZ,YYZ,MAD
ZZ,YYZ,ZRH
ZZ,YYZ,TPE
ZZ,YYZ,POS
ZZ,YYZ,IST
ZZ,YYZ,PLS
ZZ,YYZ,AUH
ZZ,YYZ,DXB
ZZ,YYZ,GLA
ZZ,YYZ,LGW
ZZ,YYZ,LHR
ZZ,YYZ,MAN
ZZ,YYZ,ANC
ZZ,YYZ,ATL
ZZ,YYZ,AUS
ZZ,YYZ,BWI
ZZ,YYZ,BOS
ZZ,YYZ,CHS
ZZ,YYZ,CLT
ZZ,YYZ,ORD
ZZ,YYZ,CVG
ZZ,YYZ,CLE
ZZ,YYZ,CTH
ZZ,YYZ,CMH
ZZ,YYZ,DFW
ZZ,YYZ,DEN
ZZ,YYZ,DTW
ZZ,YYZ,FLL
ZZ,YYZ,MDT
ZZ,YYZ,HNL
ZZ,YYZ,IAH
ZZ,YYZ,IND
ZZ,YYZ,LAS
ZZ,YYZ,LAX
ZZ,YYZ,SDF
ZZ,YYZ,MEM
ZZ,YYZ,MIA
ZZ,YYZ,OPF
ZZ,YYZ,MSP
ZZ,YYZ,APF
ZZ,YYZ,BNA
ZZ,YYZ,MSY
ZZ,YYZ,JFK
ZZ,YYZ,LGA
ZZ,YYZ,EWR
ZZ,YYZ,MCO
ZZ,YYZ,SFB
ZZ,YYZ,PSP
ZZ,YYZ,PHL
ZZ,YYZ,PHX
ZZ,YYZ,PIT
ZZ,YYZ,RDU
ZZ,YYZ,SLC
ZZ,YYZ,SAN
ZZ,YYZ,SFO
ZZ,YYZ,SRQ
ZZ,YYZ,SEA
ZZ,YYZ,RSW
ZZ,YYZ,STL
ZZ,YYZ,SYR
ZZ,YYZ,TPA
ZZ,YYZ,TEB
ZZ,YYZ,IAD
ZZ,YYZ,DCA
ZZ,YYZ,PBI
ZZ,YYZ,BDL
ZZ,YZF,YYC
ZZ,YZF,YCB
ZZ,YZF,YCK
ZZ,YZF,YWJ
ZZ,YZF,YEG
ZZ,YZF,YGH
ZZ,YZF,YFS
ZZ,YZF,YSM
ZZ,YZF,YRA
ZZ,YZF,YHK
ZZ,YZF,YHY
ZZ,YZF,YEV
ZZ,YZF,YCO
ZZ,YZF,YSG
ZZ,YZF,YVQ
ZZ,YZF,YRT
ZZ,YZF,YYH
ZZ,YZF,YYZ
ZZ,YZF,YHI
ZZ,YZF,YVR
ZZ,YZF,YFJ
ZZ,YZF,YLE
ZZ,YZG,YIK
ZZ,YZG,YWB
ZZ,YZP,YXS
ZZ,YZP,YVR
ZZ,YZS,YUT
ZZ,YZS,YRT
ZZ,YZT,YVR
ZZ,YZU,YVR
ZZ,YZV,YUL
ZZ,YZV,YQB
ZZ,YZV,YKL
ZZ,YZV,YWK
ZZ,YZY,PEK
ZZ,YZY,PKX
ZZ,YZY,LHW
ZZ,YZY,WUH
ZZ,YZY,XIY
ZZ,YZZ,YVR
ZZ,ZAD,ANR
ZZ,ZAD,PUY
ZZ,ZAD,ZAG
ZZ,ZAD,CGN
ZZ,ZAD,KRK
ZZ,ZAD,POZ
ZZ,ZAG,VIE
ZZ,ZAG,BRU
ZZ,ZAG,CRL
ZZ,ZAG,OMO
ZZ,ZAG,SJJ
ZZ,ZAG,DBV
ZZ,ZAG,OSI
ZZ,ZAG,PUY
ZZ,ZAG,SPU
ZZ,ZAG,ZAD
ZZ,ZAG,PFO
ZZ,ZAG,CPH
ZZ,ZAG,BSL
ZZ,ZAG,LYN
ZZ,ZAG,BVA
ZZ,ZAG,CDG
ZZ,ZAG,LBG
ZZ,ZAG,CGN
ZZ,ZAG,DUS
ZZ,ZAG,FRA
ZZ,ZAG,HHN
ZZ,ZAG,FKB
ZZ,ZAG,FMM
ZZ,ZAG,MUC
ZZ,ZAG,STR
ZZ,ZAG,NRN
ZZ,ZAG,ATH
ZZ,ZAG,BUD
ZZ,ZAG,DUB
ZZ,ZAG,BGY
ZZ,ZAG,LIN
ZZ,ZAG,NAP
ZZ,ZAG,FCO
ZZ,ZAG,MLA
ZZ,ZAG,AMS
ZZ,ZAG,EIN
ZZ,ZAG,SKP
ZZ,ZAG,TRF
ZZ,ZAG,WAW
ZZ,ZAG,DOH
ZZ,ZAG,BEG
ZZ,ZAG,BTS
ZZ,ZAG,TAT
ZZ,ZAG,ACE
ZZ,ZAG,MAD
ZZ,ZAG,AGP
ZZ,ZAG,GOT
ZZ,ZAG,ZRH
ZZ,ZAG,IST
ZZ,ZAG,SAW
ZZ,ZAG,DXB
ZZ,ZAG,LHR
ZZ,ZAG,STN
ZZ,ZAH,ZBR
ZZ,ZAH,GBT
ZZ,ZAH,MHD
ZZ,ZAH,SYZ
ZZ,ZAH,THR
ZZ,ZAL,SCL
ZZ,ZAM,CEB
ZZ,ZAM,DVO
ZZ,ZAM,MNL
ZZ,ZAM,TWT
ZZ,ZAT,PKX
ZZ,ZAT,CTU
ZZ,ZAT,DLU
ZZ,ZAT,FOC
ZZ,ZAT,CAN
ZZ,ZAT,HGH
ZZ,ZAT,KMG
ZZ,ZAT,LJG
ZZ,ZAT,PVG
ZZ,ZAT,SZX
ZZ,ZAZ,CRL
ZZ,ZAZ,PVG
ZZ,ZAZ,BVA
ZZ,ZAZ,TLV
ZZ,ZAZ,BGY
ZZ,ZAZ,TSF
ZZ,ZAZ,ALA
ZZ,ZAZ,NLU
ZZ,ZAZ,MEX
ZZ,ZAZ,RAK
ZZ,ZAZ,DOH
ZZ,ZAZ,OTP
ZZ,ZAZ,CLJ
ZZ,ZAZ,RUH
ZZ,ZAZ,LPA
ZZ,ZAZ,IBZ
ZZ,ZAZ,PMI
ZZ,ZAZ,SCQ
ZZ,ZAZ,TFN
ZZ,ZAZ,ZAZ
ZZ,ZAZ,DWC
ZZ,ZAZ,STN
ZZ,ZAZ,JFK
ZZ,ZBF,YUL
ZZ,ZBL,BNE
ZZ,ZBR,MHD
ZZ,ZBR,THR
ZZ,ZBR,ZAH
ZZ,ZBR,DXB
ZZ,ZBY,VTE
ZZ,ZCL,MEX
ZZ,ZCL,TIJ
ZZ,ZCL,MDW
ZZ,ZCL,DFW
ZZ,ZCL,LAX
ZZ,ZCL,SJC
ZZ,ZCO,BBA
ZZ,ZCO,SCL
ZZ,ZEM,YKQ
ZZ,ZEM,YNC
ZZ,ZER,HGI
ZZ,ZFD,YPA
ZZ,ZFD,YXE
ZZ,ZFD,YSF
ZZ,ZFN,YWJ
ZZ,ZFN,YVQ
ZZ,ZGI,YOH
ZZ,ZGU,SON
ZZ,ZGU,SLH
ZZ,ZHA,PEK
ZZ,ZHA,PKX
ZZ,ZHA,CSX
ZZ,ZHA,TFU
ZZ,ZHA,CKG
ZZ,ZHA,FUG
ZZ,ZHA,FOC
ZZ,ZHA,KOW
ZZ,ZHA,CAN
ZZ,ZHA,KWE
ZZ,ZHA,HAK
ZZ,ZHA,HGH
ZZ,ZHA,HFE
ZZ,ZHA,SWA
ZZ,ZHA,TNA
ZZ,ZHA,KMG
ZZ,ZHA,LHW
ZZ,ZHA,LZO
ZZ,ZHA,KHN
ZZ,ZHA,NKG
ZZ,ZHA,JJN
ZZ,ZHA,JUZ
ZZ,ZHA,SYX
ZZ,ZHA,PVG
ZZ,ZHA,WUH
ZZ,ZHA,XIY
ZZ,ZHA,YIH
ZZ,ZHA,CGO
ZZ,ZHA,WMT
ZZ,ZHY,PEK
ZZ,ZHY,TFU
ZZ,ZHY,CKG
ZZ,ZHY,HET
ZZ,ZHY,URC
ZZ,ZHY,WUH
ZZ,ZHY,XIY
ZZ,ZIA,EVN
ZZ,ZIA,GYD
ZZ,ZIA,CTU
ZZ,ZIA,HGH
ZZ,ZIA,WUX
ZZ,ZIA,ALA
ZZ,ZIA,FRU
ZZ,ZIA,OSS
ZZ,ZIA,NNM
ZZ,ZIA,HRI
ZZ,ZIA,DYU
ZZ,ZIA,LBD
ZZ,ZIA,TJU
ZZ,ZIA,HKT
ZZ,ZIA,IST
ZZ,ZIA,FEG
ZZ,ZIA,NMA
ZZ,ZIA,TAS
ZZ,ZIA,UGC
ZZ,ZIH,YYC
ZZ,ZIH,YUL
ZZ,ZIH,YYZ
ZZ,ZIH,YVR
ZZ,ZIH,NLU
ZZ,ZIH,MEX
ZZ,ZIH,QRO
ZZ,ZIH,TIJ
ZZ,ZIH,TLC
ZZ,ZIH,ORD
ZZ,ZIH,DFW
ZZ,ZIH,IAH
ZZ,ZIH,LAX
ZZ,ZIH,MSP
ZZ,ZIH,PHX
ZZ,ZIH,SAN
ZZ,ZIH,SFO
ZZ,ZIX,YKS
ZZ,ZKE,YAT
ZZ,ZKE,YFA
ZZ,ZKP,YKS
ZZ,ZLO,YYC
ZZ,ZLO,MEX
ZZ,ZLO,DFW
ZZ,ZLO,IAH
ZZ,ZLO,LAX
ZZ,ZLO,PHX
ZZ,ZMT,YVR
ZZ,ZNA,YHS
ZZ,ZNA,CXH
ZZ,ZNA,YVR
ZZ,ZND,AJY
ZZ,ZND,NIM
ZZ,ZNE,ZNE
ZZ,ZNE,ONS
ZZ,ZNE,PER
ZZ,ZNE,PHE
ZZ,ZNZ,HRG
ZZ,ZNZ,ADD
ZZ,ZNZ,TLV
ZZ,ZNZ,FCO
ZZ,ZNZ,MBA
ZZ,ZNZ,NBO
ZZ,ZNZ,MCT
ZZ,ZNZ,WAW
ZZ,ZNZ,DOH
ZZ,ZNZ,JNB
ZZ,ZNZ,ARK
ZZ,ZNZ,DAR
ZZ,ZNZ,JRO
ZZ,ZNZ,PMA
ZZ,ZNZ,SEU
ZZ,ZNZ,TGT
ZZ,ZNZ,IST
ZZ,ZNZ,DXB
ZZ,ZOS,SCL
ZZ,ZPB,XBE
ZZ,ZPB,MSA
ZZ,ZPB,YXL
ZZ,ZQN,BNE
ZZ,ZQN,OOL
ZZ,ZQN,MEL
ZZ,ZQN,SYD
ZZ,ZQN,AKL
ZZ,ZQN,CHC
ZZ,ZQN,WLG
ZZ,ZQZ,SHA
ZZ,ZQZ,PVG
ZZ,ZQZ,SJW
ZZ,ZQZ,TSN
ZZ,ZQZ,XIY
ZZ,ZRH,TIA
ZZ,ZRH,GRZ
ZZ,ZRH,SZG
ZZ,ZRH,VIE
ZZ,ZRH,BRU
ZZ,ZRH,CRL
ZZ,ZRH,LGG
ZZ,ZRH,SJJ
ZZ,ZRH,GRU
ZZ,ZRH,SOF
ZZ,ZRH,YUL
ZZ,ZRH,YYZ
ZZ,ZRH,BVC
ZZ,ZRH,SID
ZZ,ZRH,PVG
ZZ,ZRH,BOG
ZZ,ZRH,SJO
ZZ,ZRH,PUY
ZZ,ZRH,SPU
ZZ,ZRH,ZAG
ZZ,ZRH,HAV
ZZ,ZRH,LCA
ZZ,ZRH,PRG
ZZ,ZRH,CPH
ZZ,ZRH,POP
ZZ,ZRH,PUJ
ZZ,ZRH,CAI
ZZ,ZRH,HRG
ZZ,ZRH,LXR
ZZ,ZRH,RMF
ZZ,ZRH,SSH
ZZ,ZRH,TLL
ZZ,ZRH,HEL
ZZ,ZRH,IVL
ZZ,ZRH,NCY
ZZ,ZRH,BOD
ZZ,ZRH,CMF
ZZ,ZRH,MRS
ZZ,ZRH,NTE
ZZ,ZRH,NCE
ZZ,ZRH,CDG
ZZ,ZRH,LBG
ZZ,ZRH,LTT
ZZ,ZRH,BER
ZZ,ZRH,BRE
ZZ,ZRH,CGN
ZZ,ZRH,DRS
ZZ,ZRH,DUS
ZZ,ZRH,FRA
ZZ,ZRH,HAM
ZZ,ZRH,HAJ
ZZ,ZRH,MUC
ZZ,ZRH,OBF
ZZ,ZRH,QCP
ZZ,ZRH,STR
ZZ,ZRH,GWT
ZZ,ZRH,ATH
ZZ,ZRH,HER
ZZ,ZRH,KLX
ZZ,ZRH,SKG
ZZ,ZRH,GCI
ZZ,ZRH,HKG
ZZ,ZRH,BUD
ZZ,ZRH,AEY
ZZ,ZRH,KEF
ZZ,ZRH,DEL
ZZ,ZRH,BOM
ZZ,ZRH,DUB
ZZ,ZRH,TLV
ZZ,ZRH,BLQ
ZZ,ZRH,BDS
ZZ,ZRH,CTA
ZZ,ZRH,FLR
ZZ,ZRH,LIN
ZZ,ZRH,MXP
ZZ,ZRH,NAP
ZZ,ZRH,PMO
ZZ,ZRH,FCO
ZZ,ZRH,TRN
ZZ,ZRH,VCE
ZZ,ZRH,VRN
ZZ,ZRH,NRT
ZZ,ZRH,AMM
ZZ,ZRH,PRN
ZZ,ZRH,RIX
ZZ,ZRH,BEY
ZZ,ZRH,VNO
ZZ,ZRH,LUX
ZZ,ZRH,MLE
ZZ,ZRH,MLA
ZZ,ZRH,MRU
ZZ,ZRH,CUN
ZZ,ZRH,TGD
ZZ,ZRH,AGA
ZZ,ZRH,RAK
ZZ,ZRH,AMS
ZZ,ZRH,OHD
ZZ,ZRH,SKP
ZZ,ZRH,BGO
ZZ,ZRH,OSL
ZZ,ZRH,TOS
ZZ,ZRH,MCT
ZZ,ZRH,GDN
ZZ,ZRH,KRK
ZZ,ZRH,RZE
ZZ,ZRH,WAW
ZZ,ZRH,WRO
ZZ,ZRH,FAO
ZZ,ZRH,FNC
ZZ,ZRH,LIS
ZZ,ZRH,OPO
ZZ,ZRH,DOH
ZZ,ZRH,OTP
ZZ,ZRH,CLJ
ZZ,ZRH,RUH
ZZ,ZRH,BEG
ZZ,ZRH,SEZ
ZZ,ZRH,SIN
ZZ,ZRH,BTS
ZZ,ZRH,KSC
ZZ,ZRH,LJU
ZZ,ZRH,CPT
ZZ,ZRH,JNB
ZZ,ZRH,ALC
ZZ,ZRH,BCN
ZZ,ZRH,BIO
ZZ,ZRH,FUE
ZZ,ZRH,LPA
ZZ,ZRH,IBZ
ZZ,ZRH,SPC
ZZ,ZRH,ACE
ZZ,ZRH,MAD
ZZ,ZRH,QYU
ZZ,ZRH,AGP
ZZ,ZRH,PMI
ZZ,ZRH,SVQ
ZZ,ZRH,TFS
ZZ,ZRH,VLC
ZZ,ZRH,CMB
ZZ,ZRH,GOT
ZZ,ZRH,ARN
ZZ,ZRH,BRN
ZZ,ZRH,GVA
ZZ,ZRH,QYZ
ZZ,ZRH,BKK
ZZ,ZRH,HKT
ZZ,ZRH,AYT
ZZ,ZRH,IST
ZZ,ZRH,SAW
ZZ,ZRH,ADB
ZZ,ZRH,AUH
ZZ,ZRH,DXB
ZZ,ZRH,DWC
ZZ,ZRH,BHX
ZZ,ZRH,BRS
ZZ,ZRH,EDI
ZZ,ZRH,FAB
ZZ,ZRH,LCY
ZZ,ZRH,LGW
ZZ,ZRH,LHR
ZZ,ZRH,LTN
ZZ,ZRH,STN
ZZ,ZRH,MAN
ZZ,ZRH,BOS
ZZ,ZRH,ORD
ZZ,ZRH,LAX
ZZ,ZRH,MIA
ZZ,ZRH,JFK
ZZ,ZRH,EWR
ZZ,ZRH,PHL
ZZ,ZRH,SFO
ZZ,ZRH,TPA
ZZ,ZRH,IAD
ZZ,ZRI,BIK
ZZ,ZRI,DJJ
ZZ,ZSA,LGI
ZZ,ZSA,NAS
ZZ,ZSA,YUL
ZZ,ZSA,SDQ
ZZ,ZSA,FLL
ZZ,ZSA,MIA
ZZ,ZSE,MRU
ZZ,ZSJ,KEW
ZZ,ZSJ,YXL
ZZ,ZTA,NUK
ZZ,ZTH,ATH
ZZ,ZTH,EFL
ZZ,ZUH,PEK
ZZ,ZUH,PKX
ZZ,ZUH,CGD
ZZ,ZUH,CSX
ZZ,ZUH,CZX
ZZ,ZUH,CTU
ZZ,ZUH,TFU
ZZ,ZUH,CKG
ZZ,ZUH,DZH
ZZ,ZUH,EHU
ZZ,ZUH,FUG
ZZ,ZUH,FOC
ZZ,ZUH,KOW
ZZ,ZUH,KWE
ZZ,ZUH,HAK
ZZ,ZUH,HGH
ZZ,ZUH,HRB
ZZ,ZUH,HFE
ZZ,ZUH,JGS
ZZ,ZUH,TNA
ZZ,ZUH,KMG
ZZ,ZUH,LYG
ZZ,ZUH,LYI
ZZ,ZUH,LZO
ZZ,ZUH,KHN
ZZ,ZUH,NKG
ZZ,ZUH,NTG
ZZ,ZUH,NGB
ZZ,ZUH,JJN
ZZ,ZUH,JUZ
ZZ,ZUH,SYX
ZZ,ZUH,SHA
ZZ,ZUH,PVG
ZZ,ZUH,SJW
ZZ,ZUH,TYN
ZZ,ZUH,TSN
ZZ,ZUH,WNZ
ZZ,ZUH,WUH
ZZ,ZUH,WHA
ZZ,ZUH,WUX
ZZ,ZUH,XIY
ZZ,ZUH,XMN
ZZ,ZUH,XFN
ZZ,ZUH,ACX
ZZ,ZUH,XUZ
ZZ,ZUH,YTY
ZZ,ZUH,YBP
ZZ,ZUH,YIH
ZZ,ZUH,YIW
ZZ,ZUH,YCU
ZZ,ZUH,CGO
ZZ,ZUH,WMT
ZZ,ZUH,ZYI
ZZ,ZUM,YYR
ZZ,ZVK,VTE
ZZ,ZVK,BKK
ZZ,ZWL,YVC
ZZ,ZWL,YNL
ZZ,ZWL,YPA
ZZ,ZWL,YXE
ZZ,ZYI,PKX
ZZ,ZYI,TFU
ZZ,ZYI,CAN
ZZ,ZYI,HAK
ZZ,ZYI,HGH
ZZ,ZYI,HFE
ZZ,ZYI,JHG
ZZ,ZYI,LHW
ZZ,ZYI,LJG
ZZ,ZYI,NKG
ZZ,ZYI,PVG
ZZ,ZYI,SZX
ZZ,ZYI,WNZ
ZZ,ZYI,WUH
ZZ,ZYI,XIY
ZZ,ZYI,XMN
ZZ,ZYI,ACX
ZZ,ZYI,ENY
ZZ,ZYI,CGO
ZZ,ZYI,ZUH
ZZ,ZYL,CXB
ZZ,ZYL,DAC
ZZ,ZYL,DOH
ZZ,ZYL,JED
ZZ,ZYL,MED
ZZ,ZYL,AUH
ZZ,ZYL,DXB
ZZ,ZYL,SHJ
ZZ,ZYL,LHR
ZZ,ZYL,MAN
ZZ,ZZV,APF
