ZZ,AAD,MGQ
ZZ,AIC,KWA
ZZ,AIC,MAJ
ZZ,ALQ,POA
ZZ,ANA,ASV
ZZ,ANA,WIL
ZZ,ANA,ABV
ZZ,ANA,LOS
ZZ,ARX,FOR
ZZ,AUL,KBT
ZZ,AYJ,AMD
ZZ,AYJ,BLR
ZZ,AYJ,MAA
ZZ,AYJ,DBR
ZZ,AYJ,DEL
ZZ,AYJ,JAI
ZZ,AYJ,CCU
ZZ,AYJ,BOM
ZZ,AYJ,PAT
ZZ,BCB,MGJ
ZZ,BDG,GUP
ZZ,BER,TIA
ZZ,BER,GRZ
ZZ,BER,SZG
ZZ,BER,VIE
ZZ,BER,GYD
ZZ,BER,BRU
ZZ,BER,SOF
ZZ,BER,VAR
ZZ,BER,PEK
ZZ,BER,LCA
ZZ,BER,PFO
ZZ,BER,CPH
ZZ,BER,CAI
ZZ,BER,HRG
ZZ,BER,RMF
ZZ,BER,SSH
ZZ,BER,TLL
ZZ,BER,HEL
ZZ,BER,BSL
ZZ,BER,CMF
ZZ,BER,LYS
ZZ,BER,MRS
ZZ,BER,NCE
ZZ,BER,CDG
ZZ,BER,ORY
ZZ,BER,SXB
ZZ,BER,KUT
ZZ,BER,TBS
ZZ,BER,QCB
ZZ,BER,CGN
ZZ,BER,DUS
ZZ,BER,ERF
ZZ,BER,FRA
ZZ,BER,HHN
ZZ,BER,MUC
ZZ,BER,NUE
ZZ,BER,SCN
ZZ,BER,QCP
ZZ,BER,QCS
ZZ,BER,STR
ZZ,BER,ATH
ZZ,BER,CFU
ZZ,BER,HER
ZZ,BER,RHO
ZZ,BER,SKG
ZZ,BER,BUD
ZZ,BER,KEF
ZZ,BER,EBL
ZZ,BER,DUB
ZZ,BER,TLV
ZZ,BER,BRI
ZZ,BER,BLQ
ZZ,BER,BZO
ZZ,BER,CTA
ZZ,BER,BGY
ZZ,BER,LIN
ZZ,BER,MXP
ZZ,BER,NAP
ZZ,BER,PMO
ZZ,BER,PSA
ZZ,BER,FCO
ZZ,BER,VCE
ZZ,BER,TSF
ZZ,BER,VRN
ZZ,BER,PRN
ZZ,BER,RIX
ZZ,BER,BEY
ZZ,BER,VNO
ZZ,BER,LUX
ZZ,BER,MLA
ZZ,BER,RMO
ZZ,BER,TGD
ZZ,BER,RAK
ZZ,BER,AMS
ZZ,BER,SKP
ZZ,BER,BGO
ZZ,BER,OSL
ZZ,BER,TOS
ZZ,BER,KRK
ZZ,BER,WAW
ZZ,BER,FAO
ZZ,BER,FNC
ZZ,BER,LIS
ZZ,BER,OPO
ZZ,BER,DOH
ZZ,BER,OTP
ZZ,BER,IAS
ZZ,BER,BEG
ZZ,BER,ALC
ZZ,BER,BCN
ZZ,BER,FUE
ZZ,BER,LPA
ZZ,BER,IBZ
ZZ,BER,SPC
ZZ,BER,ACE
ZZ,BER,MAD
ZZ,BER,AGP
ZZ,BER,PMI
ZZ,BER,TFS
ZZ,BER,VLC
ZZ,BER,GOT
ZZ,BER,ARN
ZZ,BER,GVA
ZZ,BER,SMV
ZZ,BER,ZRH
ZZ,BER,MIR
ZZ,BER,TUN
ZZ,BER,ESB
ZZ,BER,AYT
ZZ,BER,GZT
ZZ,BER,IST
ZZ,BER,SAW
ZZ,BER,ADB
ZZ,BER,DXB
ZZ,BER,DWC
ZZ,BER,BRS
ZZ,BER,EDI
ZZ,BER,GLA
ZZ,BER,BQH
ZZ,BER,LCY
ZZ,BER,LGW
ZZ,BER,LHR
ZZ,BER,LTN
ZZ,BER,STN
ZZ,BER,MAN
ZZ,BER,EMA
ZZ,BER,MIA
ZZ,BER,EWR
ZZ,BER,PBI
ZZ,BGS,KJA
ZZ,BIE,GCK
ZZ,BIE,OMA
ZZ,BKX,ATY
ZZ,BLM,LGA
ZZ,BLM,PHL
ZZ,BLM,TEB
ZZ,BLM,PBI
ZZ,BPA,CEB
ZZ,BQW,BME
ZZ,BQW,FIZ
ZZ,BQW,HCQ
ZZ,BRB,PHB
ZZ,BRB,SLZ
ZZ,BVX,CPS
ZZ,BWD,AUS
ZZ,BWD,BNA
ZZ,BWD,SAT
ZZ,BYW,OTS
ZZ,BYW,BLI
ZZ,BYW,ESD
ZZ,BYW,LPS
ZZ,BZX,PKX
ZZ,BZX,CTU
ZZ,BZX,CAN
ZZ,BZX,HAK
ZZ,BZX,TNA
ZZ,BZX,KMG
ZZ,BZX,LJG
ZZ,BZX,NKG
ZZ,BZX,NNG
ZZ,BZX,NGB
ZZ,BZX,TAO
ZZ,BZX,PVG
ZZ,BZX,SZX
ZZ,BZX,XIY
ZZ,BZX,YIW
ZZ,CBI,LST
ZZ,CEL,POA
ZZ,CFM,YYC
ZZ,CFM,YEG
ZZ,CJZ,REC
ZZ,CKW,BME
ZZ,CKW,KTA
ZZ,CKW,PER
ZZ,COL,OBN
ZZ,COL,TRE
ZZ,CPS,AUS
ZZ,CPS,BVX
ZZ,CPS,PWK
ZZ,CPS,DEN
ZZ,CPS,MKC
ZZ,CPS,KNT
ZZ,CPS,SGF
ZZ,CQW,TFU
ZZ,CQW,CAN
ZZ,CQW,TNA
ZZ,CQW,NKG
ZZ,CRU,GND
ZZ,CRU,SVD
ZZ,CSL,CUL
ZZ,CSL,ELP
ZZ,CSL,PHX
ZZ,CSL,SCF
ZZ,CSN,OXR
ZZ,CSN,SJC
ZZ,CSN,SCF
ZZ,CSU,POA
ZZ,CWF,BTR
ZZ,CXY,FLL
ZZ,CYC,BZE
ZZ,CYC,SPR
ZZ,CZN,ORT
ZZ,CZN,TKJ
ZZ,DBR,AYJ
ZZ,DBR,DEL
ZZ,DBR,HYD
ZZ,DBR,CCU
ZZ,DBR,BOM
ZZ,DBY,BNE
ZZ,DBY,RMA
ZZ,DBY,THG
ZZ,DDD,MLE
ZZ,DGH,DEL
ZZ,DGH,CCU
ZZ,DGH,PAT
ZZ,DGH,IXR
ZZ,DHG,ETL
ZZ,DHG,VVO
ZZ,DJN,FAI
ZZ,DJN,ORT
ZZ,DJN,TKJ
ZZ,DKA,ABV
ZZ,DLN,SCF
ZZ,DPB,PUQ
ZZ,DPT,YKS
ZZ,DRP,CEB
ZZ,DRP,MNL
ZZ,DVR,DRW
ZZ,DWO,NUF
ZZ,DXE,ADM
ZZ,DXE,UOX
ZZ,DXJ,PKX
ZZ,DXJ,CAN
ZZ,DXJ,NGB
ZZ,DZH,PEK
ZZ,DZH,CSX
ZZ,DZH,CTU
ZZ,DZH,TFU
ZZ,DZH,CAN
ZZ,DZH,KWE
ZZ,DZH,HAK
ZZ,DZH,HGH
ZZ,DZH,HFE
ZZ,DZH,SWA
ZZ,DZH,KMG
ZZ,DZH,LXA
ZZ,DZH,LJG
ZZ,DZH,NKG
ZZ,DZH,NNG
ZZ,DZH,TAO
ZZ,DZH,JJN
ZZ,DZH,SYX
ZZ,DZH,PVG
ZZ,DZH,SZX
ZZ,DZH,SJW
ZZ,DZH,TYN
ZZ,DZH,WEH
ZZ,DZH,WUH
ZZ,DZH,XIY
ZZ,DZH,XMN
ZZ,DZH,XIC
ZZ,DZH,YBP
ZZ,DZH,INC
ZZ,DZH,CGO
ZZ,DZH,HSN
ZZ,DZH,ZUH
ZZ,EAL,UJE
ZZ,EBO,MAJ
ZZ,EDC,ASE
ZZ,EDC,ADS
ZZ,EDC,DAL
ZZ,EDC,APA
ZZ,EDC,LAS
ZZ,EDC,MRF
ZZ,EDC,PWA
ZZ,EDC,SUX
ZZ,EDC,ACT
ZZ,EEA,VCP
ZZ,EHU,PEK
ZZ,EHU,PKX
ZZ,EHU,CGQ
ZZ,EHU,CSX
ZZ,EHU,CZX
ZZ,EHU,CTU
ZZ,EHU,TFU
ZZ,EHU,CKG
ZZ,EHU,DLC
ZZ,EHU,FOC
ZZ,EHU,CAN
ZZ,EHU,KWE
ZZ,EHU,HAK
ZZ,EHU,HGH
ZZ,EHU,HRB
ZZ,EHU,HFE
ZZ,EHU,HET
ZZ,EHU,SWA
ZZ,EHU,TNA
ZZ,EHU,KMG
ZZ,EHU,LHW
ZZ,EHU,NKG
ZZ,EHU,NNG
ZZ,EHU,NTG
ZZ,EHU,NGB
ZZ,EHU,TAO
ZZ,EHU,JJN
ZZ,EHU,PVG
ZZ,EHU,SHE
ZZ,EHU,SZX
ZZ,EHU,SJW
ZZ,EHU,TYN
ZZ,EHU,TSN
ZZ,EHU,URC
ZZ,EHU,WEF
ZZ,EHU,WNZ
ZZ,EHU,WUX
ZZ,EHU,XIY
ZZ,EHU,XMN
ZZ,EHU,XUZ
ZZ,EHU,INC
ZZ,EHU,YIW
ZZ,EHU,CGO
ZZ,EHU,ZUH
ZZ,EHU,AUH
ZZ,EJT,MAJ
ZZ,ELK,PWA
ZZ,ENI,CRK
ZZ,ENI,USU
ZZ,ENI,MPH
ZZ,ENI,CEB
ZZ,ENI,MNL
ZZ,ENI,TAG
ZZ,ERB,ASP
ZZ,ERB,AYQ
ZZ,EWE,MKQ
ZZ,EWE,TIM
ZZ,FAM,FYV
ZZ,FAU,OMM
ZZ,FAU,MCT
ZZ,FAU,RNM
ZZ,FDK,CHO
ZZ,FDK,LUK
ZZ,FDK,HDN
ZZ,FDK,RDU
ZZ,FND,MLE
ZZ,FOA,LWK
ZZ,GAX,POG
ZZ,GBI,BLR
ZZ,GBI,TIR
ZZ,GBL,CKI
ZZ,GBL,DRW
ZZ,GBW,KTA
ZZ,GBW,PER
ZZ,GDB,HYD
ZZ,GEM,BSG
ZZ,GEM,SSG
ZZ,GGF,BEL
ZZ,GGF,PTQ
ZZ,GGJ,CWB
ZZ,GHS,BPN
ZZ,GHV,DTM
ZZ,GHV,LTN
ZZ,GKT,FWA
ZZ,GKT,IKB
ZZ,GLE,SAF
ZZ,GNJ,DME
ZZ,GNJ,SVO
ZZ,GNJ,VKO
ZZ,GNJ,IST
ZZ,GNJ,SAW
ZZ,GOK,PNC
ZZ,GOX,AMD
ZZ,GOX,BLR
ZZ,GOX,BHO
ZZ,GOX,IXC
ZZ,GOX,MAA
ZZ,GOX,CJB
ZZ,GOX,DEL
ZZ,GOX,HYD
ZZ,GOX,JAI
ZZ,GOX,CCU
ZZ,GOX,BOM
ZZ,GOX,NAG
ZZ,GOX,ISK
ZZ,GOX,PAT
ZZ,GOX,PNQ
ZZ,GOX,HSR
ZZ,GOX,IXR
ZZ,GOX,RQY
ZZ,GOX,BDQ
ZZ,GOX,MCT
ZZ,GOX,LGW
ZZ,GOX,MAN
ZZ,GOY,KJA
ZZ,GRD,CHS
ZZ,GRD,MOT
ZZ,GRN,BFF
ZZ,GSH,HAO
ZZ,GSH,PTK
ZZ,GTS,ASP
ZZ,GTS,BNE
ZZ,GTS,DRW
ZZ,GTS,PER
ZZ,GTZ,KGL
ZZ,GTZ,ARK
ZZ,GTZ,JRO
ZZ,GTZ,LKY
ZZ,GTZ,MWZ
ZZ,GTZ,SEU
ZZ,GTZ,ZNZ
ZZ,GTZ,EBB
ZZ,GUO,MGQ
ZZ,GYB,PER
ZZ,GYZ,LNO
ZZ,GYZ,PER
ZZ,HAY,BOG
ZZ,HBK,SOW
ZZ,HBQ,XNN
ZZ,HCZ,PKX
ZZ,HCZ,TFU
ZZ,HCZ,CKG
ZZ,HCZ,FOC
ZZ,HCZ,HAK
ZZ,HCZ,KMG
ZZ,HCZ,NKG
ZZ,HCZ,NGB
ZZ,HCZ,JJN
ZZ,HCZ,PVG
ZZ,HCZ,XIY
ZZ,HDK,MLE
ZZ,HEZ,BHM
ZZ,HKR,ASV
ZZ,HKR,KIS
ZZ,HKR,WIL
ZZ,HKS,LRD
ZZ,HKS,MSY
ZZ,HKS,PWA
ZZ,HMS,BDJ
ZZ,HNB,AGC
ZZ,HQL,KHG
ZZ,HQQ,CAN
ZZ,HQQ,SZX
ZZ,HRA,BWE
ZZ,HRF,MLE
ZZ,HSA,SCO
ZZ,HSA,AKX
ZZ,HSA,ALA
ZZ,HSA,NQZ
ZZ,HSA,URA
ZZ,HSA,IST
ZZ,HSA,SAW
ZZ,HSA,AUH
ZZ,HSC,PKX
ZZ,HSC,TFU
ZZ,HSC,CKG
ZZ,HSC,HAK
ZZ,HSC,SWA
ZZ,HSC,PVG
ZZ,HSC,XIY
ZZ,HSI,OMA
ZZ,HSR,BLR
ZZ,HSR,DEL
ZZ,HSR,GOX
ZZ,HSR,IDR
ZZ,HSR,BOM
ZZ,HSR,PNQ
ZZ,HUM,AUS
ZZ,HYI,STS
ZZ,HZA,CGQ
ZZ,HZA,CSX
ZZ,HZA,TFU
ZZ,HZA,CKG
ZZ,HZA,DLC
ZZ,HZA,CAN
ZZ,HZA,HAK
ZZ,HZA,HGH
ZZ,HZA,HRB
ZZ,HZA,NNG
ZZ,HZA,PVG
ZZ,HZA,SZX
ZZ,HZA,WUH
ZZ,HZA,XIY
ZZ,HZA,XMN
ZZ,IAL,CNF
ZZ,IBM,PER
ZZ,ICL,DAL
ZZ,ICL,PAH
ZZ,ICO,MNL
ZZ,IFP,YWG
ZZ,IFP,ABQ
ZZ,IFP,AMA
ZZ,IFP,BJI
ZZ,IFP,BMI
ZZ,IFP,CMH
ZZ,IFP,DBQ
ZZ,IFP,FNT
ZZ,IFP,LAS
ZZ,IFP,SDF
ZZ,IFP,MSN
ZZ,IFP,MOT
ZZ,IFP,OKC
ZZ,IFP,STL
ZZ,INJ,TWB
ZZ,IRM,EZV
ZZ,IRM,HMA
ZZ,IRM,TJM
ZZ,IXX,BLR
ZZ,JAW,REC
ZZ,JCS,FOR
ZZ,JCU,AGP
ZZ,JGB,HYD
ZZ,JGB,RPR
ZZ,JIN,EBB
ZZ,JIN,KSE
ZZ,JIN,KHX
ZZ,JIN,MBQ
ZZ,JMA,CNF
ZZ,JPE,BEL
ZZ,JPO,REC
ZZ,JRK,JJU
ZZ,JRT,TMT
ZZ,JSO,JSB
ZZ,JZI,NAS
ZZ,JZI,GSO
ZZ,JZI,HOU
ZZ,JZI,SDF
ZZ,JZI,BNA
ZZ,JZI,TTN
ZZ,JZI,IAD
ZZ,JZI,HPN
ZZ,KBH,MWZ
ZZ,KBY,CED
ZZ,KBY,WUD
ZZ,KCI,BME
ZZ,KCI,DRB
ZZ,KCI,PER
ZZ,KDB,PER
ZZ,KDN,KTM
ZZ,KEA,ASB
ZZ,KEI,MKQ
ZZ,KEK,KNW
ZZ,KHX,EBB
ZZ,KHX,JIN
ZZ,KHX,KSE
ZZ,KIE,RAB
ZZ,KJB,BLR
ZZ,KJB,MAA
ZZ,KJB,VTZ
ZZ,KKQ,TJM
ZZ,KNK,ILI
ZZ,KNT,GWO
ZZ,KQR,PER
ZZ,KXA,KTN
ZZ,KXB,UPG
ZZ,KXO,KHX
ZZ,LAB,ROK
ZZ,LAB,TSV
ZZ,LDZ,JNB
ZZ,LHN,CNF
ZZ,LIK,KWA
ZZ,LKI,KNO
ZZ,LLM,HIR
ZZ,LMV,IFU
ZZ,LMV,NMF
ZZ,LMV,MLE
ZZ,LNU,BPN
ZZ,LNU,TRK
ZZ,LUL,MTN
ZZ,LUL,BNA
ZZ,LYT,BDB
ZZ,LYT,OOL
ZZ,LYT,HVB
ZZ,LYT,QBR
ZZ,LZG,PEK
ZZ,LZG,CAN
ZZ,LZG,PVG
ZZ,MAV,MAJ
ZZ,MBB,PER
ZZ,MBQ,EBB
ZZ,MBQ,JIN
ZZ,MBQ,KHX
ZZ,MDD,AUS
ZZ,MDD,ADS
ZZ,MDD,MGM
ZZ,MDD,PBI
ZZ,MDR,ASV
ZZ,MDR,MRE
ZZ,MDR,WIL
ZZ,MEV,MRY
ZZ,MIQ,BIE
ZZ,MIQ,LIT
ZZ,MIQ,FCM
ZZ,MIW,TYQ
ZZ,MIW,TEB
ZZ,MJB,AIM
ZZ,MJB,MAJ
ZZ,MJE,KWA
ZZ,MJE,MAJ
ZZ,MKT,OFK
ZZ,MML,FCM
ZZ,MMP,EOH
ZZ,MNQ,BDB
ZZ,MOR,FRR
ZZ,MRC,MQY
ZZ,MSK,BOG
ZZ,MSK,VVC
ZZ,MTB,EOH
ZZ,MUT,IOW
ZZ,MVE,XWA
ZZ,MVN,ABY
ZZ,MWS,MDC
ZZ,MXQ,SSA
ZZ,MYF,SFH
ZZ,MYF,LGB
ZZ,MYF,RAL
ZZ,MYF,SBD
ZZ,MZA,LIM
ZZ,NDE,WIL
ZZ,NDK,KIO
ZZ,NEI,AEM
ZZ,NEI,VVO
ZZ,NLU,LGG
ZZ,NLU,BOG
ZZ,NLU,HAV
ZZ,NLU,SDQ
ZZ,NLU,UIO
ZZ,NLU,CDG
ZZ,NLU,FRA
ZZ,NLU,LUX
ZZ,NLU,ACA
ZZ,NLU,CUN
ZZ,NLU,CUU
ZZ,NLU,CJS
ZZ,NLU,CLQ
ZZ,NLU,CUL
ZZ,NLU,DGO
ZZ,NLU,GDL
ZZ,NLU,HMO
ZZ,NLU,HUX
ZZ,NLU,LAP
ZZ,NLU,MZT
ZZ,NLU,MID
ZZ,NLU,MTY
ZZ,NLU,MLM
ZZ,NLU,NLD
ZZ,NLU,OAX
ZZ,NLU,PXM
ZZ,NLU,PVR
ZZ,NLU,REX
ZZ,NLU,SJD
ZZ,NLU,TAM
ZZ,NLU,TIJ
ZZ,NLU,TQO
ZZ,NLU,VER
ZZ,NLU,ZIH
ZZ,NLU,PTY
ZZ,NLU,ORD
ZZ,NLU,CVG
ZZ,NLU,DFW
ZZ,NLU,IAH
ZZ,NLU,HOU
ZZ,NLU,HSV
ZZ,NLU,IND
ZZ,NLU,LAX
ZZ,NLU,SDF
ZZ,NLU,MFE
ZZ,NLU,MIA
ZZ,NLU,CCS
ZZ,NMF,HAQ
ZZ,NMF,LMV
ZZ,NMF,MLE
ZZ,NPY,TBO
ZZ,NQZ,GYD
ZZ,NQZ,MSQ
ZZ,NQZ,LGG
ZZ,NQZ,PEK
ZZ,NQZ,SYX
ZZ,NQZ,URC
ZZ,NQZ,XIY
ZZ,NQZ,SSH
ZZ,NQZ,KUT
ZZ,NQZ,FRA
ZZ,NQZ,SCO
ZZ,NQZ,AKX
ZZ,NQZ,ALA
ZZ,NQZ,GUW
ZZ,NQZ,KSN
ZZ,NQZ,KZO
ZZ,NQZ,URA
ZZ,NQZ,UKK
ZZ,NQZ,PWQ
ZZ,NQZ,PPK
ZZ,NQZ,PLX
ZZ,NQZ,CIT
ZZ,NQZ,TDK
ZZ,NQZ,DMB
ZZ,NQZ,HSA
ZZ,NQZ,DZN
ZZ,NQZ,WAW
ZZ,NQZ,KZN
ZZ,NQZ,SVO
ZZ,NQZ,VKO
ZZ,NQZ,OVB
ZZ,NQZ,OMS
ZZ,NQZ,LED
ZZ,NQZ,SVX
ZZ,NQZ,ESB
ZZ,NQZ,AYT
ZZ,NQZ,IST
ZZ,NQZ,SAW
ZZ,NQZ,AUH
ZZ,NQZ,DXB
ZZ,NQZ,RKT
ZZ,NQZ,TAS
ZZ,NSB,FLL
ZZ,NSR,PNZ
ZZ,NSR,REC
ZZ,NUB,GTE
ZZ,NUB,KTR
ZZ,NUB,MCV
ZZ,NUM,DOH
ZZ,NUM,DMM
ZZ,NUM,JED
ZZ,NUM,RUH
ZZ,NUM,DXB
ZZ,NUM,LHR
ZZ,OCH,LUK
ZZ,ODT,DAL
ZZ,ODT,TUS
ZZ,OEC,DIL
ZZ,OLG,ASV
ZZ,OLG,WIL
ZZ,OLG,MDR
ZZ,OLU,OFK
ZZ,OMK,BFI
ZZ,OMM,FAU
ZZ,OMM,MCT
ZZ,OMM,RNM
ZZ,OMN,TAS
ZZ,ONL,LNK
ZZ,ONL,OFK
ZZ,OOD,OCM
ZZ,OOD,PER
ZZ,OOD,WLP
ZZ,OOT,TRW
ZZ,OPI,DRW
ZZ,OPP,BEL
ZZ,OSJ,ASV
ZZ,OSJ,ANA
ZZ,OSJ,WIL
ZZ,OSO,TSV
ZZ,OTG,APF
ZZ,OTS,BYW
ZZ,OTS,FRD
ZZ,OTS,LPS
ZZ,OUI,BES
ZZ,OUN,LAP
ZZ,OUN,EGE
ZZ,OUN,LNK
ZZ,OUN,QQT
ZZ,OUN,MEM
ZZ,OUN,PBI
ZZ,PDB,KNK
ZZ,PDM,PAC
ZZ,PGM,SOV
ZZ,PGO,TSM
ZZ,PHQ,TSV
ZZ,PJB,PHX
ZZ,PNX,LRD
ZZ,PQT,JAV
ZZ,PSF,BWI
ZZ,PSF,BED
ZZ,PSF,TEB
ZZ,PSN,TYR
ZZ,PTQ,BEL
ZZ,PTS,MKC
ZZ,PTS,AIZ
ZZ,PTW,RDG
ZZ,PYT,CNF
ZZ,QAC,ADL
ZZ,QAC,PUG
ZZ,QBA,BNK
ZZ,QBA,BWU
ZZ,QBA,QBA
ZZ,QBA,CSI
ZZ,QBA,CCL
ZZ,QBA,CFS
ZZ,QBA,OOL
ZZ,QBA,GYP
ZZ,QBA,SHT
ZZ,QBA,MCY
ZZ,QBA,TMW
ZZ,QBA,THG
ZZ,QBA,TDR
ZZ,QBA,TWB
ZZ,QBA,WTB
ZZ,QBA,WAZ
ZZ,QBA,WDI
ZZ,QBB,ADL
ZZ,QBB,PUG
ZZ,QBD,BME
ZZ,QBE,PER
ZZ,QBF,PER
ZZ,QBG,GET
ZZ,QBG,PER
ZZ,QBH,PER
ZZ,QBL,ROK
ZZ,QBL,MCY
ZZ,QBL,TSV
ZZ,QBN,PER
ZZ,QBO,PER
ZZ,QBP,ADL
ZZ,QBP,QBP
ZZ,QBP,PLO
ZZ,QBP,PPI
ZZ,QBP,WYA
ZZ,QBR,QBA
ZZ,QBR,OOL
ZZ,QBR,LSY
ZZ,QBR,QBR
ZZ,QBR,MCY
ZZ,QBS,CNS
ZZ,QBT,KGI
ZZ,QBU,PER
ZZ,QBW,PER
ZZ,QBY,PER
ZZ,QCF,QEF
ZZ,QCH,MPL
ZZ,QCM,ZAG
ZZ,QCM,BER
ZZ,QCO,BRQ
ZZ,QCP,SZG
ZZ,QCP,CPH
ZZ,QCP,HEL
ZZ,QCP,HAM
ZZ,QCP,MUC
ZZ,QCP,FLR
ZZ,QCP,BCN
ZZ,QCP,GVA
ZZ,QCP,ACH
ZZ,QCP,ZRH
ZZ,QCS,LTQ
ZZ,QCS,HAM
ZZ,QCS,LIN
ZZ,QCS,LCY
ZZ,QCU,QJI
ZZ,QCV,LIL
ZZ,QCV,STR
ZZ,QCV,WRO
ZZ,QCZ,MHG
ZZ,QCZ,ACH
ZZ,QCZ,ZRH
ZZ,QER,DUS
ZZ,QEW,SOF
ZZ,QEW,BRQ
ZZ,QEW,DRS
ZZ,QEW,ERF
ZZ,QEW,STR
ZZ,QEW,FRL
ZZ,QEZ,SZG
ZZ,QEZ,DUS
ZZ,QFC,LYS
ZZ,QGP,REC
ZZ,QGY,PDV
ZZ,QGY,IGS
ZZ,QHD,LJU
ZZ,QHT,GRQ
ZZ,QHT,TRF
ZZ,QKE,GCI
ZZ,QMK,JEG
ZZ,QOJ,SMV
ZZ,QOV,GRZ
ZZ,QPR,PED
ZZ,QQA,DPA
ZZ,QQA,FAR
ZZ,QQA,FLD
ZZ,QQA,RAP
ZZ,QQA,ROX
ZZ,QQB,QQB
ZZ,QQB,SFB
ZZ,QQB,UST
ZZ,QQB,PIE
ZZ,QQC,QSH
ZZ,QQC,OCF
ZZ,QQC,SAV
ZZ,QQD,AUS
ZZ,QQD,DKK
ZZ,QQD,DRT
ZZ,QQD,LRD
ZZ,QQF,MHH
ZZ,QQF,FPR
ZZ,QQG,LIT
ZZ,QQG,OCH
ZZ,QQG,PTK
ZZ,QQG,PVD
ZZ,QQG,ROG
ZZ,QQG,SAT
ZZ,QQG,SUS
ZZ,QQG,IAD
ZZ,QQG,ICT
ZZ,QQK,TPL
ZZ,QQL,COU
ZZ,QQL,LFT
ZZ,QQN,DEH
ZZ,QQN,FWA
ZZ,QQN,QTM
ZZ,QQN,LZU
ZZ,QQN,LEX
ZZ,QQN,PLN
ZZ,QQN,STL
ZZ,QQN,VDF
ZZ,QQN,BDL
ZZ,QQP,CRW
ZZ,QQQ,PDK
ZZ,QQQ,BZN
ZZ,QQQ,CLE
ZZ,QQQ,APF
ZZ,QQQ,PNE
ZZ,QQQ,RST
ZZ,QQQ,SUS
ZZ,QQR,BHM
ZZ,QQR,CLT
ZZ,QQR,APF
ZZ,QQR,ORL
ZZ,QQR,ECP
ZZ,QQR,SUA
ZZ,QQR,TPA
ZZ,QQR,PBI
ZZ,QQW,BFI
ZZ,QQX,GPT
ZZ,QQY,BWI
ZZ,QQY,CRW
ZZ,QQY,FRR
ZZ,QQY,TYS
ZZ,QQY,MMU
ZZ,QQY,PHL
ZZ,QQY,RIC
ZZ,QQY,SAV
ZZ,QQY,IAD
ZZ,QQY,PBI
ZZ,QQZ,CXO
ZZ,QQZ,DRT
ZZ,QQZ,GPT
ZZ,QQZ,LRD
ZZ,QQZ,HYI
ZZ,QSB,CID
ZZ,QSB,CGF
ZZ,QSB,LBE
ZZ,QSB,PHL
ZZ,QSB,SRQ
ZZ,QSD,ABQ
ZZ,QSD,CGZ
ZZ,QSD,LBB
ZZ,QSD,PHX
ZZ,QSD,SAN
ZZ,QSD,TUS
ZZ,QSE,AUS
ZZ,QSE,BPT
ZZ,QSE,EFD
ZZ,QSE,CWF
ZZ,QSE,MAF
ZZ,QSE,APC
ZZ,QSE,PWA
ZZ,QSE,AGC
ZZ,QSE,ROG
ZZ,QSE,SAT
ZZ,QSE,ICT
ZZ,QSH,GSP
ZZ,QSH,HUM
ZZ,QSH,AGC
ZZ,QSH,SAT
ZZ,QSH,SHV
ZZ,QSH,STL
ZZ,QSJ,MHH
ZZ,QSJ,ull
ZZ,QSJ,RDU
ZZ,QSK,AZS
ZZ,QSK,MIA
ZZ,QSK,APF
ZZ,QSK,ORL
ZZ,QSK,TLH
ZZ,QSM,QQX
ZZ,QSM,LYH
ZZ,QSM,QSM
ZZ,QSQ,RIC
ZZ,QSQ,UST
ZZ,QSV,BMG
ZZ,QSV,DSI
ZZ,QSV,LUL
ZZ,QSV,MGW
ZZ,QSY,QTM
ZZ,QSY,BFM
ZZ,QSY,QTP
ZZ,QTB,RMG
ZZ,QTB,TSM
ZZ,QTB,PBI
ZZ,QTC,ASE
ZZ,QTC,BUR
ZZ,QTC,CSN
ZZ,QTC,HHR
ZZ,QTC,POC
ZZ,QTC,LGB
ZZ,QTC,SIY
ZZ,QTC,SLC
ZZ,QTC,SJC
ZZ,QTC,SNA
ZZ,QTF,RBD
ZZ,QTF,APF
ZZ,QTG,QQD
ZZ,QTG,QQT
ZZ,QTH,LIT
ZZ,QTH,MLI
ZZ,QTM,PDK
ZZ,QTM,QSY
ZZ,QTM,DSI
ZZ,QTN,TUP
ZZ,QTP,TRI
ZZ,QTQ,HSV
ZZ,QTQ,NEW
ZZ,QTS,FTY
ZZ,QTT,ELH
ZZ,QTT,CMH
ZZ,QTT,OCF
ZZ,QTV,AUS
ZZ,QTV,WMH
ZZ,QUP,JAV
ZZ,QXB,AJA
ZZ,QYA,CRL
ZZ,QYF,LDE
ZZ,QYG,HAJ
ZZ,QYK,BIQ
ZZ,QYK,BOD
ZZ,QYL,CRL
ZZ,QYL,LBG
ZZ,QYL,MHG
ZZ,QYL,IAS
ZZ,QYL,QKF
ZZ,QYM,TLS
ZZ,QYM,XFW
ZZ,QYU,BCN
ZZ,QYU,IBZ
ZZ,QYV,RKE
ZZ,QYV,HAJ
ZZ,QZK,NCY
ZZ,RBW,OCF
ZZ,RBW,SUA
ZZ,RIE,MSP
ZZ,RLO,AEP
ZZ,RMO,EVN
ZZ,RMO,VIE
ZZ,RMO,GYD
ZZ,RMO,BRU
ZZ,RMO,SSH
ZZ,RMO,BVA
ZZ,RMO,CDG
ZZ,RMO,TBS
ZZ,RMO,BER
ZZ,RMO,DUS
ZZ,RMO,FRA
ZZ,RMO,HHN
ZZ,RMO,MUC
ZZ,RMO,ATH
ZZ,RMO,DUB
ZZ,RMO,TLV
ZZ,RMO,BLQ
ZZ,RMO,BGY
ZZ,RMO,MXP
ZZ,RMO,PMF
ZZ,RMO,FCO
ZZ,RMO,VCE
ZZ,RMO,VRN
ZZ,RMO,AMS
ZZ,RMO,WAW
ZZ,RMO,LIS
ZZ,RMO,OTP
ZZ,RMO,BCN
ZZ,RMO,AYT
ZZ,RMO,IST
ZZ,RMO,DXB
ZZ,RMO,FAB
ZZ,RMO,LTN
ZZ,RMO,STN
ZZ,RMZ,KZN
ZZ,RMZ,DME
ZZ,RMZ,NBC
ZZ,RMZ,OVB
ZZ,RMZ,NUX
ZZ,RMZ,KUF
ZZ,RMZ,LED
ZZ,RMZ,SGC
ZZ,RMZ,SVX
ZZ,RNM,FAU
ZZ,RNM,OMM
ZZ,RNM,MCT
ZZ,ROG,ABI
ZZ,ROG,CAK
ZZ,ROG,QQG
ZZ,ROG,WDG
ZZ,RON,EOH
ZZ,RQY,BLR
ZZ,RQY,GOX
ZZ,RQY,HYD
ZZ,RQY,TIR
ZZ,RRJ,CGH
ZZ,RRT,MSP
ZZ,RSI,JED
ZZ,RSI,RUH
ZZ,RSI,MAD
ZZ,RUL,MLE
ZZ,RUP,GAU
ZZ,RUP,CCU
ZZ,RXE,SLC
ZZ,RZV,ESB
ZZ,RZV,IST
ZZ,RZV,SAW
ZZ,RZV,ADB
ZZ,SAI,PNH
ZZ,SAI,KOS
ZZ,SAI,KMG
ZZ,SAI,LPQ
ZZ,SAI,PKZ
ZZ,SAI,KUL
ZZ,SAI,SIN
ZZ,SAI,DMK
ZZ,SAI,BKK
ZZ,SAI,DAD
ZZ,SAI,HAN
ZZ,SAI,SGN
ZZ,SAU,KOE
ZZ,SCR,AMS
ZZ,SCR,AGH
ZZ,SCR,MMX
ZZ,SCR,BMA
ZZ,SCR,THN
ZZ,SDW,BLR
ZZ,SDW,BOM
ZZ,SET,REC
ZZ,SHQ,OOL
ZZ,SHS,PKX
ZZ,SHS,TFU
ZZ,SHS,CKG
ZZ,SHS,FOC
ZZ,SHS,CAN
ZZ,SHS,KWE
ZZ,SHS,HAK
ZZ,SHS,HGH
ZZ,SHS,TNA
ZZ,SHS,KMG
ZZ,SHS,LHW
ZZ,SHS,NNG
ZZ,SHS,NGB
ZZ,SHS,TAO
ZZ,SHS,SYX
ZZ,SHS,PVG
ZZ,SHS,SZX
ZZ,SHS,WNZ
ZZ,SHS,XIY
ZZ,SHS,XMN
ZZ,SIY,HOU
ZZ,SIY,MFR
ZZ,SLG,ISM
ZZ,SPX,BUD
ZZ,SPX,MXP
ZZ,SPX,FCO
ZZ,SPX,KWI
ZZ,SPX,JED
ZZ,SPX,RUH
ZZ,SPX,SAW
ZZ,SPX,AUH
ZZ,SPX,DXB
ZZ,SPX,SHJ
ZZ,SPX,LTN
ZZ,SPZ,FXE
ZZ,SPZ,ECP
ZZ,SPZ,SUS
ZZ,SUE,PTK
ZZ,SUM,SJU
ZZ,SUM,MDW
ZZ,SWL,CRK
ZZ,SWL,MNL
ZZ,SZC,JHS
ZZ,TAD,CNE
ZZ,TDW,APA
ZZ,TDW,LBB
ZZ,TDW,MFE
ZZ,TDW,PVW
ZZ,TDW,ROW
ZZ,TEK,MRI
ZZ,TEK,NCN
ZZ,TFU,MEL
ZZ,TFU,SYD
ZZ,TFU,PNH
ZZ,TFU,YVR
ZZ,TFU,AKU
ZZ,TFU,AQG
ZZ,TFU,AOG
ZZ,TFU,ACF
ZZ,TFU,AEB
ZZ,TFU,BSD
ZZ,TFU,BAV
ZZ,TFU,RLK
ZZ,TFU,BHY
ZZ,TFU,PEK
ZZ,TFU,PKX
ZZ,TFU,CGQ
ZZ,TFU,CGD
ZZ,TFU,CSX
ZZ,TFU,CIH
ZZ,TFU,CZX
ZZ,TFU,HCZ
ZZ,TFU,JUH
ZZ,TFU,DLU
ZZ,TFU,DLC
ZZ,TFU,DCY
ZZ,TFU,DAT
ZZ,TFU,DYG
ZZ,TFU,DZH
ZZ,TFU,DOY
ZZ,TFU,DNH
ZZ,TFU,ENH
ZZ,TFU,EHU
ZZ,TFU,FUO
ZZ,TFU,FOC
ZZ,TFU,KOW
ZZ,TFU,GZG
ZZ,TFU,CAN
ZZ,TFU,KWL
ZZ,TFU,KWE
ZZ,TFU,HAK
ZZ,TFU,HMI
ZZ,TFU,HGH
ZZ,TFU,HRB
ZZ,TFU,HFE
ZZ,TFU,HNY
ZZ,TFU,HZA
ZZ,TFU,HET
ZZ,TFU,AHJ
ZZ,TFU,HTN
ZZ,TFU,HIA
ZZ,TFU,TXN
ZZ,TFU,HYN
ZZ,TFU,HUZ
ZZ,TFU,JGS
ZZ,TFU,JGN
ZZ,TFU,SWA
ZZ,TFU,TNA
ZZ,TFU,JDZ
ZZ,TFU,JHG
ZZ,TFU,SHS
ZZ,TFU,JNG
ZZ,TFU,KRY
ZZ,TFU,KHG
ZZ,TFU,KRL
ZZ,TFU,KMG
ZZ,TFU,KCA
ZZ,TFU,LHW
ZZ,TFU,LXA
ZZ,TFU,LYG
ZZ,TFU,LJG
ZZ,TFU,LNJ
ZZ,TFU,LFQ
ZZ,TFU,LYI
ZZ,TFU,LZH
ZZ,TFU,LLV
ZZ,TFU,LUM
ZZ,TFU,KHN
ZZ,TFU,NKG
ZZ,TFU,NNG
ZZ,TFU,NTG
ZZ,TFU,NGB
ZZ,TFU,LZY
ZZ,TFU,DSN
ZZ,TFU,SYM
ZZ,TFU,TAO
ZZ,TFU,IQN
ZZ,TFU,BAR
ZZ,TFU,JJN
ZZ,TFU,JUZ
ZZ,TFU,RIZ
ZZ,TFU,SYX
ZZ,TFU,SHA
ZZ,TFU,PVG
ZZ,TFU,SQD
ZZ,TFU,DIG
ZZ,TFU,HSC
ZZ,TFU,SHE
ZZ,TFU,SZX
ZZ,TFU,SHF
ZZ,TFU,SJW
ZZ,TFU,WDS
ZZ,TFU,JZH
ZZ,TFU,TCG
ZZ,TFU,TYN
ZZ,TFU,TVS
ZZ,TFU,TCZ
ZZ,TFU,TSN
ZZ,TFU,TEN
ZZ,TFU,TWC
ZZ,TFU,TLQ
ZZ,TFU,URC
ZZ,TFU,WEF
ZZ,TFU,WEH
ZZ,TFU,WNH
ZZ,TFU,WNZ
ZZ,TFU,WUA
ZZ,TFU,WUH
ZZ,TFU,WHA
ZZ,TFU,CQW
ZZ,TFU,WUX
ZZ,TFU,WUS
ZZ,TFU,WUZ
ZZ,TFU,XIY
ZZ,TFU,GXH
ZZ,TFU,XMN
ZZ,TFU,XFN
ZZ,TFU,XIC
ZZ,TFU,ACX
ZZ,TFU,XNN
ZZ,TFU,XAI
ZZ,TFU,WUT
ZZ,TFU,XUZ
ZZ,TFU,ENY
ZZ,TFU,YNZ
ZZ,TFU,YTY
ZZ,TFU,YNT
ZZ,TFU,YIH
ZZ,TFU,YIC
ZZ,TFU,INC
ZZ,TFU,YIN
ZZ,TFU,YIW
ZZ,TFU,YLX
ZZ,TFU,UYN
ZZ,TFU,YCU
ZZ,TFU,YUS
ZZ,TFU,ZHA
ZZ,TFU,CGO
ZZ,TFU,ZHY
ZZ,TFU,ZUH
ZZ,TFU,WMT
ZZ,TFU,ZYI
ZZ,TFU,CAI
ZZ,TFU,ADD
ZZ,TFU,HEL
ZZ,TFU,FRA
ZZ,TFU,HKG
ZZ,TFU,BLR
ZZ,TFU,MAA
ZZ,TFU,DEL
ZZ,TFU,BOM
ZZ,TFU,CGK
ZZ,TFU,FCO
ZZ,TFU,KIX
ZZ,TFU,NRT
ZZ,TFU,FRU
ZZ,TFU,VTE
ZZ,TFU,MFM
ZZ,TFU,KUL
ZZ,TFU,MLE
ZZ,TFU,KTM
ZZ,TFU,MPH
ZZ,TFU,MNL
ZZ,TFU,DOH
ZZ,TFU,SVO
ZZ,TFU,LED
ZZ,TFU,SIN
ZZ,TFU,ICN
ZZ,TFU,CMB
ZZ,TFU,TSA
ZZ,TFU,TPE
ZZ,TFU,DMK
ZZ,TFU,BKK
ZZ,TFU,CNX
ZZ,TFU,USM
ZZ,TFU,HKT
ZZ,TFU,IST
ZZ,TFU,DXB
ZZ,TFU,LHR
ZZ,TFU,LAX
ZZ,TFU,TAS
ZZ,TFU,HAN
ZZ,TFU,SGN
ZZ,TFU,CXR
ZZ,THA,TYS
ZZ,TKY,BME
ZZ,TKY,KNX
ZZ,TQO,GDL
ZZ,TQO,NLU
ZZ,TQO,MEX
ZZ,TQO,MTY
ZZ,TQO,TIJ
ZZ,TQO,ATL
ZZ,TQO,CLT
ZZ,TQO,DFW
ZZ,TQO,MIA
ZZ,TQP,BNE
ZZ,TQP,TSV
ZZ,TQR,FOG
ZZ,TRT,BPN
ZZ,TRT,UPG
ZZ,TTO,STP
ZZ,TTX,DRW
ZZ,TTX,UBU
ZZ,TWA,DLG
ZZ,TWA,TOG
ZZ,TYD,BQS
ZZ,TYQ,ASE
ZZ,TYQ,BFL
ZZ,TYQ,BRL
ZZ,TYQ,DAL
ZZ,TYQ,IND
ZZ,TYQ,TYS
ZZ,TYQ,MCN
ZZ,TYQ,BNA
ZZ,TZN,NAS
ZZ,UBN,PEK
ZZ,UBN,PKX
ZZ,UBN,HLD
ZZ,UBN,HET
ZZ,UBN,NZH
ZZ,UBN,XIY
ZZ,UBN,FRA
ZZ,UBN,HKG
ZZ,UBN,NRT
ZZ,UBN,ALA
ZZ,UBN,LTI
ZZ,UBN,DLZ
ZZ,UBN,HVD
ZZ,UBN,MXV
ZZ,UBN,ULG
ZZ,UBN,ULO
ZZ,UBN,ULZ
ZZ,UBN,IKT
ZZ,UBN,KJA
ZZ,UBN,UUD
ZZ,UBN,PUS
ZZ,UBN,ICN
ZZ,UBN,IST
ZZ,UBN,HAN
ZZ,UBU,KNX
ZZ,UBU,MIH
ZZ,UES,BMI
ZZ,UES,FLD
ZZ,UES,GGG
ZZ,UES,MKE
ZZ,UES,BNA
ZZ,UES,QQN
ZZ,UIT,MAJ
ZZ,UKE,BBI
ZZ,UKE,RPR
ZZ,UKH,MCT
ZZ,UNU,AEL
ZZ,UVI,CWB
ZZ,VDF,CHA
ZZ,VDF,FXE
ZZ,VDF,OPF
ZZ,VDF,MCO
ZZ,VDF,HPN
ZZ,VIP,GRO
ZZ,VJI,RIC
ZZ,VJI,SUA
ZZ,VPG,ASV
ZZ,VPG,UKA
ZZ,WAZ,BNE
ZZ,WAZ,QBA
ZZ,WAZ,CSI
ZZ,WAZ,OOL
ZZ,WAZ,QBR
ZZ,WAZ,WAZ
ZZ,WCD,LNO
ZZ,WCD,PER
ZZ,WDB,CGK
ZZ,WDB,MDC
ZZ,WDG,OKC
ZZ,WDG,RWI
ZZ,WHA,PKX
ZZ,WHA,CSX
ZZ,WHA,TFU
ZZ,WHA,CKG
ZZ,WHA,DLC
ZZ,WHA,FUO
ZZ,WHA,CAN
ZZ,WHA,KWE
ZZ,WHA,HAK
ZZ,WHA,NNG
ZZ,WHA,TAO
ZZ,WHA,SZX
ZZ,WHA,TSN
ZZ,WHA,WEH
ZZ,WHA,WNZ
ZZ,WHA,XIY
ZZ,WHA,XMN
ZZ,WHA,CGO
ZZ,WHA,HSN
ZZ,WHA,ZUH
ZZ,WHB,PER
ZZ,WHD,KTN
ZZ,WJA,MAJ
ZZ,WLE,BNE
ZZ,WLP,BME
ZZ,WLP,BQB
ZZ,WLP,OOD
ZZ,WLP,PER
ZZ,WPL,CXH
ZZ,WRN,PER
ZZ,WSK,CKG
ZZ,WSK,CAN
ZZ,WSK,SZX
ZZ,WTE,MAJ
ZZ,WTO,LML
ZZ,WUD,CVC
ZZ,WUD,KBY
ZZ,WUI,PER
ZZ,WVL,BGR
ZZ,WVL,BED
ZZ,WZA,ACC
ZZ,WZA,TML
ZZ,XCO,MBW
ZZ,XCO,SHT
ZZ,XPR,APA
ZZ,XPR,RAP
ZZ,XPR,FSD
ZZ,YAQ,YGG
ZZ,YAQ,CXH
ZZ,YFI,YYC
ZZ,YFI,YEG
ZZ,YHS,ZNA
ZZ,YHS,CXH
ZZ,YHS,YVR
ZZ,YLX,PEK
ZZ,YLX,CSX
ZZ,YLX,TFU
ZZ,YLX,HGH
ZZ,YTW,HTN
ZZ,YTW,KRL
ZZ,YTW,URC
ZZ,ZZO,NGK
ZZ,ZZO,UUS
