QBC,YAA
QBC,YVR
QCY,WRT
QEF,XMU
QEF,MGL
QEF,HHN
QEF,FKB
QEF,MHG
QFN,JNN
QIG,JCS
QJE,JEG
QJI,JCH
QOW,ABV
QOW,LOS
QPG,SYD
QPW,JEG
QPW,QRY
QPW,QMK
QQT,AUS
QQT,CMH
QQT,GMU
QQT,HOU
QQT,LIT
QQT,SGF
QQT,SGR
QQT,SLR
QQT,BDL
QRO,CUN
QRO,GDL
QRO,HMO
QRO,MZT
QRO,MID
QRO,MXL
QRO,NLU
QRO,MEX
QRO,MTY
QRO,PBC
QRO,PVR
QRO,SJD
QRO,TIJ
QRO,TLC
QRO,TRC
QRO,ZIH
QRO,CLT
QRO,ORD
QRO,DFW
QRO,DTW
QRO,IAH
QRO,LRD
QRO,SDF
QRO,MEM
QRO,SAT
QRW,ABV
QRW,LOS
QSA,PAE
QSA,SUN
QSA,PUW
QSA,DLS
QSA,YKM
QSF,ALG
QSF,LYS
QSF,MRS
QSF,ORY
QSI,VJI
QSI,SSI
QSI,JZI
QSI,HFD
QSI,PBI
QSN,BZN
QSN,LMT
QSN,PDT
QSN,PDX
QSN,TTD
QSN,BFI
QSZ,AKU
QSZ,HTN
QSZ,KHG
QSZ,KRL
QSZ,TWC
QSZ,URC
QSZ,XIY
QUO,ABV
QUO,LOS
QUV,QFN
QUW,JNN
RAB,BUA
RAB,HKN
RAB,KVG
RAB,LAE
RAB,LNV
RAB,POM
RAE,JED
RAE,RUH
RAH,JED
RAH,RUH
RAI,BVC
RAI,SID
RAI,MMO
RAI,SFL
RAI,SNE
RAI,VXE
RAI,CDG
RAI,OXB
RAI,CMN
RAI,LIS
RAI,PDL
RAI,DSS
RAK,VIE
RAK,BRU
RAK,CRL
RAK,CPH
RAK,BSL
RAK,BOD
RAK,BES
RAK,DLE
RAK,LIL
RAK,LIG
RAK,LYS
RAK,MRS
RAK,MPL
RAK,NTE
RAK,NCE
RAK,FNI
RAK,BVA
RAK,CDG
RAK,LBG
RAK,ORY
RAK,XCR
RAK,PGF
RAK,RNS
RAK,TLS
RAK,TUF
RAK,BER
RAK,CGN
RAK,DUS
RAK,FRA
RAK,HHN
RAK,MUC
RAK,NRN
RAK,ATH
RAK,DUB
RAK,BLQ
RAK,BGY
RAK,MXP
RAK,NAP
RAK,PSA
RAK,CIA
RAK,FCO
RAK,TRN
RAK,TSF
RAK,RIX
RAK,LUX
RAK,AGA
RAK,CMN
RAK,VIL
RAK,ESU
RAK,FEZ
RAK,AMS
RAK,EIN
RAK,RTM
RAK,OSL
RAK,WAW
RAK,LIS
RAK,OPO
RAK,MED
RAK,ALC
RAK,BCN
RAK,BIO
RAK,GRO
RAK,LPA
RAK,MAD
RAK,AGP
RAK,SDR
RAK,SVQ
RAK,VLC
RAK,ZAZ
RAK,ARN
RAK,GVA
RAK,ZRH
RAK,IST
RAK,BHX
RAK,BRS
RAK,EDI
RAK,LGW
RAK,LHR
RAK,LTN
RAK,STN
RAK,MAN
RAL,SBA
RAM,DRW
RAM,GOV
RAM,OPI
RAM,MGT
RAO,BSB
RAO,VCP
RAO,MCZ
RAO,NAT
RAO,BPS
RAO,REC
RAO,SDU
RAO,CGH
RAO,GRU
RAP,BIS
RAP,CTH
RAP,DFW
RAP,DEN
RAP,BJC
RAP,GRN
RAP,LAS
RAP,MSP
RAP,AZA
RAP,FSD
RAP,STP
RAR,SYD
RAR,AIT
RAR,PPT
RAR,AKL
RAR,HNL
RAS,PGU
RAS,BND
RAS,KIH
RAS,MHD
RAS,SYZ
RAS,THR
RAS,SAW
RBA,BRU
RBA,CRL
RBA,BOD
RBA,LYS
RBA,MRS
RBA,NTE
RBA,NCE
RBA,BVA
RBA,CDG
RBA,ORY
RBA,TLS
RBA,NRN
RBA,CIA
RBA,AGA
RBA,FEZ
RBA,RBA
RBA,TNG
RBA,CAT
RBA,MED
RBA,BCN
RBA,MAD
RBA,MAH
RBA,AGP
RBA,SVQ
RBA,GVA
RBA,STN
RBB,MAO
RBD,ASE
RBD,BJC
RBD,ERV
RBD,MLC
RBD,APF
RBD,SAN
RBD,SGR
RBL,MOD
RBL,RNO
RBM,SZG
RBQ,LPB
RBR,BSB
RBR,CZS
RBR,MAO
RBR,PVH
RBV,VAO
RBY,FAI
RBY,GAL
RCB,JNB
RCE,ESD
RCE,FRD
RCH,BOG
RCH,MDE
RCM,HGD
RCM,JCK
RCO,BOD
RCQ,ROS
RCU,AEP
RDB,ANC
RDD,TIJ
RDD,BUR
RDD,CSG
RDD,LAX
RDD,MCE
RDD,SMF
RDD,MHR
RDD,SFO
RDD,SEA
RDG,BGR
RDG,BWG
RDG,DPA
RDG,LUK
RDG,DET
RDG,DTW
RDG,ELM
RDG,HZL
RDG,HTS
RDG,LBE
RDG,MNZ
RDG,OPF
RDG,OWD
RDG,RDU
RDG,RIC
RDM,BOI
RDM,BUR
RDM,CYS
RDM,DEN
RDM,JAC
RDM,LAS
RDM,LAX
RDM,ONP
RDM,PSP
RDM,PHX
RDM,PDX
RDM,SLC
RDM,SAN
RDM,SFO
RDM,STS
RDM,SEA
RDN,SZB
RDN,TGG
RDN,XSP
RDO,LCA
RDO,FCO
RDP,BLR
RDP,DEL
RDP,HYD
RDP,BOM
RDU,FPO
RDU,YYZ
RDU,CDG
RDU,KEF
RDU,CUN
RDU,SJU
RDU,LHR
RDU,CAK
RDU,FTY
RDU,ATL
RDU,AUS
RDU,BWI
RDU,BED
RDU,TRI
RDU,BOS
RDU,SSI
RDU,CLT
RDU,CHO
RDU,MDW
RDU,ORD
RDU,CVG
RDU,CLE
RDU,CAE
RDU,CMH
RDU,USA
RDU,DFW
RDU,DAL
RDU,DEN
RDU,DTW
RDU,FLL
RDU,GSO
RDU,GMU
RDU,QSH
RDU,HHH
RDU,IAH
RDU,HOU
RDU,IND
RDU,QQQ
RDU,ISP
RDU,TYS
RDU,LAS
RDU,LIT
RDU,LAX
RDU,LOU
RDU,SDF
RDU,MHT
RDU,MEO
RDU,MEM
RDU,MIA
RDU,MSP
RDU,BNA
RDU,EWN
RDU,HVN
RDU,MSY
RDU,JFK
RDU,LGA
RDU,EWR
RDU,ORF
RDU,CRE
RDU,EDE
RDU,MCO
RDU,OTM
RDU,PHL
RDU,PNE
RDU,PHX
RDU,PIT
RDU,PVD
RDU,RIC
RDU,ROC
RDU,RKH
RDU,RWI
RDU,MHR
RDU,SLC
RDU,SFO
RDU,QTT
RDU,SAV
RDU,SEA
RDU,RSW
RDU,STL
RDU,STP
RDU,SUA
RDU,SYR
RDU,TLH
RDU,TPA
RDU,TEB
RDU,VNY
RDU,VDI
RDU,IAD
RDU,DCA
RDU,PBI
RDU,HPN
RDU,ILM
RDU,BDL
RDV,SLQ
RDZ,ORY
RDZ,LDE
REC,AEP
REC,EZE
REC,AJU
REC,JAW
REC,BEL
REC,CNF
REC,BSB
REC,CJZ
REC,CPV
REC,VCP
REC,CAU
REC,FEC
REC,FEN
REC,FOR
REC,QGP
REC,GYN
REC,JPA
REC,JDO
REC,MCZ
REC,MAO
REC,MVF
REC,NAT
REC,JPO
REC,PAV
REC,PNZ
REC,POA
REC,RAO
REC,GIG
REC,SSA
REC,SJP
REC,SLZ
REC,CGH
REC,GRU
REC,NSR
REC,SET
REC,THE
REC,UDI
REC,VIX
REC,FRA
REC,LIS
REC,MVD
REG,LIN
REG,CIA
REG,FCO
REL,BHI
REL,AEP
REL,EZE
REL,CRD
REL,COR
REL,FTE
REL,USH
REN,KZN
REN,MRV
REN,SVO
REN,GOJ
REN,OVB
REN,AER
REN,LED
REN,SVX
REN,DYU
RER,GUA
RES,AEP
RES,COR
RES,IGR
RES,SLA
RET,BOO
RET,SVJ
REU,BRQ
REU,SNN
REU,ZRH
REU,STN
REU,MAN
REX,CUN
REX,GDL
REX,NLU
REX,MEX
REX,NTR
REX,TAM
REX,VER
RFD,ICN
RFD,ABE
RFD,ANC
RFD,BWI
RFD,CID
RFD,GYY
RFD,CLE
RFD,DFW
RFD,DEN
RFD,DTW
RFD,MDT
RFD,IAH
RFD,QTM
RFD,MCI
RFD,LAL
RFD,LAN
RFD,LAS
RFD,LAX
RFD,SDF
RFD,MEM
RFD,MIA
RFD,MSP
RFD,JFK
RFD,EWR
RFD,OAK
RFD,OMA
RFD,ONT
RFD,SFB
RFD,PIA
RFD,AZA
RFD,PHX
RFD,PDX
RFD,PGD
RFD,ROG
RFD,SMF
RFD,MHR
RFD,SLC
RFD,SBD
RFD,SRQ
RFD,BFI
RFD,SEA
RFD,STL
RFD,PIE
RFD,BDL
RFP,BOB
RFP,HUH
RFP,MAU
RFP,PPT
RGA,AEP
RGI,APK
RGI,AXR
RGI,FAV
RGI,MVT
RGI,PPT
RGI,TIH
RGK,KZN
RGK,KJA
RGK,DME
RGK,SVO
RGK,OVB
RGK,NUX
RGK,SLY
RGK,SGC
RGK,SVX
RGL,AEP
RGL,EZE
RGL,CRD
RGN,PNH
RGN,PEK
RGN,CAN
RGN,HGH
RGN,KMG
RGN,NNG
RGN,MAA
RGN,DEL
RGN,GAY
RGN,CCU
RGN,KUL
RGN,TVY
RGN,HEH
RGN,KMV
RGN,KAW
RGN,KET
RGN,KYP
RGN,LSH
RGN,MDL
RGN,MNU
RGN,MGZ
RGN,MYT
RGN,NYT
RGN,NYU
RGN,AKY
RGN,THL
RGN,SNW
RGN,SIN
RGN,ICN
RGN,TPE
RGN,DMK
RGN,BKK
RGN,CNX
RGN,HKT
RGN,DXB
RGN,HAN
RGN,SGN
RHD,AEP
RHI,MKE
RHI,FCM
RHI,MSP
RHO,VIE
RHO,BRU
RHO,BER
RHO,CGN
RHO,DUS
RHO,FRA
RHO,HAM
RHO,HAJ
RHO,STR
RHO,ATH
RHO,HER
RHO,AOK
RHO,KZS
RHO,KGS
RHO,SMI
RHO,SKG
RHO,DXB
RHO,BHX
RHO,STN
RHO,MAN
RHV,TVL
RIA,POA
RIB,VVI
RIB,TDD
RIC,YSJ
RIC,LOS
RIC,PDK
RIC,ATL
RIC,BOS
RIC,CHS
RIC,CLT
RIC,MDW
RIC,ORD
RIC,CVG
RIC,CAE
RIC,DFW
RIC,DEN
RIC,DTW
RIC,FLL
RIC,AFW
RIC,GSO
RIC,IAH
RIC,JAX
RIC,LAS
RIC,LNK
RIC,LAX
RIC,SDF
RIC,MEM
RIC,MIA
RIC,BNA
RIC,MSY
RIC,JFK
RIC,LGA
RIC,EWR
RIC,PHF
RIC,ORF
RIC,MCO
RIC,SFB
RIC,PTB
RIC,PHL
RIC,PHX
RIC,PVD
RIC,PGD
RIC,RDU
RIC,RDG
RIC,RIC
RIC,ROA
RIC,SFO
RIC,RSW
RIC,PIE
RIC,TPA
RIC,TEB
RIC,IAD
RIC,BDL
RIC,INT
RIH,YUL
RIH,YQB
RIH,YYZ
RIL,DUB
RIL,SJD
RIL,PWK
RIL,DEN
RIL,SAN
RIL,CLD
RIL,SRC
RIS,OKD
RIV,ANC
RIV,IAH
RIV,MCI
RIV,GRK
RIV,BNA
RIV,TUS
RIW,CPR
RIW,COD
RIW,DEN
RIX,VIE
RIX,BRU
RIX,CRL
RIX,LCA
RIX,PFO
RIX,PRG
RIX,BLL
RIX,CPH
RIX,HRG
RIX,SSH
RIX,TLL
RIX,HEL
RIX,TMP
RIX,TKU
RIX,NCE
RIX,BVA
RIX,CDG
RIX,KUT
RIX,TBS
RIX,BER
RIX,CGN
RIX,DUS
RIX,FRA
RIX,HAM
RIX,HOQ
RIX,FMM
RIX,MUC
RIX,ATH
RIX,BUD
RIX,KEF
RIX,DUB
RIX,CTA
RIX,FLR
RIX,BGY
RIX,MXP
RIX,FCO
RIX,TSF
RIX,VRN
RIX,NQZ
RIX,KUN
RIX,PLQ
RIX,VNO
RIX,MLA
RIX,AGA
RIX,RAK
RIX,AMS
RIX,OSL
RIX,TRF
RIX,GDN
RIX,KRK
RIX,WAW
RIX,FNC
RIX,LIS
RIX,OTP
RIX,ALC
RIX,BCN
RIX,LPA
RIX,MAD
RIX,AGP
RIX,TFS
RIX,GOT
RIX,ARN
RIX,BMA
RIX,GVA
RIX,ZRH
RIX,IST
RIX,DXB
RIX,BRS
RIX,EDI
RIX,LBA
RIX,LGW
RIX,LHR
RIX,STN
RIX,MAN
RIX,EMA
RIX,TAS
RIY,JED
RIY,ADE
RIY,SCT
RIZ,PKX
RIZ,CGQ
RIZ,CSX
RIZ,TFU
RIZ,CKG
RIZ,DLC
RIZ,CAN
RIZ,HAK
RIZ,HGH
RIZ,HRB
RIZ,KHN
RIZ,PVG
RIZ,SHE
RIZ,SZX
RIZ,WUH
RIZ,XIY
RJA,BLR
RJA,MAA
RJA,HYD
RJB,KTM
RJH,DAC
RJK,OSI
RJK,SPU
RJK,MUC
RJL,MAD
RKA,KHZ
RKD,BED
RKD,BOS
RKD,MTH
RKE,KLU
RKE,BLL
RKE,RNN
RKE,BYR
RKE,RKE
RKE,STA
RKE,LBC
RKE,FMO
RKE,NUE
RKE,GOT
RKE,ORB
RKH,FTY
RKH,MYR
RKH,PNS
RKS,CPR
RKS,DEN
RKS,EVW
RKS,SLC
RKT,PRG
RKT,JIB
RKT,CAI
RKT,BUD
RKT,HYD
RKT,CCJ
RKT,BOM
RKT,ALA
RKT,NQZ
RKT,ISB
RKT,LHE
RKT,PEW
RKT,KTW
RKT,DOH
RKT,JED
RKT,CMB
RKV,FRA
RKV,CNP
RKV,AEY
RKV,BIU
RKV,EGS
RKV,GJR
RKV,HFN
RKV,IFJ
RKZ,CTU
RKZ,CKG
RKZ,XIY
RLG,TKU
RLG,FDH
RLG,HOQ
RLG,AYT
RLG,NCL
RLK,PEK
RLK,PKX
RLK,TFU
RLK,CIF
RLK,HET
RLK,TGO
RLK,XIY
RLK,XIL
RLK,CGO
RMA,BNE
RMA,CTL
RMA,DBY
RMA,OOL
RMA,INJ
RMA,WTB
RMF,SZG
RMF,VIE
RMF,BRQ
RMF,OSR
RMF,PRG
RMF,CAI
RMF,HRG
RMF,LXR
RMF,SSH
RMF,BER
RMF,CGN
RMF,DUS
RMF,FRA
RMF,HAJ
RMF,LEJ
RMF,MUC
RMF,NUE
RMF,STR
RMF,BUD
RMF,MXP
RMF,NAP
RMF,FCO
RMF,VRN
RMF,AMS
RMF,KTW
RMF,POZ
RMF,RZE
RMF,WAW
RMF,BTS
RMF,ZRH
RMF,ISL
RMF,LGW
RMI,TIA
RMI,CGN
RMI,BUD
RMI,CAG
RMI,MXP
RMI,CIA
RMP,MNT
RMP,FAI
RMQ,NKG
RMQ,HKG
RMQ,MFM
RMQ,HUN
RMQ,KNH
RMQ,LZN
RMQ,MZG
RMQ,DAD
RMQ,HAN
RMQ,SGN
RMS,SOF
RMS,CPH
RMS,HEL
RMS,ATH
RMS,VNO
RMS,WAW
RMS,LIS
RMS,OTP
RMS,BTS
RMS,ARN
RMS,BWI
RMT,PPT
RMT,RUR
RMU,DUB
RMU,OUD
RMU,BCN
RMU,LPA
RMU,MAD
RMU,BHX
RMU,PIK
RMU,LGW
RMU,STN
RMU,MAN
RMU,EMA
RNA,IRA
RNA,NNB
RNB,HAM
RNB,ARN
RNB,BMA
RNE,GNB
RNI,BEF
RNI,MGA
RNJ,KOJ
RNJ,OKA
RNL,BNY
RNL,HIR
RNN,CPH
RNN,RKE
RNO,GDL
RNO,ALN
RNO,BIH
RNO,BOI
RNO,BUR
RNO,ORD
RNO,LUK
RNO,DFW
RNO,DAL
RNO,DEN
RNO,EKO
RNO,GUC
RNO,HWD
RNO,IAH
RNO,LAS
RNO,HSH
RNO,LGB
RNO,LAX
RNO,SDF
RNO,MYV
RNO,MEM
RNO,MRY
RNO,JFK
RNO,OAK
RNO,ONT
RNO,PHX
RNO,PDX
RNO,RNO
RNO,SMF
RNO,MHR
RNO,SLC
RNO,SAT
RNO,SAN
RNO,SFO
RNO,SJC
RNO,SNA
RNO,SMO
RNO,SEA
RNO,TRM
RNO,VCB
RNO,VNY
RNS,AVN
RNS,BES
RNS,DNR
RNS,LME
RNS,LRT
RNS,LYS
RNS,MRS
RNS,NCE
RNS,CDG
RNS,LBG
RNS,VIY
RNS,PUF
RNS,RNS
RNS,SBK
RNS,TLS
RNS,QYT
RNS,QYV
RNS,CGN
RNS,RMS
RNS,RAK
RNS,AMS
RNS,VLC
RNS,MMX
RNS,LGW
RNT,QQW
RNT,MVW
RNT,NUQ
RNT,RNT
RNT,SFF
ROA,ATL
ROA,CRW
ROA,CLT
ROA,ORD
ROA,CKB
ROA,CLE
ROA,IND
ROA,SDF
ROA,MNZ
ROA,MEM
ROA,LGA
ROA,SFB
ROA,PHL
ROA,RIC
ROA,SEG
ROA,PIE
ROA,TEB
ROA,IAD
ROB,BRU
ROB,ACC
ROB,CKY
ROB,ABJ
ROB,CMN
ROB,FNA
ROC,ull
ROC,ATL
ROC,BWI
ROC,BED
ROC,BHM
ROC,BOS
ROC,BDR
ROC,BUF
ROC,CLT
ROC,MDW
ROC,ORD
ROC,CVG
ROC,DTW
ROC,ELM
ROC,QSV
ROC,MEM
ROC,MIA
ROC,JFK
ROC,LGA
ROC,EWR
ROC,IAG
ROC,MCO
ROC,SFB
ROC,PHL
ROC,PNE
ROC,TTN
ROC,PGD
ROC,RDU
ROC,ROC
ROC,SFO
ROC,SCH
ROC,SGF
ROC,TPA
ROC,TEB
ROC,IAD
ROC,DCA
ROC,HPN
ROC,BDL
ROI,DMK
ROK,BWU
ROK,BNE
ROK,CNS
ROK,EMD
ROK,OOL
ROK,HVB
ROK,QBL
ROK,MKY
ROK,MEL
ROK,ROK
ROK,MCY
ROK,TSV
ROK,LAB
ROO,VCP
ROP,GUM
ROP,SPN
ROR,GUM
ROR,CGK
ROR,NRT
ROR,MFM
ROR,KUL
ROR,PNI
ROR,YAP
ROR,POM
ROR,MNL
ROR,TPE
ROS,AEP
ROS,EZE
ROS,FTE
ROS,MDZ
ROS,NQN
ROS,IGR
ROS,RCQ
ROS,SLA
ROS,BRC
ROS,GIG
ROS,GRU
ROS,PTY
ROT,AKL
ROT,CHC
ROT,WLG
ROV,SVO
ROV,LED
ROV,DYU
ROW,ALM
ROW,DFW
ROW,ELP
ROW,FMN
ROW,HOB
ROW,LRU
ROW,EWR
ROW,OMA
ROZ,PSA
ROZ,LPA
ROZ,NGU
RPM,GTE
RPM,KTR
RPR,AMD
RPR,BLR
RPR,BHO
RPR,BBI
RPR,MAA
RPR,DEL
RPR,GOI
RPR,HYD
RPR,IDR
RPR,JGB
RPR,CCU
RPR,LKO
RPR,BOM
RPR,PNQ
RPR,UKE
RQA,HTN
RQA,KRL
RQA,IQM
RQA,TLQ
RQA,URC
RQA,CGO
RRG,MRU
RRG,RUN
RRK,BBI
RRK,CCU
RRR,PPT
RRS,OSL
RSA,AEP
RSD,GGT
RSD,GHB
RSD,NAS
RSD,ELH
RSD,FXE
RSH,ANI
RSH,BET
RSH,KLG
RSL,HYS
RSL,MKC
RST,BHM
RST,BRD
RST,MDW
RST,ORD
RST,DVN
RST,DEC
RST,FNT
RST,GRR
RST,HOT
RST,IND
RST,JVL
RST,DXE
RST,MKT
RST,MCW
RST,MEM
RST,QQA
RST,FCM
RST,MSP
RST,APC
RST,OSH
RST,OWB
RST,SLC
RSU,CJU
RSU,GMP
RSW,YOW
RSW,YYZ
RSW,FRA
RSW,SJU
RSW,STN
RSW,CAK
RSW,ALB
RSW,ATL
RSW,ACY
RSW,BWI
RSW,BVY
RSW,BOS
RSW,BUF
RSW,CHS
RSW,CLT
RSW,MDW
RSW,ORD
RSW,CVG
RSW,CLE
RSW,CMH
RSW,DFW
RSW,DAL
RSW,DEN
RSW,DTW
RSW,DLH
RSW,EAU
RSW,GRR
RSW,GRB
RSW,GPT
RSW,IAH
RSW,HOU
RSW,IND
RSW,ISP
RSW,MCI
RSW,LAS
RSW,LAX
RSW,SDF
RSW,MSN
RSW,MEM
RSW,MKE
RSW,MSP
RSW,MMU
RSW,APF
RSW,BNA
RSW,HVN
RSW,MSY
RSW,JFK
RSW,LGA
RSW,EWR
RSW,ORF
RSW,PHL
RSW,TTN
RSW,PIT
RSW,PWM
RSW,PVD
RSW,RDU
RSW,RIC
RSW,SLC
RSW,SFO
RSW,SEA
RSW,STL
RSW,SYR
RSW,THA
RSW,IAD
RSW,DCA
RSW,HPN
RSW,ILG
RSW,BDL
RSW,ORH
RTA,NAN
RTA,SUV
RTB,BZE
RTB,YUL
RTB,YYZ
RTB,SAL
RTB,GUA
RTB,LCE
RTB,SAP
RTB,TGU
RTB,UII
RTB,ATL
RTB,DFW
RTB,DEN
RTB,FXE
RTB,IAH
RTB,MIA
RTB,MSP
RTG,KOE
RTM,INN
RTM,SZG
RTM,ANR
RTM,LGG
RTM,ODE
RTM,EGC
RTM,CFE
RTM,GNB
RTM,LBG
RTM,QCD
RTM,LEJ
RTM,KLX
RTM,BGY
RTM,FCO
RTM,AHU
RTM,FEZ
RTM,RAK
RTM,NDR
RTM,OUD
RTM,TNG
RTM,AMS
RTM,QHS
RTM,RTM
RTM,GDN
RTM,FAO
RTM,LIS
RTM,ALC
RTM,BCN
RTM,FUE
RTM,LPA
RTM,AGP
RTM,TFS
RTM,VLC
RTM,GVA
RTM,SAW
RTM,ASR
RTM,EDI
RTM,FAB
RTM,HUY
RTM,LCY
RTM,NHT
RTM,QKF
RTS,PER
RTS,JAD
RTS,RTS
RUA,EBB
RUH,KBL
RUH,VIE
RUH,GYD
RUH,BAH
RUH,DAC
RUH,LGG
RUH,PKX
RUH,CAN
RUH,PVG
RUH,SZX
RUH,HBE
RUH,ATZ
RUH,CAI
RUH,SPX
RUH,HMB
RUH,ADD
RUH,CDG
RUH,TBS
RUH,FRA
RUH,MUC
RUH,ATH
RUH,HKG
RUH,BUD
RUH,COK
RUH,DEL
RUH,HYD
RUH,CNN
RUH,CCJ
RUH,LKO
RUH,BOM
RUH,CIA
RUH,FCO
RUH,AMM
RUH,NBO
RUH,KWI
RUH,BEY
RUH,MLE
RUH,CMN
RUH,KTM
RUH,MCT
RUH,ISB
RUH,KHI
RUH,LHE
RUH,MUX
RUH,PEW
RUH,MNL
RUH,DOH
RUH,AHB
RUH,ULH
RUH,ABT
RUH,ELQ
RUH,RAE
RUH,BHH
RUH,DMM
RUH,DWD
RUH,URY
RUH,HAS
RUH,JED
RUH,GIZ
RUH,MED
RUH,EAM
RUH,NUM
RUH,AQI
RUH,RAH
RUH,RSI
RUH,AJF
RUH,SHW
RUH,TUU
RUH,TIF
RUH,TUI
RUH,WAE
RUH,YNB
RUH,ICN
RUH,CMB
RUH,PZU
RUH,GVA
RUH,ZRH
RUH,TPE
RUH,BKK
RUH,IST
RUH,SAW
RUH,AUH
RUH,DXB
RUH,DWC
RUH,SHJ
RUH,LHR
RUH,JFK
RUH,IAD
RUH,HAN
RUH,ADE
RUN,MRS
RUN,CDG
RUN,ORY
RUN,TNR
RUN,DIE
RUN,NOS
RUN,TMM
RUN,FTU
RUN,MRU
RUN,RRG
RUN,DZA
RUN,SEZ
RUN,JNB
RUN,BKK
RUR,PPT
RUR,RMT
RUR,TUB
RUT,AUG
RUT,BOS
RUT,DSM
RUT,HYA
RVD,VCP
RVE,BOG
RVE,BGA
RVK,OSY
RVK,TRD
RVN,BRU
RVN,CRL
RVN,HEL
RVN,KUO
RVN,OUL
RVN,TMP
RVN,DUS
RVN,DUB
RVN,TLV
RVN,BGY
RVN,AMS
RVN,TOS
RVN,LPL
RVN,LGW
RVN,STN
RVS,QQK
RVS,CUH
RVS,GCK
RVS,GUY
RVS,MKC
RVS,LRU
RVS,PWA
RVS,SAV
RVS,FSD
RVS,UCY
RVS,BEC
RVS,ICT
RVT,ALH
RVV,PPT
RVV,TUB
RWF,MKT
RWI,DNN
RWI,ISM
RWI,AGC
RWI,PBI
RWL,DEN
RWL,HDN
RXS,MNL
RYN,BOD
RZE,LGG
RZE,HRG
RZE,RMF
RZE,SSH
RZE,CGN
RZE,FRA
RZE,HHN
RZE,MUC
RZE,DUB
RZE,MXP
RZE,FCO
RZE,LUX
RZE,RTM
RZE,KRK
RZE,WAW
RZE,ICN
RZE,BRN
RZE,BRS
RZE,LTN
RZE,STN
RZE,MAN
RZE,EMA
RZR,MHD
RZR,THR
SAB,SXM
SAC,BNG
SAC,LVK
SAC,NUQ
SAC,RBG
SAC,SLC
SAD,TUS
SAE,UMD
SAF,EDC
SAF,ADS
SAF,DFW
SAF,DEN
SAF,IAH
SAF,LAS
SAF,MRY
SAF,HVN
SAF,PHX
SAF,SLC
SAF,HPN
SAG,BLR
SAG,MAA
SAG,DEL
SAG,HYD
SAG,IDR
SAG,VGA
SAH,JIB
SAH,AMM
SAH,NBO
SAL,YUL
SAL,YYZ
SAL,BOG
SAL,SJO
SAL,SDQ
SAL,GYE
SAL,UIO
SAL,SAL
SAL,GUA
SAL,RTB
SAL,SAP
SAL,XPL
SAL,CUN
SAL,MEX
SAL,MGA
SAL,PTY
SAL,MAD
SAL,ATL
SAL,BOS
SAL,DFW
SAL,FLL
SAL,IAH
SAL,LAX
SAL,MIA
SAL,JFK
SAL,EWR
SAL,OAK
SAL,ONT
SAL,SFO
SAL,IAD
SAN,YYC
SAN,YUL
SAN,YYZ
SAN,YVR
SAN,MUC
SAN,NRT
SAN,CUN
SAN,MXL
SAN,PVR
SAN,SJD
SAN,TIJ
SAN,ZIH
SAN,LHR
SAN,ABQ
SAN,ATL
SAN,AUS
SAN,BFL
SAN,BWI
SAN,BOI
SAN,BOS
SAN,BZN
SAN,QTC
SAN,CID
SAN,QSD
SAN,CLT
SAN,MDW
SAN,ORD
SAN,CVG
SAN,DFW
SAN,DAL
SAN,DEN
SAN,DTW
SAN,EGE
SAN,ELP
SAN,EUG
SAN,PAE
SAN,FNL
SAN,FLL
SAN,FAT
SAN,HDN
SAN,HNL
SAN,IAH
SAN,HOU
SAN,IPL
SAN,IND
SAN,OGG
SAN,MCI
SAN,KOA
SAN,LAS
SAN,LIH
SAN,LAX
SAN,SDF
SAN,MEM
SAN,MIA
SAN,MSP
SAN,MRY
SAN,BNA
SAN,MSY
SAN,JFK
SAN,EWR
SAN,OAK
SAN,ONT
SAN,MCO
SAN,PSP
SAN,PHL
SAN,PHX
SAN,PDX
SAN,PVU
SAN,RDM
SAN,RNO
SAN,SMF
SAN,SLC
SAN,SAT
SAN,CLD
SAN,SFO
SAN,SJC
SAN,SBP
SAN,SNA
SAN,STS
SAN,SCF
SAN,SEA
SAN,GEG
SAN,STL
SAN,TPA
SAN,TEB
SAN,TUS
SAN,AVW
SAN,VNY
SAN,IAD
SAN,HPN
SAP,BZE
SAP,SAL
SAP,GUA
SAP,LCE
SAP,RTB
SAP,TGU
SAP,UII
SAP,MEX
SAP,PTY
SAP,MAD
SAP,ATL
SAP,FLL
SAP,IAH
SAP,MIA
SAP,MSY
SAP,EWR
SAP,MCO
SAQ,GGT
SAQ,NAS
SAQ,TYM
SAQ,FXE
SAT,CSL
SAT,CUN
SAT,GDL
SAT,MZT
SAT,MEX
SAT,MTY
SAT,PDS
SAT,QRO
SAT,BJX
SAT,AEX
SAT,ATL
SAT,AUS
SAT,BWI
SAT,BOS
SAT,BWD
SAT,BUR
SAT,CLT
SAT,CHA
SAT,MDW
SAT,ORD
SAT,RFD
SAT,LUK
SAT,CRP
SAT,ADS
SAT,DFW
SAT,DAL
SAT,DRT
SAT,APA
SAT,DEN
SAT,DTW
SAT,ELP
SAT,FYV
SAT,FLL
SAT,AFW
SAT,HRL
SAT,IAH
SAT,HOU
SAT,JAX
SAT,MCI
SAT,ERV
SAT,EYW
SAT,LRD
SAT,LAS
SAT,HSH
SAT,LAX
SAT,SDF
SAT,LBB
SAT,MFE
SAT,MEM
SAT,MIA
SAT,MAF
SAT,MSP
SAT,BNA
SAT,MSY
SAT,JFK
SAT,EWR
SAT,OGD
SAT,OKC
SAT,MCO
SAT,PNE
SAT,PHX
SAT,RIC
SAT,ROW
SAT,SLC
SAT,SJT
SAT,SAN
SAT,SFO
SAT,SAF
SAT,SEA
SAT,STL
SAT,SGR
SAT,TPA
SAT,TEB
SAT,TUL
SAT,VRB
SAT,VCT
SAT,IAD
SAT,PBI
SAT,ICT
SAV,GHC
SAV,MHH
SAV,SCQ
SAV,PLS
SAV,CAK
SAV,ATW
SAV,AVL
SAV,PDK
SAV,ATL
SAV,AUS
SAV,BWI
SAV,BCT
SAV,BOS
SAV,JZI
SAV,CLT
SAV,CHA
SAV,PWK
SAV,MDW
SAV,ORD
SAV,CVG
SAV,CLE
SAV,CAE
SAV,LCK
SAV,DFW
SAV,DAL
SAV,DAN
SAV,DEN
SAV,FXE
SAV,GNV
SAV,GRR
SAV,GPT
SAV,HHH
SAV,IAH
SAV,HOU
SAV,IND
SAV,CRG
SAV,LEX
SAV,SDF
SAV,MEM
SAV,MIA
SAV,APF
SAV,BNA
SAV,HVN
SAV,JFK
SAV,LGA
SAV,EWR
SAV,PHF
SAV,SFB
SAV,PHL
SAV,PNE
SAV,PIT
SAV,PVD
SAV,SAV
SAV,VLD
SAV,VNY
SAV,IAD
SAV,DCA
SAV,PBI
SAV,HPN
SAV,ILM
SAV,BDL
SAW,TIA
SAW,EVN
SAW,VIE
SAW,GYD
SAW,GNJ
SAW,BAH
SAW,BRU
SAW,CRL
SAW,LGG
SAW,SJJ
SAW,ZAG
SAW,PRG
SAW,CPH
SAW,HBE
SAW,CAI
SAW,SPX
SAW,HRG
SAW,SSH
SAW,HEL
SAW,BSL
SAW,LYS
SAW,MRS
SAW,CDG
SAW,ORY
SAW,BUS
SAW,KUT
SAW,TBS
SAW,BER
SAW,CGN
SAW,DTM
SAW,DUS
SAW,FRA
SAW,HAM
SAW,HAJ
SAW,LEJ
SAW,MUC
SAW,NUE
SAW,STR
SAW,ATH
SAW,BUD
SAW,RAS
SAW,TBZ
SAW,IKA
SAW,OMH
SAW,BGW
SAW,BSR
SAW,EBL
SAW,BLQ
SAW,BGY
SAW,FCO
SAW,VCE
SAW,AMM
SAW,ALA
SAW,NQZ
SAW,CIT
SAW,HSA
SAW,PRN
SAW,KWI
SAW,FRU
SAW,OSS
SAW,BEY
SAW,KUL
SAW,TGD
SAW,CMN
SAW,TNG
SAW,AMS
SAW,EIN
SAW,RTM
SAW,SKP
SAW,OSL
SAW,MCT
SAW,KHI
SAW,DOH
SAW,OTP
SAW,KZN
SAW,VKO
SAW,LED
SAW,DMM
SAW,JED
SAW,MED
SAW,RUH
SAW,BEG
SAW,BCN
SAW,MAD
SAW,ARN
SAW,GVA
SAW,ZRH
SAW,ADA
SAW,ADF
SAW,AJI
SAW,ESB
SAW,HTY
SAW,AYT
SAW,BAL
SAW,BGG
SAW,BJV
SAW,DLM
SAW,DNZ
SAW,DIY
SAW,EDO
SAW,EZS
SAW,ECN
SAW,ERC
SAW,ERZ
SAW,GZT
SAW,GZP
SAW,IGD
SAW,ADB
SAW,KSY
SAW,ASR
SAW,KYA
SAW,MLX
SAW,MQM
SAW,MZH
SAW,MSR
SAW,NAV
SAW,OGU
SAW,RZV
SAW,SZF
SAW,GNY
SAW,NKT
SAW,VAS
SAW,TJK
SAW,TZX
SAW,VAN
SAW,AUH
SAW,DXB
SAW,SHJ
SAW,BHX
SAW,LHR
SAW,LTN
SAW,STN
SAW,MAN
SBA,SJD
SBA,AUS
SBA,AVX
SBA,BUR
SBA,CPM
SBA,DFW
SBA,DEN
SBA,HWD
SBA,HOU
SBA,ISO
SBA,LAS
SBA,LGB
SBA,LAX
SBA,MSC
SBA,NUQ
SBA,APC
SBA,OAK
SBA,PHX
SBA,PDX
SBA,RNO
SBA,RAL
SBA,SMF
SBA,SBD
SBA,SQL
SBA,SFO
SBA,SMO
SBA,SEA
SBA,TWF
SBA,VNY
SBD,ABE
SBD,AUS
SBD,RFD
SBD,CVG
SBD,HNL
SBD,MCI
SBD,SDF
SBD,MEM
SBD,MSP
SBD,VGT
SBD,PHX
SBD,RIC
SBD,CLD
SBD,SFO
SBD,SEA
SBH,AXA
SBH,ANU
SBH,PTP
SBH,SFG
SBH,SXM
SBH,SJU
SBH,STT
SBK,RNS
SBM,MTY
SBM,ALN
SBM,MDW
SBM,ORD
SBM,TOP
SBN,ATL
SBN,CLT
SBN,ORD
SBN,OSU
SBN,DFW
SBN,DTW
SBN,IND
SBN,LAS
SBN,SDF
SBN,MEM
SBN,MSP
SBN,SFB
SBN,PHL
SBN,AZA
SBN,PTK
SBN,PGD
SBN,SRQ
SBN,STL
SBN,PIE
SBN,HPN
SBP,BUR
SBP,CCR
SBP,DFW
SBP,DEN
SBP,LAS
SBP,LGB
SBP,LAX
SBP,ONT
SBP,PHX
SBP,PDX
SBP,SAC
SBP,SAN
SBP,SFO
SBP,SNA
SBP,SMX
SBP,SEA
SBR,GIC
SBR,HID
SBT,DME
SBW,BTU
SBW,JHB
SBW,BKI
SBW,KUL
SBW,KCH
SBW,MYY
SBW,MKM
SBY,BWI
SBY,CLT
SBY,HFD
SBY,PHL
SBZ,VIE
SBZ,DTM
SBZ,FDH
SBZ,FKB
SBZ,FMM
SBZ,MUC
SBZ,NUE
SBZ,LTN
SCC,ANC
SCC,BRW
SCC,BTI
SCC,NUI
SCE,ORD
SCE,CGF
SCE,GVL
SCE,EWR
SCE,PHL
SCE,PIT
SCF,YYC
SCF,SJD
SCF,ABQ
SCF,ASE
SCF,AUS
SCF,BUR
SCF,PWK
SCF,CNO
SCF,COE
SCF,COS
SCF,CMH
SCF,CLU
SCF,OSU
SCF,CCR
SCF,ADS
SCF,APA
SCF,BJC
SCF,DTW
SCF,DHN
SCF,EGE
SCF,ELY
SCF,FOD
SCF,FXE
SCF,FTW
SCF,GRR
SCF,GOK
SCF,LAS
SCF,LNK
SCF,LAX
SCF,APF
SCF,BNA
SCF,OFK
SCF,PWA
SCF,OMA
SCF,ORL
SCF,PSP
SCF,DVT
SCF,PHX
SCF,PRC
SCF,SLC
SCF,SAN
SCF,CLD
SCF,SNA
SCF,SBA
SCF,SCF
SCF,STL
SCF,SCK
SCF,TEB
SCF,TUS
SCF,AVW
SCF,TUL
SCF,VNY
SCH,ROC
SCK,BWI
SCK,QTC
SCK,CVG
SCK,LAS
SCK,OAK
SCK,PHX
SCK,SNA
SCK,TKF
SCK,TUS
SCL,AEP
SCL,EZE
SCL,COR
SCL,MDZ
SCL,BRC
SCL,MEL
SCL,SYD
SCL,LPB
SCL,VVI
SCL,CNF
SCL,VCP
SCL,CWB
SCL,FLN
SCL,IGU
SCL,POA
SCL,GIG
SCL,GRU
SCL,YYZ
SCL,ANF
SCL,ARI
SCL,BBA
SCL,CJC
SCL,MHC
SCL,CCP
SCL,CPO
SCL,IQQ
SCL,LSC
SCL,LSQ
SCL,IPC
SCL,ZOS
SCL,PMC
SCL,PNT
SCL,PUQ
SCL,ZCO
SCL,ZAL
SCL,BOG
SCL,CLO
SCL,MDE
SCL,PUJ
SCL,SDQ
SCL,GYE
SCL,UIO
SCL,CDG
SCL,CUN
SCL,MEX
SCL,AKL
SCL,PTY
SCL,ASU
SCL,CUZ
SCL,LIM
SCL,TRU
SCL,BCN
SCL,MAD
SCL,LHR
SCL,ATL
SCL,DFW
SCL,IAH
SCL,LAX
SCL,MIA
SCL,JFK
SCL,MVD
SCM,BET
SCM,HPB
SCN,TZL
SCN,BER
SCN,HAM
SCN,PMI
SCN,AYT
SCO,EVN
SCO,GYD
SCO,KUT
SCO,TBS
SCO,AKX
SCO,ALA
SCO,NQZ
SCO,GUW
SCO,KOV
SCO,URA
SCO,CIT
SCO,HSA
SCO,ASF
SCO,GRV
SCO,MRV
SCO,SVO
SCO,IST
SCO,DXB
SCO,LHR
SCQ,PRG
SCQ,BSL
SCQ,CDG
SCQ,FRA
SCQ,BGY
SCQ,AMS
SCQ,ALC
SCQ,LEI
SCQ,BCN
SCQ,BIO
SCQ,FUE
SCQ,LPA
SCQ,IBZ
SCQ,ACE
SCQ,MAD
SCQ,AGP
SCQ,PMI
SCQ,SVQ
SCQ,TFN
SCQ,TFS
SCQ,VLC
SCQ,VIT
SCQ,ZAZ
SCQ,GVA
SCQ,LGW
SCQ,STN
SCT,ADE
SCT,AAY
SCT,RIY
SCU,HAV
SCU,JBQ
SCU,SDQ
SCU,PAP
SCU,KIN
SCU,MAD
SCU,PBM
SCU,MIA
SCU,CCS
SCU,PMV
SCV,DTM
SCV,FMM
SCV,MXP
SCV,FCO
SCV,OTP
SCV,LTN
SCW,KZN
SCW,MRV
SCW,SVO
SCW,VKO
SCW,NNM
SCW,PEX
SCW,AER
SCW,LED
SCW,USK
SCW,UTS
SCW,VKT
SCW,SVX
SCY,GYE
SCY,IBB
SCZ,LLM
SCZ,HIR
SCZ,IRA
SDD,LAD
SDD,MSZ
SDE,AEP
SDE,EZE
SDF,BDA
SDF,YHM
SDF,YMX
SDF,YYZ
SDF,YVR
SDF,CGN
SDF,DUB
SDF,NRT
SDF,NLU
SDF,MTY
SDF,SJU
SDF,DXB
SDF,ALB
SDF,ABY
SDF,ABQ
SDF,ANC
SDF,AVL
SDF,ATL
SDF,AGS
SDF,AUS
SDF,BWI
SDF,BKW
SDF,BIL
SDF,BHM
SDF,BCT
SDF,BOI
SDF,BOS
SDF,BUF
SDF,IFP
SDF,BUR
SDF,CID
SDF,CHS
SDF,CRW
SDF,CLT
SDF,PWK
SDF,MDW
SDF,ORD
SDF,RFD
SDF,CLE
SDF,CTH
SDF,CAE
SDF,OSU
SDF,LCK
SDF,DFW
SDF,DAL
SDF,DEC
SDF,DEN
SDF,DTW
SDF,ELP
SDF,FAR
SDF,FLL
SDF,FWA
SDF,FAT
SDF,GSO
SDF,GSP
SDF,MDT
SDF,HNL
SDF,IAH
SDF,HOU
SDF,HSV
SDF,TYQ
SDF,JAN
SDF,JAX
SDF,MCI
SDF,TYS
SDF,LFT
SDF,LAN
SDF,LAS
SDF,LIT
SDF,LGB
SDF,LAX
SDF,LBB
SDF,MHT
SDF,MFE
SDF,MEM
SDF,MIA
SDF,MKE
SDF,MSP
SDF,MLI
SDF,MSY
SDF,JFK
SDF,LGA
SDF,EWR
SDF,SWF
SDF,OAK
SDF,OKC
SDF,OMA
SDF,ONT
SDF,MCO
SDF,SFB
SDF,ECP
SDF,PNS
SDF,PIA
SDF,PHL
SDF,PHX
SDF,PIT
SDF,PDX
SDF,PVD
SDF,PGD
SDF,RDU
SDF,RNO
SDF,RIC
SDF,ROA
SDF,MHR
SDF,SLC
SDF,SAT
SDF,SBD
SDF,SAN
SDF,SFO
SDF,SRQ
SDF,SAV
SDF,BFI
SDF,SHV
SDF,FSD
SDF,RSW
SDF,GEG
SDF,SGF
SDF,STL
SDF,PIE
SDF,SYR
SDF,TPA
SDF,TVF
SDF,TVC
SDF,TUL
SDF,IAD
SDF,DCA
SDF,PBI
SDF,ICT
SDF,BDL
SDG,THR
SDJ,DLC
SDJ,PVG
SDJ,FUK
SDJ,HIJ
SDJ,UKB
SDJ,NGO
SDJ,OKA
SDJ,ITM
SDJ,KIX
SDJ,CTS
SDJ,ICN
SDJ,TPE
SDK,BKI
SDK,KUL
SDK,LDU
SDK,TWU
SDL,ORB
SDL,ARN
SDM,ESE
SDM,MRY
SDM,NUQ
SDM,APC
SDM,OAK
SDM,ONT
SDM,SBA
SDM,STS
SDM,YUM
SDN,OSL
SDN,SOG
SDP,ANC
SDP,CDB
SDP,DUT
SDQ,AXA
SDQ,ANU
SDQ,EZE
SDQ,AUA
SDQ,GRU
SDQ,YUL
SDQ,YYZ
SDQ,SCL
SDQ,BOG
SDQ,CLO
SDQ,CTG
SDQ,MDE
SDQ,SJO
SDQ,HAV
SDQ,SCU
SDQ,CUR
SDQ,STI
SDQ,UIO
SDQ,SAL
SDQ,ORY
SDQ,FRA
SDQ,PTP
SDQ,GUA
SDQ,GEO
SDQ,KIN
SDQ,FDF
SDQ,CUN
SDQ,NLU
SDQ,MEX
SDQ,BON
SDQ,SXM
SDQ,PTY
SDQ,LIM
SDQ,BQN
SDQ,SJU
SDQ,SKB
SDQ,MAD
SDQ,PLS
SDQ,ATL
SDQ,BOS
SDQ,FXE
SDQ,FLL
SDQ,MEM
SDQ,MIA
SDQ,JFK
SDQ,EWR
SDQ,MCO
SDQ,PHL
SDQ,BRM
SDQ,CCS
SDQ,MAR
SDQ,MUN
SDQ,VLN
SDQ,EIS
SDQ,STX
SDQ,STT
SDR,VIE
SDR,CRL
SDR,LYN
SDR,BVA
SDR,DUB
SDR,BGY
SDR,FCO
SDR,TSF
SDR,RAK
SDR,OVD
SDR,BCN
SDR,LPA
SDR,MAD
SDR,AGP
SDR,PMI
SDR,SVQ
SDR,TFN
SDR,VLC
SDR,VGO
SDR,BHX
SDR,EDI
SDR,STN
SDR,MAN
SDU,CNF
SDU,BSB
SDU,VCP
SDU,RAO
SDU,CGH
SDU,GRU
SDU,VIX
SDX,YYJ
SDX,LAS
SDY,BIL
SDY,BIS
SEA,NAS
SEA,BZE
SEA,YYC
SEA,YEG
SEA,YLW
SEA,YYZ
SEA,YVR
SEA,YYJ
SEA,PEK
SEA,PVG
SEA,CDG
SEA,PPT
SEA,FRA
SEA,KEF
SEA,DUB
SEA,HND
SEA,NRT
SEA,LUX
SEA,CUN
SEA,GDL
SEA,MEX
SEA,PVR
SEA,SJD
SEA,AMS
SEA,DOH
SEA,SIN
SEA,ICN
SEA,TPE
SEA,IST
SEA,DXB
SEA,PIK
SEA,LHR
SEA,ABQ
SEA,ANC
SEA,ATL
SEA,AUS
SEA,BWI
SEA,BLI
SEA,BIL
SEA,BOI
SEA,BOS
SEA,BZN
SEA,BUR
SEA,CHS
SEA,CLT
SEA,MDW
SEA,ORD
SEA,CVG
SEA,CLE
SEA,CMH
SEA,DFW
SEA,DAL
SEA,DEN
SEA,DTW
SEA,ESD
SEA,ELP
SEA,EUG
SEA,PAE
SEA,FAI
SEA,FLL
SEA,AFW
SEA,FAT
SEA,FRD
SEA,GTF
SEA,GSO
SEA,SUN
SEA,HDN
SEA,HLN
SEA,HNL
SEA,IAH
SEA,IDA
SEA,IND
SEA,JNU
SEA,OGG
SEA,FCA
SEA,MCI
SEA,KTN
SEA,KOA
SEA,LAS
SEA,LWS
SEA,LIH
SEA,LAX
SEA,MFR
SEA,MEM
SEA,MIA
SEA,MKE
SEA,MSP
SEA,MSO
SEA,MRY
SEA,BNA
SEA,MSY
SEA,JFK
SEA,EWR
SEA,OAK
SEA,OKC
SEA,OMA
SEA,ONT
SEA,MCO
SEA,PSP
SEA,PSC
SEA,PSG
SEA,PHL
SEA,PHX
SEA,PIT
SEA,CLM
SEA,PDX
SEA,PUW
SEA,RDU
SEA,RDD
SEA,RDM
SEA,RNO
SEA,SMF
SEA,SLC
SEA,SAT
SEA,SBD
SEA,SAN
SEA,SFO
SEA,SJC
SEA,SBP
SEA,SNA
SEA,SBA
SEA,STS
SEA,SCF
SEA,RSW
SEA,GEG
SEA,STL
SEA,TPA
SEA,TUS
SEA,VNY
SEA,ALW
SEA,IAD
SEA,DCA
SEA,EAT
SEA,ICT
SEA,ILN
SEA,WRG
SEA,YKM
SEB,BEN
SEB,MJI
SEB,JED
SEE,HCA
SEE,HOU
SEE,WVI
SEF,MLU
SEK,YKS
SEM,CRG
SEN,CRL
SEN,CDG
SEN,AMS
SEN,ALC
SEN,GVA
SEP,PDK
SEP,LFK
SEU,KGL
SEU,ARK
SEU,IRI
SEU,JRO
SEU,GTZ
SEU,LKY
SEU,MWZ
SEU,ZNZ
SEU,EBB
SEZ,ADD
SEZ,FRA
SEZ,BOM
SEZ,TLV
SEZ,NBO
SEZ,MRU
SEZ,DOH
SEZ,RUN
SEZ,SVO
SEZ,PRI
SEZ,JNB
SEZ,CMB
SEZ,ZRH
SEZ,IST
SEZ,AUH
SEZ,DXB
SFA,CDG
SFA,ORY
SFA,MRA
SFA,MJI
SFA,TUN
SFB,MHH
SFB,TCB
SFB,YXU
SFB,YOW
SFB,YSJ
SFB,YYZ
SFB,YKF
SFB,YQG
SFB,YWG
SFB,CAK
SFB,ALB
SFB,ABE
SFB,ATW
SFB,AVL
SFB,AUS
SFB,BGR
SFB,BLV
SFB,XNA
SFB,BIS
SFB,BMI
SFB,TRI
SFB,CID
SFB,CHS
SFB,CHA
SFB,RFD
SFB,CVG
SFB,CKB
SFB,CSG
SFB,LCK
SFB,USA
SFB,DAY
SFB,DSM
SFB,ELM
SFB,EVV
SFB,QTQ
SFB,FAR
SFB,FNT
SFB,FPR
SFB,FWA
SFB,GFK
SFB,GRR
SFB,GSO
SFB,GSP
SFB,HGR
SFB,MDT
SFB,HTS
SFB,IND
SFB,JAX
SFB,EYW
SFB,TYS
SFB,LEE
SFB,LEX
SFB,SDF
SFB,MFE
SFB,MEM
SFB,MOT
SFB,MLI
SFB,BNA
SFB,SWF
SFB,IAG
SFB,ORF
SFB,OCF
SFB,OMA
SFB,SFB
SFB,PIA
SFB,PIT
SFB,PBG
SFB,PSM
SFB,PVU
SFB,RIC
SFB,ROA
SFB,ROC
SFB,FSD
SFB,SBN
SFB,SGF
SFB,SYR
SFB,TOL
SFB,TVC
SFB,TUL
SFC,SBH
SFF,BOI
SFF,CLS
SFF,FCA
SFF,LWS
SFF,OMK
SFG,PTP
SFG,SBH
SFH,LAX
SFH,SDM
SFH,SAN
SFH,SCF
SFJ,BLL
SFJ,CPH
SFJ,JEG
SFJ,JAV
SFJ,JSU
SFJ,UAK
SFJ,GOH
SFJ,JHS
SFL,RAI
SFN,AEP
SFO,BNE
SFO,MEL
SFO,SYD
SFO,YYC
SFO,YXC
SFO,YEG
SFO,YUL
SFO,YYZ
SFO,YVR
SFO,PEK
SFO,PVG
SFO,WUH
SFO,LIR
SFO,CPH
SFO,SAL
SFO,NAN
SFO,CDG
SFO,ORY
SFO,PPT
SFO,FRA
SFO,MUC
SFO,HKG
SFO,BLR
SFO,DEL
SFO,BOM
SFO,DUB
SFO,FCO
SFO,NGO
SFO,KIX
SFO,HND
SFO,NRT
SFO,CUN
SFO,GDL
SFO,LTO
SFO,MZT
SFO,MEX
SFO,PVR
SFO,SJD
SFO,ZIH
SFO,AMS
SFO,AKL
SFO,CHC
SFO,PTY
SFO,MNL
SFO,LIS
SFO,DOH
SFO,SIN
SFO,ICN
SFO,ZRH
SFO,TPE
SFO,IST
SFO,DXB
SFO,LHR
SFO,ABQ
SFO,ACV
SFO,ASE
SFO,ATL
SFO,AUS
SFO,BFL
SFO,BWI
SFO,BIH
SFO,BOI
SFO,BOS
SFO,BZN
SFO,BUR
SFO,QTC
SFO,CLT
SFO,ORD
SFO,CVG
SFO,CLE
SFO,CMH
SFO,DFW
SFO,DEN
SFO,DTW
SFO,EGE
SFO,EUG
SFO,PAE
SFO,FLL
SFO,AFW
SFO,FAT
SFO,GRR
SFO,SUN
SFO,HDN
SFO,HNL
SFO,IAH
SFO,IND
SFO,JAC
SFO,OGG
SFO,FCA
SFO,MCI
SFO,KOA
SFO,LAS
SFO,LIH
SFO,LAX
SFO,SDF
SFO,MFR
SFO,MEM
SFO,MIA
SFO,MSP
SFO,MRY
SFO,MTJ
SFO,NUQ
SFO,BNA
SFO,MSY
SFO,JFK
SFO,EWR
SFO,OTH
SFO,OAK
SFO,ONT
SFO,MCO
SFO,PSP
SFO,PSC
SFO,PHL
SFO,PHX
SFO,PIT
SFO,PDX
SFO,PVU
SFO,RDU
SFO,RDD
SFO,RDM
SFO,RNO
SFO,RNT
SFO,RIC
SFO,SMF
SFO,SLC
SFO,SAT
SFO,SBD
SFO,SAN
SFO,SJC
SFO,SBP
SFO,SNA
SFO,SBA
SFO,STS
SFO,SEA
SFO,RSW
SFO,GEG
SFO,STL
SFO,SGR
SFO,TPA
SFO,TEB
SFO,TKF
SFO,TUS
SFO,AVW
SFO,UKI
SFO,VNY
SFO,IAD
SFO,DCA
SFO,PBI
SFO,ILN
SFO,SGN
SFT,ARN
SFZ,DXR
SGC,EVN
SGC,GYD
SGC,FRU
SGC,OSS
SGC,BAX
SGC,EYK
SGC,UUA
SGC,CEK
SGC,RGK
SGC,KZN
SGC,HMA
SGC,KJA
SGC,KRO
SGC,MCX
SGC,MRV
SGC,SVO
SGC,VKO
SGC,NBC
SGC,OVB
SGC,OMS
SGC,PEE
SGC,KUF
SGC,AER
SGC,LED
SGC,TLK
SGC,RMZ
SGC,TOF
SGC,TJM
SGC,UFA
SGC,VOG
SGC,SVX
SGC,LBD
SGC,DWC
SGC,TAS
SGD,CPH
SGD,KSF
SGD,NUE
SGD,FCO
SGE,CGN
SGF,ATL
SGF,XNA
SGF,BKG
SGF,QQF
SGF,CLT
SGF,GYY
SGF,ORD
SGF,LCK
SGF,DFW
SGF,APA
SGF,DEN
SGF,EGE
SGF,IAH
SGF,LAS
SGF,LIT
SGF,LAX
SGF,SDF
SGF,QQT
SGF,MEM
SGF,SFB
SGF,AZA
SGF,PGD
SGF,SAT
SGF,SUS
SGF,PIE
SGF,SGR
SGF,ICT
SGF,ZZV
SGG,AGM
SGH,LUK
SGH,SLC
SGN,BNE
SGN,MEL
SGN,PER
SGN,SYD
SGN,BWN
SGN,PNH
SGN,SAI
SGN,KOS
SGN,PEK
SGN,CSX
SGN,CTU
SGN,TFU
SGN,CKG
SGN,CAN
SGN,HAK
SGN,KMG
SGN,NNG
SGN,PVG
SGN,SZX
SGN,XMN
SGN,CDG
SGN,FRA
SGN,HKG
SGN,AMD
SGN,COK
SGN,DEL
SGN,CCU
SGN,BOM
SGN,TRZ
SGN,DPS
SGN,CGK
SGN,FUK
SGN,NGO
SGN,KIX
SGN,HND
SGN,NRT
SGN,PKZ
SGN,VTE
SGN,JHB
SGN,KUL
SGN,SZB
SGN,PEN
SGN,RGN
SGN,MNL
SGN,DOH
SGN,SVO
SGN,SIN
SGN,PUS
SGN,ICN
SGN,KHH
SGN,RMQ
SGN,TPE
SGN,DMK
SGN,BKK
SGN,HKT
SGN,IST
SGN,ASB
SGN,DXB
SGN,LHR
SGN,SFO
SGN,BMV
SGN,CAH
SGN,VCL
SGN,VCS
SGN,DLI
SGN,DAD
SGN,DIN
SGN,VDH
SGN,HPH
SGN,HAN
SGN,HUI
SGN,CXR
SGN,PQC
SGN,PXU
SGN,VDO
SGN,UIH
SGN,VKG
SGN,THD
SGN,TBB
SGN,VII
SGO,BNE
SGO,CMA
SGO,WTB
SGR,MAM
SGR,MZT
SGR,SJD
SGR,AGS
SGR,AUS
SGR,BTR
SGR,BHM
SGR,BRO
SGR,MDW
SGR,CLL
SGR,CRP
SGR,APA
SGR,FLL
SGR,HOU
SGR,ISM
SGR,LAS
SGR,GGG
SGR,MAF
SGR,UOX
SGR,SLC
SGR,SAT
SGR,SGF
SGR,SGR
SGR,TEX
SGR,VNC
SGU,DEN
SGU,LAS
SGU,LGU
SGU,MSC
SGU,PHX
SGU,SLC
SGU,MYF
SGU,TRM
SGU,VNY
SGU,VEL
SGX,DAR
SGY,HNS
SGY,JNU
SHA,PER
SHA,PEK
SHA,PKX
SHA,CGQ
SHA,CGD
SHA,CSX
SHA,CTU
SHA,TFU
SHA,CKG
SHA,DLU
SHA,DLC
SHA,DOY
SHA,FUO
SHA,FOC
SHA,KOW
SHA,CAN
SHA,KWE
SHA,HAK
SHA,HRB
SHA,HNY
SHA,HET
SHA,JGS
SHA,SWA
SHA,TNA
SHA,JDZ
SHA,JHG
SHA,KMG
SHA,LHW
SHA,LJG
SHA,LYA
SHA,LZO
SHA,MIG
SHA,KHN
SHA,NNG
SHA,TAO
SHA,JJN
SHA,SYX
SHA,SHE
SHA,SZX
SHA,SJW
SHA,TYN
SHA,TSN
SHA,URC
SHA,WEH
SHA,WUH
SHA,XIY
SHA,XMN
SHA,XFN
SHA,YNT
SHA,INC
SHA,YYA
SHA,ZQZ
SHA,CGO
SHA,ZUH
SHA,WMT
SHA,HKG
SHA,HND
SHA,MFM
SHA,GMP
SHA,TSA
SHB,CTS
SHB,OKD
SHB,HND
SHC,ADD
SHD,CLT
SHD,MRB
SHD,RDU
SHD,SLN
SHD,BAF
SHE,YVR
SHE,BAV
SHE,PEK
SHE,PKX
SHE,CGQ
SHE,CSX
SHE,CZX
SHE,CTU
SHE,TFU
SHE,CKG
SHE,DLC
SHE,DAT
SHE,DOY
SHE,EHU
SHE,FUG
SHE,FOC
SHE,CAN
SHE,HAK
SHE,HLD
SHE,HDG
SHE,HGH
SHE,HFE
SHE,HNY
SHE,HET
SHE,HUO
SHE,HIA
SHE,JMU
SHE,TNA
SHE,JNG
SHE,JXA
SHE,KMG
SHE,LHW
SHE,LYG
SHE,LFQ
SHE,LYI
SHE,LYA
SHE,LLV
SHE,MDG
SHE,KHN
SHE,NKG
SHE,NTG
SHE,NGB
SHE,DSN
SHE,TAO
SHE,NDG
SHE,JJN
SHE,RIZ
SHE,SYX
SHE,SHA
SHE,PVG
SHE,SZX
SHE,SHF
SHE,SJW
SHE,TYN
SHE,TVS
SHE,HLH
SHE,URC
SHE,WEF
SHE,WEH
SHE,WNZ
SHE,WUH
SHE,WUX
SHE,XIY
SHE,XMN
SHE,XFN
SHE,WUT
SHE,XUZ
SHE,ENY
SHE,YNZ
SHE,YTY
SHE,YNT
SHE,YIH
SHE,LDS
SHE,INC
SHE,YIW
SHE,UYN
SHE,YCU
SHE,CGO
SHE,HSN
SHE,HKG
SHE,KIX
SHE,NRT
SHE,SVO
SHE,SIN
SHE,PUS
SHE,CJU
SHE,ICN
SHE,BKK
SHE,ANC
SHE,LAX
SHE,CXR
SHF,ACF
SHF,TFU
SHF,CAN
SHF,HMI
SHF,KRL
SHF,KCA
SHF,LHW
SHF,SHE
SHF,TCG
SHF,XIY
SHF,INC
SHF,YIN
SHG,ABL
SHG,OBU
SHH,OME
SHH,WAA
SHI,UKB
SHI,OKA
SHI,HND
SHJ,KBL
SHJ,EVN
SHJ,GYD
SHJ,BAH
SHJ,CGP
SHJ,DAC
SHJ,ZYL
SHJ,MSQ
SHJ,BRU
SHJ,LGG
SHJ,NDJ
SHJ,JIB
SHJ,HBE
SHJ,CAI
SHJ,SPX
SHJ,HMB
SHJ,TBS
SHJ,AMD
SHJ,ATQ
SHJ,BLR
SHJ,MAA
SHJ,COK
SHJ,CJB
SHJ,DEL
SHJ,GOI
SHJ,HYD
SHJ,IDR
SHJ,JAI
SHJ,CNN
SHJ,CCJ
SHJ,LKO
SHJ,BOM
SHJ,NAG
SHJ,STV
SHJ,TRZ
SHJ,TRV
SHJ,VNS
SHJ,VGA
SHJ,LRR
SHJ,MHD
SHJ,SYZ
SHJ,IKA
SHJ,NJF
SHJ,BGW
SHJ,EBL
SHJ,ISU
SHJ,BGY
SHJ,MXP
SHJ,AMM
SHJ,ALA
SHJ,EDL
SHJ,NBO
SHJ,KWI
SHJ,FRU
SHJ,OSS
SHJ,BEY
SHJ,MJI
SHJ,KUL
SHJ,KTM
SHJ,AMS
SHJ,KAN
SHJ,MCT
SHJ,SLL
SHJ,OHS
SHJ,LYP
SHJ,ISB
SHJ,KHI
SHJ,LHE
SHJ,MUX
SHJ,PEW
SHJ,UET
SHJ,SKT
SHJ,DOH
SHJ,KZN
SHJ,MCX
SHJ,DME
SHJ,KUF
SHJ,UFA
SHJ,SVX
SHJ,AHB
SHJ,ELQ
SHJ,DMM
SHJ,HAS
SHJ,JED
SHJ,MED
SHJ,RUH
SHJ,AJF
SHJ,TUU
SHJ,TIF
SHJ,SIN
SHJ,MGQ
SHJ,CMB
SHJ,PZU
SHJ,ALP
SHJ,DAM
SHJ,LTK
SHJ,BKK
SHJ,HKT
SHJ,IST
SHJ,SAW
SHJ,EBB
SHJ,DWC
SHJ,LHR
SHJ,NMA
SHJ,TAS
SHL,IXA
SHL,AJL
SHL,DEL
SHL,DIB
SHL,DMU
SHL,GAU
SHL,IMF
SHL,CCU
SHL,IXI
SHL,IXS
SHM,HND
SHO,CPT
SHO,DUR
SHO,JNB
SHO,HRE
SHR,BIL
SHR,DEN
SHR,DBQ
SHT,MEB
SHV,CUU
SHV,AIK
SHV,QQG
SHV,ATL
SHV,AUS
SHV,BTR
SHV,CLT
SHV,CXO
SHV,DFW
SHV,DEN
SHV,AFW
SHV,HKY
SHV,IAH
SHV,HOU
SHV,LAS
SHV,LBE
SHV,LIT
SHV,SDF
SHV,MEM
SHV,PTT
SHV,SAF
SHV,RVS
SHW,AHB
SHW,JED
SHW,RUH
SHW,TIF
SHX,MRI
SHX,ANI
SHX,KGX
SID,BRU
SID,VCP
SID,GRU
SID,BVC
SID,RAI
SID,SNE
SID,VXE
SID,PRG
SID,BLL
SID,CPH
SID,HEL
SID,ORY
SID,DUS
SID,FRA
SID,HAJ
SID,MUC
SID,STR
SID,BGY
SID,MXP
SID,FCO
SID,VRN
SID,LUX
SID,AMS
SID,EIN
SID,WAW
SID,LIS
SID,SJU
SID,DSS
SID,LPA
SID,GOT
SID,ARN
SID,ZRH
SID,BHX
SID,BRS
SID,GLA
SID,LGW
SID,MAN
SID,NCL
SID,EMA
SIF,KTM
SIG,CUR
SIG,PUJ
SIG,JBQ
SIG,BQN
SIG,CPX
SIG,SIG
SIG,PLS
SIK,BVX
SIK,DUA
SIK,GVL
SIK,MEM
SIN,ADL
SIN,BNE
SIN,CNS
SIN,DRW
SIN,MEL
SIN,PER
SIN,SYD
SIN,GYD
SIN,BAH
SIN,DAC
SIN,BWN
SIN,PNH
SIN,SAI
SIN,PEK
SIN,PKX
SIN,CSX
SIN,CTU
SIN,TFU
SIN,CKG
SIN,FOC
SIN,CAN
SIN,HAK
SIN,HGH
SIN,HFE
SIN,HIA
SIN,TNA
SIN,KMG
SIN,KHN
SIN,NKG
SIN,NNG
SIN,NGB
SIN,TAO
SIN,SYX
SIN,PVG
SIN,SHE
SIN,SZX
SIN,TSN
SIN,WUH
SIN,WUX
SIN,XIY
SIN,XMN
SIN,CGO
SIN,CPH
SIN,ADD
SIN,NAN
SIN,HEL
SIN,CDG
SIN,FRA
SIN,MUC
SIN,ATH
SIN,HKG
SIN,AMD
SIN,ATQ
SIN,BLR
SIN,BBI
SIN,MAA
SIN,COK
SIN,CJB
SIN,DEL
SIN,GAU
SIN,HYD
SIN,CCU
SIN,IXM
SIN,BOM
SIN,PNQ
SIN,TRZ
SIN,TRV
SIN,VTZ
SIN,BPN
SIN,DPS
SIN,HLP
SIN,CGK
SIN,LOP
SIN,UPG
SIN,MDC
SIN,KNO
SIN,PKU
SIN,SRG
SIN,SUB
SIN,YIA
SIN,MXP
SIN,FCO
SIN,FUK
SIN,NGO
SIN,OKA
SIN,KIX
SIN,HND
SIN,NRT
SIN,VTE
SIN,LUX
SIN,MFM
SIN,IPH
SIN,BKI
SIN,KUL
SIN,SZB
SIN,KUA
SIN,KCH
SIN,LGK
SIN,MYY
SIN,PEN
SIN,MLE
SIN,RGN
SIN,KTM
SIN,AMS
SIN,NOU
SIN,AKL
SIN,CHC
SIN,POM
SIN,CRK
SIN,CEB
SIN,DVO
SIN,MNL
SIN,DOH
SIN,JED
SIN,JNB
SIN,PUS
SIN,CJU
SIN,ICN
SIN,CMB
SIN,ZRH
SIN,KHH
SIN,TPE
SIN,DMK
SIN,BKK
SIN,CNX
SIN,HDY
SIN,USM
SIN,KBV
SIN,HKT
SIN,DIL
SIN,IST
SIN,AUH
SIN,DXB
SIN,SHJ
SIN,BHX
SIN,LGW
SIN,LHR
SIN,MAN
SIN,LAX
SIN,JFK
SIN,EWR
SIN,SFO
SIN,SEA
SIN,DAD
SIN,HAN
SIN,SGN
SIO,MBW
SIP,SVO
SIP,LED
SIR,CRL
SIR,LYN
SIR,LBG
SIR,BER
SIR,FKB
SIR,MUC
SIR,OBF
SIR,FLR
SIR,PSA
SIR,FCO
SIR,QHT
SIR,BRN
SIR,GVA
SIR,QYK
SIR,TZX
SIR,FAB
SIS,JNB
SIT,JNU
SIT,KAE
SIT,KTN
SIT,KLW
SIT,PSG
SJC,MHH
SJC,LRM
SJC,NRT
SJC,GDL
SJC,MLM
SJC,PVR
SJC,SJD
SJC,BJX
SJC,ZCL
SJC,ASE
SJC,ATL
SJC,AUS
SJC,BOI
SJC,BUR
SJC,PWK
SJC,MDW
SJC,ORD
SJC,DFW
SJC,DAL
SJC,APA
SJC,DEN
SJC,EUG
SJC,PAE
SJC,FRG
SJC,GCC
SJC,SUN
SJC,HNL
SJC,IAH
SJC,HOU
SJC,IND
SJC,OGG
SJC,KOA
SJC,WJF
SJC,LAS
SJC,LIH
SJC,LGB
SJC,LAX
SJC,SDF
SJC,MEM
SJC,MSP
SJC,MRY
SJC,MMU
SJC,NUQ
SJC,BNA
SJC,OTH
SJC,ONT
SJC,PGA
SJC,PSP
SJC,PHX
SJC,PDX
SJC,RNO
SJC,RIC
SJC,MHR
SJC,SLC
SJC,SBD
SJC,SAN
SJC,SNA
SJC,SBA
SJC,STS
SJC,BFI
SJC,SEA
SJC,GEG
SJC,STL
SJC,TIW
SJC,TEB
SJC,TKF
SJC,VNY
SJC,BDL
SJD,YXX
SJD,YYC
SJD,YEG
SJD,YLW
SJD,YUL
SJD,YYZ
SJD,YVR
SJD,YYJ
SJD,CSL
SJD,CUL
SJD,GDL
SJD,HMO
SJD,MXL
SJD,NLU
SJD,MEX
SJD,NTR
SJD,MTY
SJD,QRO
SJD,BJX
SJD,TIJ
SJD,TLC
SJD,TRC
SJD,ATL
SJD,AUS
SJD,BWI
SJD,CLT
SJD,MDW
SJD,ORD
SJD,DFW
SJD,DEN
SJD,DTW
SJD,IAH
SJD,HOU
SJD,MCI
SJD,LAS
SJD,LAX
SJD,MSP
SJD,JFK
SJD,EWR
SJD,OAK
SJD,PHX
SJD,PDX
SJD,SMF
SJD,SLC
SJD,SAN
SJD,SFO
SJD,SJC
SJD,SNA
SJD,SCF
SJD,SEA
SJD,SUS
SJD,STL
SJD,VNY
SJE,BOG
SJE,LCR
SJI,MNL
SJJ,VIE
SJJ,ZAG
SJJ,PRG
SJJ,BSL
SJJ,CGN
SJJ,FRA
SJJ,STR
SJJ,SKP
SJJ,WAW
SJJ,JED
SJJ,BEG
SJJ,LJU
SJJ,ZRH
SJJ,AYT
SJJ,IST
SJJ,SAW
SJJ,DXB
SJJ,LTN
SJK,GIG
SJL,MAO
SJO,YUL
SJO,YYZ
SJO,BOG
SJO,CTG
SJO,MDE
SJO,DRK
SJO,GLF
SJO,FON
SJO,LIR
SJO,LIO
SJO,NOB
SJO,PJM
SJO,XQP
SJO,TNO
SJO,TMU
SJO,TTQ
SJO,SDQ
SJO,UIO
SJO,SAL
SJO,CDG
SJO,FRA
SJO,GUA
SJO,SAP
SJO,CUN
SJO,MEX
SJO,MGA
SJO,BLB
SJO,BOC
SJO,PTY
SJO,LIM
SJO,MAD
SJO,ZRH
SJO,PLS
SJO,LGW
SJO,ATL
SJO,BWI
SJO,CLT
SJO,ORD
SJO,CVG
SJO,DFW
SJO,DEN
SJO,FLL
SJO,IAH
SJO,HOU
SJO,LAX
SJO,MEM
SJO,MIA
SJO,OPF
SJO,JFK
SJO,EWR
SJO,MCO
SJO,TTN
SJO,IAD
SJP,VCP
SJP,MCZ
SJP,NAT
SJP,BPS
SJP,REC
SJP,CGH
SJP,GRU
SJT,ABI
SJT,AUS
SJT,DFW
SJT,BJC
SJT,JCT
SJT,MDD
SJT,MAF
SJT,ROW
SJT,SAT
SJT,PBI
SJU,AXA
SJU,ANU
SJU,BGI
SJU,BRU
SJU,YUL
SJU,YYZ
SJU,BOG
SJU,MDE
SJU,DOM
SJU,LRM
SJU,POP
SJU,PUJ
SJU,STI
SJU,JBQ
SJU,SDQ
SJU,PTP
SJU,SBH
SJU,LUX
SJU,SXM
SJU,PTY
SJU,CPX
SJU,MAZ
SJU,VQS
SJU,SKB
SJU,NEV
SJU,SLU
SJU,SVD
SJU,MAD
SJU,ATL
SJU,AUS
SJU,BWI
SJU,BOS
SJU,CLT
SJU,MDW
SJU,ORD
SJU,CVG
SJU,CLE
SJU,DFW
SJU,DEN
SJU,DTW
SJU,FXE
SJU,FLL
SJU,GSP
SJU,IAH
SJU,HOU
SJU,JAX
SJU,EYW
SJU,SDF
SJU,MEM
SJU,MIA
SJU,OPF
SJU,MSP
SJU,BNA
SJU,HVN
SJU,JFK
SJU,EWR
SJU,ONT
SJU,MCO
SJU,PHL
SJU,RDU
SJU,RSW
SJU,STL
SJU,TPA
SJU,IAD
SJU,DCA
SJU,PBI
SJU,ILG
SJU,BDL
SJU,EIS
SJU,VIJ
SJU,STX
SJU,STT
SJW,DBC
SJW,BAV
SJW,BHY
SJW,CGQ
SJW,CDE
SJW,CTU
SJW,TFU
SJW,CIF
SJW,CKG
SJW,DLC
SJW,DZH
SJW,EHU
SJW,FUO
SJW,FOC
SJW,CAN
SJW,KWL
SJW,KWE
SJW,HAK
SJW,HGH
SJW,HRB
SJW,HFE
SJW,HET
SJW,SWA
SJW,KRL
SJW,KMG
SJW,LHW
SJW,LJG
SJW,LZO
SJW,MIG
SJW,NKG
SJW,NNG
SJW,NTG
SJW,NGB
SJW,DSN
SJW,BPE
SJW,BAR
SJW,JJN
SJW,SYX
SJW,SHA
SJW,PVG
SJW,SHE
SJW,SZX
SJW,YSQ
SJW,TGO
SJW,URC
SJW,WNZ
SJW,XIY
SJW,XMN
SJW,XIL
SJW,YNZ
SJW,YNJ
SJW,YBP
SJW,YIH
SJW,INC
SJW,UYN
SJW,ZQZ
SJW,CGO
SJW,ZUH
SJW,PRG
SJW,KIX
SJW,MNL
SJW,IKT
SJW,ICN
SJW,BKK
SJW,HAN
SJW,CXR
SJZ,PDL
SJZ,TER
SKB,ANU
SKB,BGI
SKB,YYZ
SKB,SDQ
SKB,SXM
SKB,SJU
SKB,NEV
SKB,SLU
SKB,ATL
SKB,CLT
SKB,MIA
SKB,JFK
SKB,EWR
SKB,EIS
SKB,STX
SKB,STT
SKD,KWI
SKD,ISB
SKD,KZN
SKD,MRV
SKD,SVO
SKD,VKO
SKD,OVB
SKD,KUF
SKD,AER
SKD,LED
SKD,UFA
SKD,SVX
SKD,JED
SKD,DYU
SKD,IST
SKD,ADB
SKD,AUH
SKD,DXB
SKD,TAS
SKF,RIV
SKG,VIE
SKG,BRU
SKG,CRL
SKG,LCA
SKG,PFO
SKG,BVA
SKG,ORY
SKG,KUT
SKG,BER
SKG,CGN
SKG,DTM
SKG,DUS
SKG,FRA
SKG,HAM
SKG,FKB
SKG,FMM
SKG,MUC
SKG,NUE
SKG,STR
SKG,NRN
SKG,ATH
SKG,CHQ
SKG,JKH
SKG,HER
SKG,KLX
SKG,KSO
SKG,KGS
SKG,LXS
SKG,MJT
SKG,RHO
SKG,SMI
SKG,JTR
SKG,SKU
SKG,BUD
SKG,TLV
SKG,BLQ
SKG,BGY
SKG,MXP
SKG,PMO
SKG,CIA
SKG,FCO
SKG,TSF
SKG,MLA
SKG,AMS
SKG,KRK
SKG,WAW
SKG,WMI
SKG,OTP
SKG,BEG
SKG,BTS
SKG,BCN
SKG,ARN
SKG,ZRH
SKG,IST
SKG,LGW
SKG,STN
SKH,KTM
SKK,KKA
SKK,UNK
SKN,BOO
SKN,SVJ
SKN,TOS
SKO,ABV
SKO,LOS
SKP,VIE
SKP,CRL
SKP,SJJ
SKP,ZAG
SKP,CPH
SKP,BSL
SKP,BVA
SKP,BER
SKP,BRE
SKP,CGN
SKP,DTM
SKP,FRA
SKP,HHN
SKP,FDH
SKP,HAM
SKP,FKB
SKP,FMM
SKP,NUE
SKP,WIE
SKP,ATH
SKP,BUD
SKP,BLQ
SKP,MXP
SKP,FCO
SKP,VCE
SKP,MLA
SKP,TGD
SKP,EIN
SKP,TRF
SKP,WAW
SKP,BEG
SKP,BTS
SKP,LJU
SKP,GOT
SKP,MMX
SKP,NYO
SKP,GVA
SKP,ZRH
SKP,IST
SKP,SAW
SKP,ADB
SKP,LTN
SKT,BAH
SKT,KWI
SKT,MCT
SKT,DOH
SKT,DMM
SKT,JED
SKT,AUH
SKT,DXB
SKT,SHJ
SKU,ATH
SKU,SKG
SKX,KZN
SKX,MRV
SKX,SVO
SKX,AER
SKX,LED
SKZ,ISB
SKZ,KHI
SLA,AEP
SLA,EZE
SLA,COR
SLA,MDZ
SLA,NQN
SLA,IGR
SLA,RES
SLA,ROS
SLA,VVI
SLA,GRU
SLA,LIM
SLC,YYC
SLC,YYZ
SLC,YVR
SLC,CDG
SLC,CUN
SLC,GDL
SLC,MEX
SLC,MTY
SLC,PVR
SLC,SJD
SLC,AMS
SLC,PTY
SLC,LHR
SLC,ABQ
SLC,ATL
SLC,AUS
SLC,BWI
SLC,BPT
SLC,BIL
SLC,BCT
SLC,BOI
SLC,BOS
SLC,BZN
SLC,BUR
SLC,BTM
SLC,QTC
SLC,CPR
SLC,CDC
SLC,CLT
SLC,MDW
SLC,ORD
SLC,RFD
SLC,CIC
SLC,CVG
SLC,COS
SLC,DFW
SLC,DAL
SLC,DTA
SLC,APA
SLC,DEN
SLC,BJC
SLC,DSM
SLC,DTW
SLC,EKO
SLC,ELY
SLC,EUG
SLC,FLL
SLC,FAT
SLC,GTF
SLC,SUN
SLC,HLN
SLC,HNL
SLC,IAH
SLC,HOU
SLC,IDA
SLC,IND
SLC,JAC
SLC,OGG
SLC,FCA
SLC,MCI
SLC,IGM
SLC,LAL
SLC,LRU
SLC,LAS
SLC,LWS
SLC,LGB
SLC,LAX
SLC,SDF
SLC,MFR
SLC,MEM
SLC,MIA
SLC,MKE
SLC,MSP
SLC,MSO
SLC,CNY
SLC,BNA
SLC,MSY
SLC,JFK
SLC,LGA
SLC,EWR
SLC,VGT
SLC,OAK
SLC,OGD
SLC,OKC
SLC,OMA
SLC,ONT
SLC,MCO
SLC,PSP
SLC,PSC
SLC,PHL
SLC,DVT
SLC,PHX
SLC,PIH
SLC,CLM
SLC,PDX
SLC,PVU
SLC,RDU
SLC,RDM
SLC,RNO
SLC,RXE
SLC,RIE
SLC,RST
SLC,RKS
SLC,SMF
SLC,SLC
SLC,SAT
SLC,SAN
SLC,MYF
SLC,SFO
SLC,SJC
SLC,SNA
SLC,SCF
SLC,BFI
SLC,SEA
SLC,SUX
SLC,GEG
SLC,SGU
SLC,STL
SLC,SUA
SLC,TIW
SLC,TPA
SLC,TRM
SLC,TUS
SLC,TUL
SLC,TWF
SLC,VEL
SLC,IAD
SLC,DCA
SLC,HPN
SLE,BUR
SLE,CEC
SLE,LAS
SLE,PDX
SLE,BFI
SLH,SON
SLH,MTV
SLH,TOH
SLI,LUN
SLJ,KTA
SLJ,PER
SLK,BOS
SLK,JFK
SLL,PRG
SLL,JIB
SLL,BUD
SLL,COK
SLL,CCJ
SLL,MXP
SLL,FCO
SLL,MCT
SLL,DOH
SLL,OTP
SLL,BTS
SLL,AUH
SLL,DXB
SLL,SHJ
SLM,RAI
SLM,OPO
SLM,VLC
SLN,CMI
SLN,ORD
SLN,DAL
SLN,FLG
SLN,GRI
SLN,HYS
SLN,MKC
SLN,LAS
SLN,QQL
SLN,SHD
SLP,CUN
SLP,CUL
SLP,GDL
SLP,MEX
SLP,MTY
SLP,PVR
SLP,TIJ
SLP,DFW
SLP,IAH
SLU,ANU
SLU,BGI
SLU,DOM
SLU,BQN
SLU,SVD
SLU,POS
SLV,ATQ
SLV,DEL
SLV,DHM
SLW,DGO
SLX,GDT
SLY,RGK
SLY,KZN
SLY,MRV
SLY,DME
SLY,SVO
SLY,OVB
SLY,NUX
SLY,NOJ
SLY,OMS
SLY,AER
SLY,LED
SLY,TJM
SLY,UFA
SLY,SVX
SLZ,BRB
SLZ,BEL
SLZ,CNF
SLZ,BSB
SLZ,VCP
SLZ,FOR
SLZ,IMP
SLZ,REC
SLZ,SSA
SLZ,GRU
SLZ,THE
SMA,PDL
SMD,DET
SMD,MIQ
SME,ECP
SME,SVH
SMF,YYZ
SMF,YVR
SMF,GDL
SMF,MEX
SMF,SJD
SMF,BJX
SMF,ACV
SMF,ATL
SMF,AUS
SMF,BOI
SMF,BUR
SMF,QTC
SMF,CLT
SMF,MDW
SMF,ORD
SMF,RFD
SMF,CIC
SMF,CVG
SMF,CEC
SMF,DFW
SMF,DAL
SMF,DEN
SMF,FAT
SMF,HHR
SMF,HNL
SMF,IAH
SMF,HOU
SMF,OGG
SMF,LAS
SMF,LGB
SMF,LAX
SMF,MEM
SMF,MIA
SMF,MSP
SMF,BNA
SMF,JFK
SMF,OAK
SMF,ONT
SMF,MCO
SMF,PSP
SMF,DVT
SMF,PHX
SMF,PDX
SMF,RDD
SMF,SLC
SMF,SAN
SMF,SFO
SMF,SNA
SMF,SBA
SMF,SEA
SMF,GEG
SMF,STL
SMF,UKI
SMF,IAD
SMF,ILN
SMI,ATH
SMI,JKH
SMI,RHO
SMI,SKG
SMK,WBB
SML,LGI
SML,NAS
SMN,VGT
SMO,ASE
SMO,BFL
SMO,BUR
SMO,CCR
SMO,EMT
SMO,FAT
SMO,VGT
SMO,PVU
SMO,SJC
SMO,SNA
SMO,SBA
SMO,SCF
SMO,BFI
SMO,SGU
SMO,VIS
SMQ,CGK
SMQ,SUB
SMR,BOG
SMR,CLO
SMR,EOH
SMR,MDE
SMR,PTY
SMS,TNR
SMT,CGB
SMV,PRG
SMV,DOL
SMV,QCH
SMV,MHG
SMV,MXP
SMV,LUX
SMV,ACH
SMV,ZRH
SMV,FAB
SMX,BOI
SMX,BUR
SMX,CCR
SMX,LAS
SMX,MRY
SMX,ONT
SMX,SBP
SMX,SMO
SNA,NAS
SNA,YYC
SNA,YEG
SNA,YVR
SNA,CSL
SNA,PVR
SNA,SJD
SNA,TLC
SNA,ATL
SNA,AUS
SNA,BOI
SNA,BZN
SNA,BTV
SNA,CXL
SNA,CLT
SNA,ORD
SNA,COS
SNA,CCR
SNA,ADS
SNA,DFW
SNA,DAL
SNA,DEN
SNA,DSM
SNA,DTW
SNA,EGE
SNA,EUG
SNA,PAE
SNA,GJT
SNA,GXY
SNA,HWD
SNA,IAH
SNA,HOU
SNA,IDA
SNA,LAS
SNA,HSH
SNA,LVK
SNA,SDF
SNA,MMH
SNA,MFR
SNA,MEM
SNA,MIA
SNA,OPF
SNA,MSP
SNA,MSO
SNA,MLU
SNA,APC
SNA,BNA
SNA,JFK
SNA,EWR
SNA,VGT
SNA,NOT
SNA,OAK
SNA,OGD
SNA,PSP
SNA,PHX
SNA,PDX
SNA,PVU
SNA,RNO
SNA,SMF
SNA,SLC
SNA,SDM
SNA,SAN
SNA,CLD
SNA,MYF
SNA,SFO
SNA,SJC
SNA,SBP
SNA,SBA
SNA,STS
SNA,SCF
SNA,SEA
SNA,RSW
SNA,TPA
SNA,TEB
SNA,TRM
SNA,TUS
SNA,RVS
SNA,VNY
SNA,IAD
SNA,PBI
SNE,SID
SNE,RAI
SNE,VXE
SNN,BRU
SNN,AGF
SNN,MRS
SNN,CDG
SNN,LEJ
SNN,BUD
SNN,DUB
SNN,SNN
SNN,TRN
SNN,KUN
SNN,MLA
SNN,KRK
SNN,WRO
SNN,FAO
SNN,ALC
SNN,FUE
SNN,GRO
SNN,LPA
SNN,ACE
SNN,AGP
SNN,PMI
SNN,REU
SNN,TFS
SNN,IST
SNN,BHX
SNN,EDI
SNN,LBA
SNN,LPL
SNN,LGW
SNN,LHR
SNN,STN
SNN,MAN
SNN,BWI
SNN,BOS
SNN,ORD
SNN,JFK
SNO,DMK
SNP,ANC
SNP,STG
SNR,BYF
SNR,LEH
SNR,LRT
SNR,NCE
SNR,RNS
SNR,TLS
SNR,LUX
SNS,HWD
SNS,HLI
SNS,MEV
SNS,SQL
SNS,YUM
SNU,YFC
SNU,YHZ
SNU,YUL
SNU,YOW
SNU,YQB
SNU,YYZ
SNU,YQG
SNU,PRG
SNU,CUN
SNU,PTY
SNU,MIA
SNU,TPA
SNW,MDL
SNW,AKY
SNW,RGN
SNY,DEN
SOB,QGY
SOC,BPN
SOC,DPS
SOC,HLP
SOC,CGK
SOC,PNK
SOC,JED
SOF,EVN
SOF,VIE
SOF,GYD
SOF,BRU
SOF,CRL
SOF,GOZ
SOF,VAR
SOF,LCA
SOF,PFO
SOF,PRG
SOF,CPH
SOF,JIB
SOF,CAI
SOF,HRG
SOF,ADD
SOF,BSL
SOF,NCE
SOF,BVA
SOF,CDG
SOF,QYF
SOF,BER
SOF,CGN
SOF,DTM
SOF,FRA
SOF,HHN
SOF,HAM
SOF,FKB
SOF,LEJ
SOF,FMM
SOF,MUC
SOF,NUE
SOF,RMS
SOF,STR
SOF,ATH
SOF,BUD
SOF,DUB
SOF,SNN
SOF,TLV
SOF,BRI
SOF,BLQ
SOF,CTA
SOF,LMP
SOF,BGY
SOF,MXP
SOF,NAP
SOF,CIA
SOF,FCO
SOF,TSF
SOF,MLA
SOF,TGD
SOF,TIV
SOF,AMS
SOF,EIN
SOF,OSL
SOF,WAW
SOF,WRO
SOF,LIS
SOF,DOH
SOF,OTP
SOF,TSR
SOF,BEG
SOF,BTS
SOF,ALC
SOF,BCN
SOF,MAD
SOF,AGP
SOF,VLC
SOF,NYO
SOF,GVA
SOF,ZRH
SOF,AYT
SOF,IST
SOF,AUH
SOF,DXB
SOF,BHX
SOF,BRS
SOF,EDI
SOF,LPL
SOF,LGW
SOF,LHR
SOF,LTN
SOF,STN
SOF,MAN
SOF,IAD
SOG,BGO
SOG,HOV
SOG,OSL
SOG,SDN
SOJ,HFT
SOJ,TOS
SON,ZGU
SON,LOD
SON,LNE
SON,MWF
SON,NUS
SON,VLI
SON,SSR
SON,SLH
SON,WLH
SOP,DNL
SOP,CAE
SOP,FAY
SOP,SOP
SOP,TEB
SOQ,AMQ
SOQ,BXB
SOQ,DPS
SOQ,FKQ
SOQ,CGK
SOQ,DJJ
SOQ,KNG
SOQ,UPG
SOQ,MDC
SOQ,MKW
SOU,CMF
SOU,ORY
SOU,ACI
SOU,GCI
SOU,DUB
SOU,JER
SOU,AMS
SOU,BXO
SOU,GVA
SOU,BHD
SOU,BFS
SOU,EDI
SOU,GLA
SOU,HUY
SOU,NCL
SOV,HOM
SOV,PGM
SOW,HBK
SOW,PJB
SOW,PHX
SOZ,BOD
SPA,DNL
SPA,CAE
SPA,APA
SPA,ORL
SPB,SSB
SPC,BER
SPC,DUS
SPC,FRA
SPC,HAM
SPC,MUC
SPC,STR
SPC,AMS
SPC,BCN
SPC,FUE
SPC,LPA
SPC,ACE
SPC,MAD
SPC,TFN
SPC,TFS
SPC,LGW
SPC,MAN
SPD,CXB
SPD,DAC
SPF,ABR
SPF,BIL
SPG,TCB
SPG,WTD
SPG,QSB
SPG,QQX
SPG,MEM
SPG,OPF
SPG,APF
SPG,OCF
SPG,ORL
SPG,VRB
SPI,ORD
SPI,BJC
SPI,APF
SPI,MCO
SPI,PGD
SPI,TPA
SPN,GUM
SPN,NRT
SPN,ROP
SPN,TIQ
SPN,ICN
SPP,LAD
SPP,MSZ
SPR,BZE
SPR,TZA
SPR,CUK
SPR,CYC
SPR,CZH
SPS,DFW
SPS,APA
SPS,SFO
SPU,VIE
SPU,DBV
SPU,PUY
SPU,RJK
SPU,ZAG
SPU,CGN
SPU,DUS
SPU,FRA
SPU,MUC
SPU,STR
SPU,AOI
SPU,FCO
SPU,AMS
SPU,OSL
SPU,ZRH
SPU,IST
SPW,SCF
SPW,STC
SPY,ABJ
SQA,QTC
SQA,SDM
SQA,TOA
SQD,PEK
SQD,PKX
SQD,TFU
SQD,CAN
SQD,TNA
SQD,TAO
SQD,SYX
SQD,SZX
SQG,PNK
SQJ,PKX
SQJ,CTU
SQJ,CKG
SQJ,CAN
SQJ,KMG
SQJ,TAO
SQJ,PVG
SQJ,XIY
SQL,MRY
SQL,APC
SQL,PSP
SQL,CLD
SQL,SJC
SQL,SBA
SQL,TKF
SQN,AMQ
SQN,TTE
SQQ,RIX
SRA,POA
SRE,CBB
SRE,LPB
SRE,VVI
SRE,TJA
SRG,BPN
SRG,BDJ
SRG,BTH
SRG,DPS
SRG,HLP
SRG,CGK
SRG,KTG
SRG,UPG
SRG,PKN
SRK,NAQ
SRP,OSL
SRQ,YSJ
SRQ,YYZ
SRQ,GCM
SRQ,CAK
SRQ,ABE
SRQ,ATW
SRQ,AVL
SRQ,ATL
SRQ,AUS
SRQ,BWI
SRQ,BLV
SRQ,BHM
SRQ,BCT
SRQ,BOS
SRQ,QSK
SRQ,SSI
SRQ,BUF
SRQ,CID
SRQ,CLT
SRQ,MDW
SRQ,ORD
SRQ,RFD
SRQ,CVG
SRQ,CLE
SRQ,CAE
SRQ,CMH
SRQ,OSU
SRQ,LCK
SRQ,DFW
SRQ,DAL
SRQ,DAB
SRQ,DCU
SRQ,DEN
SRQ,DSM
SRQ,DSI
SRQ,DTW
SRQ,DBQ
SRQ,FRG
SRQ,FNT
SRQ,FXE
SRQ,FPR
SRQ,FWA
SRQ,GVL
SRQ,GRR
SRQ,MDT
SRQ,IAH
SRQ,HOU
SRQ,IND
SRQ,JLN
SRQ,MCI
SRQ,EYW
SRQ,ISM
SRQ,LCQ
SRQ,LAL
SRQ,LAW
SRQ,SDF
SRQ,MNZ
SRQ,MIA
SRQ,OPF
SRQ,MKE
SRQ,MSP
SRQ,APF
SRQ,BNA
SRQ,HVN
SRQ,JFK
SRQ,LGA
SRQ,EWR
SRQ,PHF
SRQ,OFK
SRQ,MCO
SRQ,PNS
SRQ,PIA
SRQ,PHL
SRQ,TTN
SRQ,AGC
SRQ,PIT
SRQ,PVD
SRQ,PGD
SRQ,ROA
SRQ,ROC
SRQ,SAT
SRQ,SRQ
SRQ,SUX
SRQ,SBN
SRQ,RSW
SRQ,STL
SRQ,PIE
SRQ,SYR
SRQ,VDF
SRQ,TEB
SRQ,IAD
SRQ,DCA
SRQ,PBI
SRQ,ILG
SRQ,BDL
SRQ,GIF
SRY,AWZ
SRY,PGU
SRY,BND
SRY,GSM
SRY,IFN
SRY,KIH
SRY,MHD
SRY,SYZ
SRY,THR
SSA,AEP
SSA,EZE
SSA,BRA
SSA,CNF
SSA,BSB
SSA,MXQ
SSA,CPV
SSA,VCP
SSA,FOR
SSA,GYN
SSA,GNM
SSA,IOS
SSA,JPA
SSA,LEC
SSA,MCZ
SSA,NAT
SSA,PAV
SSA,BPS
SSA,REC
SSA,GIG
SSA,SLZ
SSA,CGH
SSA,GRU
SSA,TXF
SSA,VDC
SSA,VIX
SSA,LIS
SSA,MAD
SSA,MVD
SSB,SPB
SSF,QSE
SSF,VNC
SSG,COO
SSG,DLA
SSG,BSG
SSG,GEM
SSG,ADD
SSG,LBV
SSG,CMN
SSG,LOS
SSG,PHC
SSG,LFW
SSH,EVN
SSH,GYD
SSH,BRU
SSH,HBE
SSH,CAI
SSH,HRG
SSH,LXR
SSH,TLL
SSH,BER
SSH,DUS
SSH,FRA
SSH,BUD
SSH,BGW
SSH,TLV
SSH,BRI
SSH,BLQ
SSH,CTA
SSH,MXP
SSH,NAP
SSH,FCO
SSH,VRN
SSH,AMM
SSH,ALA
SSH,NQZ
SSH,GUW
SSH,FRU
SSH,RIX
SSH,BEY
SSH,VNO
SSH,RMO
SSH,AMS
SSH,KTW
SSH,RZE
SSH,WAW
SSH,OTP
SSH,IAS
SSH,KZN
SSH,MRV
SSH,DME
SSH,SVO
SSH,VKO
SSH,KUF
SSH,AER
SSH,LED
SSH,TJM
SSH,UFA
SSH,VOG
SSH,SVX
SSH,GVA
SSH,ZRH
SSH,AYT
SSH,IST
SSH,SAW
SSH,BHX
SSH,BRS
SSH,GLA
SSH,LGW
SSH,LTN
SSH,STN
SSH,MAN
SSH,NCL
SSH,TAS
SSI,AGS
SSI,CMH
SSI,DAB
SSI,FMY
SSI,AIV
SSI,LFN
SSI,MRK
SSI,APF
SSI,BNA
SSI,QSI
SSI,RMG
SSI,SRQ
SSI,UST
SSI,PIE
SSI,VDI
SSI,PBI
SSJ,BOO
SSJ,TRD
SSR,LNE
SSR,SON
STA,RKE
STB,MAR
STC,IFA
STC,ISM
STC,AZA
STC,PGD
STC,RWF
STC,RST
STC,STC
STC,STP
STC,TUL
STD,CCS
STD,MUN
STD,PMV
STD,PZO
STD,VLN
STE,QQX
STG,ANC
STG,SNP
STG,DUT
STI,BOG
STI,MDE
STI,SDQ
STI,BQN
STI,SIG
STI,SJU
STI,PLS
STI,BOS
STI,FLL
STI,MIA
STI,JFK
STI,EWR
STI,MCO
STJ,FTW
STJ,MBY
STL,YYZ
STL,PUJ
STL,FRA
STL,MBJ
STL,CUN
STL,SJD
STL,SJU
STL,ATL
STL,AUS
STL,BWI
STL,BED
STL,BHM
STL,BOS
STL,IFP
STL,BRL
STL,CLT
STL,MDW
STL,ORD
STL,RFD
STL,CVG
STL,CLE
STL,CMH
STL,OSU
STL,DFW
STL,DAL
STL,DEN
STL,BJC
STL,DSM
STL,VPS
STL,DTW
STL,YIP
STL,FLL
STL,GSO
STL,GPT
STL,IAH
STL,HOU
STL,IND
STL,HKS
STL,MKL
STL,JAX
STL,JBR
STL,MCI
STL,TYS
STL,LAS
STL,LIT
STL,LGB
STL,LAX
STL,SDF
STL,MEM
STL,MIA
STL,OPF
STL,MKE
STL,MSP
STL,MOB
STL,BNA
STL,MSY
STL,LGA
STL,EWR
STL,OAK
STL,OKC
STL,OMA
STL,MCO
STL,SFB
STL,ECP
STL,PNS
STL,PHL
STL,BBX
STL,PHX
STL,PIT
STL,UIN
STL,RDU
STL,SMF
STL,SLC
STL,SAT
STL,SAN
STL,SFO
STL,SJC
STL,SRQ
STL,SAV
STL,SEA
STL,RSW
STL,CPS
STL,TPA
STL,TUL
STL,IAD
STL,DCA
STL,PBI
STL,ICT
STL,ILM
STM,BEL
STM,BSB
STM,ITB
STM,MAO
STM,TMT
STN,TIA
STN,INN
STN,KLU
STN,SZG
STN,VIE
STN,LGG
STN,PDV
STN,SOF
STN,TFU
STN,CKG
STN,CAN
STN,PVG
STN,SZX
STN,ZAG
STN,PFO
STN,BRQ
STN,OSR
STN,PRG
STN,AAL
STN,AAR
STN,BLL
STN,CPH
STN,SSH
STN,TLL
STN,HEL
STN,RVN
STN,BSL
STN,EGC
STN,BIQ
STN,BOD
STN,CCF
STN,CMF
STN,GNB
STN,LRH
STN,LIG
STN,LYN
STN,MRS
STN,NTE
STN,CDG
STN,PGF
STN,PIS
STN,LDE
STN,TLS
STN,TUF
STN,BER
STN,BRE
STN,CGN
STN,DTM
STN,FRA
STN,HHN
STN,HAM
STN,FKB
STN,KEL
STN,LEJ
STN,FMM
STN,NUE
STN,ATH
STN,RHO
STN,SKG
STN,HKG
STN,BUD
STN,KEF
STN,ORK
STN,DUB
STN,KIR
STN,NOC
STN,SNN
STN,AHO
STN,AOI
STN,BRI
STN,BLQ
STN,BZO
STN,BDS
STN,CAG
STN,CTA
STN,GOA
STN,SUF
STN,BGY
STN,MXP
STN,NAP
STN,PMO
STN,PEG
STN,PSR
STN,PSA
STN,CIA
STN,FCO
STN,TRS
STN,TRN
STN,VCE
STN,VRN
STN,AMM
STN,RIX
STN,KUN
STN,PLQ
STN,VNO
STN,LUX
STN,SZB
STN,MLA
STN,RMO
STN,TGD
STN,AGA
STN,ESU
STN,FEZ
STN,RAK
STN,OZZ
STN,RBA
STN,TNG
STN,AMS
STN,EIN
STN,MST
STN,BGO
STN,EVE
STN,OSL
STN,TRF
STN,BZG
STN,GDN
STN,KTW
STN,KRK
STN,LCJ
STN,SZY
STN,POZ
STN,RZE
STN,SZZ
STN,WMI
STN,WRO
STN,FAO
STN,FNC
STN,LIS
STN,OPO
STN,OTP
STN,CLJ
STN,BTS
STN,KSC
STN,TAT
STN,ALC
STN,LEI
STN,OVD
STN,BCN
STN,CDT
STN,FUE
STN,GRO
STN,LPA
STN,IBZ
STN,ACE
STN,MAD
STN,MAH
STN,AGP
STN,RMU
STN,PMI
STN,REU
STN,SDR
STN,SCQ
STN,SVQ
STN,TFS
STN,VLC
STN,VGO
STN,ZAZ
STN,GOT
STN,ORB
STN,ARN
STN,VST
STN,GVA
STN,ZRH
STN,ESB
STN,AYT
STN,DLM
STN,SAW
STN,ADB
STN,DXB
STN,DWC
STN,BFS
STN,EDI
STN,GLA
STN,LTN
STN,STN
STN,MAN
STN,NQY
STN,NHT
STN,SDF
STN,MEM
STN,HPN
STP,ATW
STP,DAL
STP,YIP
STP,FAR
STP,LNK
STP,MLB
STP,MKE
STP,MSP
STP,MKG
STP,APF
STP,BNA
STP,BBX
STP,PHX
STP,PTK
STP,RAP
STP,RDG
STP,SCF
STP,FSD
STP,TEB
STP,IAD
STP,ICT
STR,TIA
STR,VIE
STR,QEW
STR,KJK
STR,SJJ
STR,SOF
STR,BVC
STR,DBV
STR,SPU
STR,ZAG
STR,LCA
STR,PRG
STR,AAL
STR,CPH
STR,HRG
STR,RMF
STR,LYN
STR,CDG
STR,VIY
STR,AGB
STR,BER
STR,BWE
STR,BRE
STR,CGN
STR,DUS
STR,FRA
STR,QCQ
STR,GHF
STR,HAM
STR,HAJ
STR,QEP
STR,KSF
STR,LEJ
STR,MUC
STR,NUE
STR,PAD
STR,RMS
STR,QER
STR,QCP
STR,STR
STR,QCZ
STR,WVN
STR,ATH
STR,HER
STR,KVA
STR,RHO
STR,SKG
STR,BUD
STR,EBL
STR,AVB
STR,BRI
STR,VBS
STR,CTA
STR,LIN
STR,MXP
STR,NAP
STR,OLB
STR,FCO
STR,VCE
STR,PRN
STR,AGA
STR,AMS
STR,WAW
STR,FAO
STR,FNC
STR,LIS
STR,OPO
STR,OTP
STR,BEG
STR,BCN
STR,FUE
STR,LPA
STR,IBZ
STR,XRY
STR,SPC
STR,ACE
STR,AGP
STR,PMI
STR,TFS
STR,VLC
STR,AJR
STR,ARN
STR,QYG
STR,ACH
STR,ZRH
STR,MIR
STR,ADA
STR,ESB
STR,AYT
STR,GZT
STR,IST
STR,SAW
STR,ADB
STR,ASR
STR,SZF
STR,DXB
STR,LHR
STS,YVR
STS,QSA
STS,BUR
STS,QTC
STS,CCR
STS,LAS
STS,HSH
STS,LAX
STS,OAK
STS,UDD
STS,PSP
STS,PHX
STS,PDX
STS,RDM
STS,MHR
STS,MCC
STS,SAN
STS,CLD
STS,SNA
STS,SBA
STS,STS
STS,SCF
STS,SEA
STS,STL
STT,AXA
STT,DOM
STT,JBQ
STT,SDQ
STT,SBH
STT,SJU
STT,SKB
STT,NEV
STT,ATL
STT,CLT
STT,ORD
STT,DFW
STT,DAL
STT,FLL
STT,IAH
STT,MIA
STT,OPF
STT,APF
STT,JFK
STT,EWR
STT,MCO
STT,PHL
STT,IAD
STT,EIS
STT,VIJ
STT,STX
STV,IXG
STV,BLR
STV,MAA
STV,COK
STV,DEL
STV,DIU
STV,GOI
STV,HYD
STV,IDR
STV,JAI
STV,KQH
STV,CCU
STV,UDR
STV,DXB
STV,SHJ
STW,SVO
STW,VKO
STW,AER
STW,LED
STW,SVX
STX,SDQ
STX,SXM
STX,SJU
STX,SKB
STX,NEV
STX,ATL
STX,CLT
STX,FLL
STX,MIA
STX,STT
SUA,CCZ
SUA,GHB
SUA,MHH
SUA,NAS
SUA,AHN
SUA,PDK
SUA,DNL
SUA,BGR
SUA,BFT
SUA,BVY
SUA,BHM
SUA,BCT
SUA,CHO
SUA,AUZ
SUA,CMH
SUA,WDG
SUA,FXE
SUA,FLL
SUA,FMY
SUA,GSP
SUA,GRD
SUA,HHH
SUA,LGC
SUA,MTH
SUA,MLB
SUA,MEM
SUA,BLF
SUA,APF
SUA,BNA
SUA,QQB
SUA,LGA
SUA,PHF
SUA,OCF
SUA,MCO
SUA,PGD
SUA,RDU
SUA,ROC
SUA,MHR
SUA,CTZ
SUA,SFO
SUA,QTT
SUA,PIE
SUA,SGR
SUA,VDI
SUA,PBI
SUA,HPN
SUA,ILM
SUB,BWN
SUB,HKG
SUB,AMQ
SUB,BPN
SUB,BDO
SUB,BDJ
SUB,BTH
SUB,DPS
SUB,HLP
SUB,CGK
SUB,BEJ
SUB,KDI
SUB,KOE
SUB,LBJ
SUB,LOP
SUB,UPG
SUB,MDC
SUB,PKY
SUB,PLM
SUB,PKN
SUB,PKU
SUB,PNK
SUB,AAP
SUB,SMQ
SUB,TRK
SUB,TTE
SUB,JOG
SUB,JHB
SUB,KUL
SUB,PEN
SUB,JED
SUB,MED
SUB,SIN
SUF,BSL
SUF,DUS
SUF,HHN
SUF,BLQ
SUF,VBS
SUF,GOA
SUF,BGY
SUF,LIN
SUF,MXP
SUF,PSA
SUF,FCO
SUF,TRN
SUF,VCE
SUF,VRN
SUF,KRK
SUF,ZRH
SUF,STN
SUG,CEB
SUG,MNL
SUJ,OTP
SUJ,LTN
SUK,YKS
SUN,QSA
SUN,ORD
SUN,CMH
SUN,DEN
SUN,JAC
SUN,LAX
SUN,MRY
SUN,VGT
SUN,DVT
SUN,PHX
SUN,RXE
SUN,SLC
SUN,SFO
SUN,SNA
SUN,SCF
SUN,BFI
SUN,SEA
SUN,VNY
SUN,ALW
SUR,YXL
SUR,WNN
SUS,QQG
SUS,ASE
SUS,FTY
SUS,AUS
SUS,BVX
SUS,QQY
SUS,BTV
SUS,CHS
SUS,CLT
SUS,DPA
SUS,PWK
SUS,MDW
SUS,CVG
SUS,LCK
SUS,DVN
SUS,DEC
SUS,APA
SUS,DSM
SUS,DBQ
SUS,EGE
SUS,FLG
SUS,FWA
SUS,HRO
SUS,MKC
SUS,JCI
SUS,ISM
SUS,LFT
SUS,AIZ
SUS,LAS
SUS,LIT
SUS,FCM
SUS,APF
SUS,RDU
SUS,SLC
SUS,SUS
SUS,SGF
SUS,SUA
SUS,TEB
SUS,TUL
SUS,VTN
SUS,BEC
SUS,ICT
SUU,RZE
SUU,EDF
SUV,ICI
SUV,KDV
SUV,KXF
SUV,LBS
SUV,LKB
SUV,TVU
SUV,NAN
SUV,RTA
SUV,SVU
SUV,VBV
SUV,FUN
SUX,AMA
SUX,PWK
SUX,ORD
SUX,DEN
SUX,BJC
SUX,DSM
SUX,IOW
SUX,LAS
SUX,STL
SUX,STP
SUX,TRM
SUX,IAD
SUX,ALO
SUY,YKS
SVA,GAM
SVA,OME
SVB,TNR
SVB,DIE
SVC,ABQ
SVC,PHX
SVD,BGI
SVD,YYZ
SVD,GND
SVD,CRU
SVD,SLU
SVD,MQS
SVD,POS
SVD,BWI
SVD,BED
SVD,MIA
SVD,JFK
SVG,CPH
SVG,EBJ
SVG,FRA
SVG,JER
SVG,AMS
SVG,BGO
SVG,OSL
SVG,TRF
SVG,TRD
SVG,GDN
SVG,KRK
SVG,ALC
SVG,LPA
SVG,AGP
SVG,SLM
SVG,TFS
SVG,GOT
SVG,BMA
SVG,SDL
SVG,ZRH
SVG,ABZ
SVG,LGW
SVG,LHR
SVG,MAN
SVG,NCL
SVH,AUO
SVH,MRC
SVH,QSB
SVH,RSW
SVH,TEB
SVH,IAD
SVI,BOG
SVJ,BOO
SVJ,OSL
SVJ,RET
SVL,HEL
SVO,KBL
SVO,ALG
SVO,EVN
SVO,GYD
SVO,GNJ
SVO,MSQ
SVO,BRU
SVO,PEK
SVO,PKX
SVO,CTU
SVO,TFU
SVO,CAN
SVO,HGH
SVO,TAO
SVO,SYX
SVO,PVG
SVO,SHE
SVO,SZX
SVO,XIY
SVO,CCC
SVO,HAV
SVO,VRA
SVO,CAI
SVO,HRG
SVO,SSH
SVO,TBS
SVO,HKG
SVO,DEL
SVO,GOI
SVO,IKA
SVO,SCO
SVO,ALA
SVO,NQZ
SVO,GUW
SVO,KGF
SVO,CIT
SVO,FRU
SVO,OSS
SVO,MLE
SVO,MRU
SVO,MCT
SVO,DOH
SVO,ABA
SVO,DYR
SVO,KVK
SVO,ARH
SVO,ASF
SVO,BAX
SVO,OGZ
SVO,BQS
SVO,CSY
SVO,CEK
SVO,CEE
SVO,RGK
SVO,GRV
SVO,IKT
SVO,IJK
SVO,KGD
SVO,KZN
SVO,KEJ
SVO,KHV
SVO,HMA
SVO,KVX
SVO,KRR
SVO,KJA
SVO,GDX
SVO,IGT
SVO,MQF
SVO,MCX
SVO,MRV
SVO,MMK
SVO,NBC
SVO,NAL
SVO,NJC
SVO,GOJ
SVO,NOZ
SVO,OVB
SVO,NUX
SVO,OMS
SVO,REN
SVO,OSW
SVO,PEZ
SVO,PEE
SVO,PKC
SVO,PES
SVO,ROV
SVO,SLY
SVO,KUF
SVO,SKX
SVO,GSV
SVO,AER
SVO,LED
SVO,STW
SVO,SGC
SVO,SCW
SVO,TOF
SVO,TJM
SVO,UFA
SVO,UCT
SVO,UUD
SVO,ULV
SVO,VVO
SVO,VOG
SVO,YKS
SVO,SVX
SVO,UUS
SVO,BEG
SVO,SEZ
SVO,CMB
SVO,DAM
SVO,KQT
SVO,BKK
SVO,HKT
SVO,ADA
SVO,AYT
SVO,DLM
SVO,IST
SVO,SIP
SVO,AUH
SVO,DXB
SVO,DWC
SVO,BHK
SVO,FEG
SVO,SKD
SVO,TAS
SVO,UGC
SVO,PMV
SVO,SGN
SVQ,VIE
SVQ,BRU
SVQ,CRL
SVQ,PRG
SVQ,BOD
SVQ,LYS
SVQ,MRS
SVQ,MPL
SVQ,NTE
SVQ,BVA
SVQ,CDG
SVQ,LBG
SVQ,ORY
SVQ,TLS
SVQ,CGN
SVQ,FRA
SVQ,HHN
SVQ,FKB
SVQ,MUC
SVQ,NUE
SVQ,OBF
SVQ,NRN
SVQ,BUD
SVQ,ORK
SVQ,DUB
SVQ,BRI
SVQ,BLQ
SVQ,CAG
SVQ,CTA
SVQ,BGY
SVQ,MXP
SVQ,NAP
SVQ,PSA
SVQ,CIA
SVQ,FCO
SVQ,TRN
SVQ,TSF
SVQ,MLA
SVQ,CMN
SVQ,RAK
SVQ,RBA
SVQ,TNG
SVQ,AMS
SVQ,EIN
SVQ,KRK
SVQ,WAW
SVQ,CAT
SVQ,LIS
SVQ,OPO
SVQ,OTP
SVQ,ALC
SVQ,LEI
SVQ,OVD
SVQ,BCN
SVQ,BIO
SVQ,FUE
SVQ,LPA
SVQ,IBZ
SVQ,XRY
SVQ,ACE
SVQ,MAD
SVQ,QYU
SVQ,MAH
SVQ,MLN
SVQ,PMI
SVQ,EAS
SVQ,SDR
SVQ,SCQ
SVQ,SVQ
SVQ,TFN
SVQ,TFS
SVQ,VLC
SVQ,VIT
SVQ,ARN
SVQ,GVA
SVQ,ZRH
SVQ,BHX
SVQ,EDI
SVQ,LGW
SVQ,LTN
SVQ,STN
SVQ,MAN
SVR,THU
SVU,NAN
SVU,SUV
SVW,TLJ
SVX,EVN
SVX,GYD
SVX,MSQ
SVX,HRG
SVX,SSH
SVX,TBS
SVX,GOI
SVX,ALA
SVX,NQZ
SVX,DMB
SVX,FRU
SVX,OSS
SVX,ARH
SVX,BAX
SVX,EYK
SVX,BQS
SVX,CEE
SVX,HTA
SVX,RGK
SVX,IKT
SVX,KGD
SVX,KLF
SVX,KZN
SVX,KEJ
SVX,KHV
SVX,HMA
SVX,KRR
SVX,KJA
SVX,LPK
SVX,MQF
SVX,MCX
SVX,MRV
SVX,DME
SVX,SVO
SVX,VKO
SVX,NYM
SVX,NNM
SVX,NJC
SVX,GOJ
SVX,NSK
SVX,NOZ
SVX,OVB
SVX,NUX
SVX,NOJ
SVX,NYA
SVX,OMS
SVX,REN
SVX,PEZ
SVX,PES
SVX,SLY
SVX,KUF
SVX,GSV
SVX,AER
SVX,OVS
SVX,LED
SVX,STW
SVX,SGC
SVX,SCW
SVX,RMZ
SVX,TOF
SVX,TJM
SVX,UFA
SVX,ULV
SVX,URJ
SVX,VVO
SVX,VOG
SVX,YKS
SVX,HRI
SVX,DYU
SVX,LBD
SVX,BKK
SVX,HKT
SVX,UTP
SVX,AYT
SVX,IST
SVX,DXB
SVX,DWC
SVX,SHJ
SVX,BHK
SVX,FEG
SVX,NMA
SVX,SKD
SVX,TAS
SVZ,CCS
SVZ,PMV
SWA,PNH
SWA,PEK
SWA,PKX
SWA,CSX
SWA,CZX
SWA,CTU
SWA,TFU
SWA,JUH
SWA,CKG
SWA,DYG
SWA,DZH
SWA,EHU
SWA,FUG
SWA,CAN
SWA,KWL
SWA,KWE
SWA,HAK
SWA,HGH
SWA,HRB
SWA,HFE
SWA,HNY
SWA,HIA
SWA,HYN
SWA,JGS
SWA,KMG
SWA,LYI
SWA,LZH
SWA,LYA
SWA,LZO
SWA,KHN
SWA,NKG
SWA,NNG
SWA,NTG
SWA,NNY
SWA,NGB
SWA,TAO
SWA,SHA
SWA,PVG
SWA,HSC
SWA,SJW
SWA,TEN
SWA,WNZ
SWA,WUH
SWA,XIY
SWA,XUZ
SWA,YTY
SWA,YBP
SWA,YIH
SWA,YIW
SWA,ZHA
SWA,CGO
SWA,HSN
SWA,WMT
SWA,KUL
SWA,DMK
SWA,BKK
SWC,HSM
SWF,YYZ
SWF,KEF
SWF,ABE
SWF,BWI
SWF,CHS
SWF,SDF
SWF,MEM
SWF,MYR
SWF,MCO
SWF,SFB
SWF,AGC
SWF,PGD
SWF,RUT
SWF,PIE
SWF,TEB
SWF,HPN
SWH,BXG
SWH,MEB
SWH,MQL
SWJ,NUS
SWJ,VLI
SWO,DFW
SWO,FNL
SWO,MKG
SWQ,LOP
SWT,TOF
SXB,ALG
SXB,CZL
SXB,BOD
SXB,BES
SXB,CMR
SXB,GNB
SXB,LYS
SXB,MRS
SXB,ETZ
SXB,NTE
SXB,NCE
SXB,LTT
SXB,TLS
SXB,BER
SXB,DTM
SXB,QEZ
SXB,FCO
SXB,AGA
SXB,CMN
SXB,FEZ
SXB,NDR
SXB,AMS
SXB,OPO
SXB,BCN
SXB,ACE
SXB,MAD
SXB,TUN
SXB,IST
SXB,LGW
SXE,MEB
SXK,AMQ
SXM,AXA
SXM,ANU
SXM,BGI
SXM,YUL
SXM,YYZ
SXM,CUR
SXM,DOM
SXM,PUJ
SXM,JBQ
SXM,SDQ
SXM,CDG
SXM,PTP
SXM,SBH
SXM,PAP
SXM,KIN
SXM,SAB
SXM,EUX
SXM,PTY
SXM,SJU
SXM,SKB
SXM,NEV
SXM,POS
SXM,ATL
SXM,BOS
SXM,CLT
SXM,ORD
SXM,FLL
SXM,MIA
SXM,MSP
SXM,JFK
SXM,EWR
SXM,PHL
SXM,IAD
SXM,EIS
SXM,STT
SXP,AUK
SXP,EMK
SXR,AMD
SXR,ATQ
SXR,IXC
SXR,DEL
SXR,HYD
SXR,IXJ
SXR,IXL
SXR,BOM
SXV,BLR
SXV,MAA
SXV,COK
SXV,HYD
SXZ,ESB
SXZ,IST
SYD,ADL
SYD,ABX
SYD,ASP
SYD,ARM
SYD,AYQ
SYD,BNK
SYD,BXG
SYD,BNE
SYD,QBA
SYD,BHQ
SYD,BQB
SYD,CNS
SYD,CBR
SYD,CAZ
SYD,CFS
SYD,DRW
SYD,DNQ
SYD,DBO
SYD,OOL
SYD,GFF
SYD,HTI
SYD,HVB
SYD,HBA
SYD,LST
SYD,LDH
SYD,MEL
SYD,AVV
SYD,MEB
SYD,MIM
SYD,MQL
SYD,MRZ
SYD,MYA
SYD,DGE
SYD,NAA
SYD,NRA
SYD,NTL
SYD,NLK
SYD,OAG
SYD,PKE
SYD,PER
SYD,PQQ
SYD,PPP
SYD,MCY
SYD,SYD
SYD,TMW
SYD,WTB
SYD,TSV
SYD,WGA
SYD,WYA
SYD,WOL
SYD,YVR
SYD,SCL
SYD,PEK
SYD,TFU
SYD,CKG
SYD,CAN
SYD,HAK
SYD,HGH
SYD,TNA
SYD,NKG
SYD,TAO
SYD,PVG
SYD,SZX
SYD,WUH
SYD,XMN
SYD,CGO
SYD,RAR
SYD,NAN
SYD,HKG
SYD,BLR
SYD,DEL
SYD,DPS
SYD,CGK
SYD,HND
SYD,KUL
SYD,NOU
SYD,AKL
SYD,CHC
SYD,ZQN
SYD,WLG
SYD,POM
SYD,MNL
SYD,DOH
SYD,SIN
SYD,JNB
SYD,ICN
SYD,CMB
SYD,TPE
SYD,BKK
SYD,HKT
SYD,TBU
SYD,AUH
SYD,DXB
SYD,DFW
SYD,HNL
SYD,IAH
SYD,LAX
SYD,SFO
SYD,VLI
SYD,HAN
SYD,SGN
SYJ,THR
SYM,CTU
SYM,TFU
SYM,CKG
SYM,KMG
SYM,LJG
SYM,JJN
SYO,HND
SYR,ATL
SYR,BWI
SYR,BOS
SYR,BUF
SYR,BTV
SYR,CDW
SYR,CHS
SYR,CLT
SYR,ORD
SYR,CMH
SYR,DFW
SYR,DEN
SYR,DTW
SYR,FLL
SYR,IND
SYR,LAS
SYR,SDF
SYR,MEM
SYR,MIA
SYR,BNA
SYR,JFK
SYR,LGA
SYR,EWR
SYR,MCO
SYR,SFB
SYR,PHL
SYR,PTK
SYR,PGD
SYR,ROC
SYR,SRQ
SYR,RSW
SYR,PIE
SYR,SYR
SYR,TPA
SYR,TEB
SYR,VLD
SYR,IAD
SYR,DCA
SYR,AUW
SYR,HPN
SYR,BDL
SYS,YKS
SYT,CMF
SYT,GNB
SYT,LYN
SYU,CNC
SYU,HID
SYX,PNH
SYX,PEK
SYX,PKX
SYX,CGQ
SYX,CSX
SYX,CZX
SYX,CTU
SYX,TFU
SYX,CKG
SYX,DLC
SYX,DZH
SYX,FUG
SYX,FOC
SYX,KOW
SYX,CAN
SYX,KWL
SYX,KWE
SYX,HGH
SYX,HRB
SYX,HFE
SYX,HNY
SYX,HET
SYX,HJJ
SYX,JGS
SYX,TNA
SYX,SHS
SYX,JNG
SYX,KMG
SYX,LYI
SYX,LYA
SYX,MIG
SYX,KHN
SYX,NKG
SYX,NNG
SYX,NTG
SYX,NNY
SYX,NGB
SYX,DSN
SYX,SHA
SYX,PVG
SYX,SQD
SYX,SHE
SYX,SZX
SYX,SJW
SYX,TYN
SYX,TSN
SYX,URC
SYX,WNZ
SYX,WUH
SYX,WUX
SYX,XIY
SYX,XMN
SYX,XUZ
SYX,ENY
SYX,YBP
SYX,YIH
SYX,YIC
SYX,YYA
SYX,YCU
SYX,ZHA
SYX,CGO
SYX,ZUH
SYX,WMT
SYX,HKG
SYX,CGK
SYX,SVO
SYX,SIN
SYX,PUS
SYX,DMK
SYY,AEY
SYY,BEB
SYY,EDI
SYY,GLA
SYY,INV
SYZ,ABD
SYZ,AWZ
SYZ,PGU
SYZ,BND
SYZ,BDH
SYZ,KER
SYZ,KIH
SYZ,LFM
SYZ,MHD
SYZ,RAS
SYZ,SRY
SYZ,TBZ
SYZ,THR
SYZ,ZAH
SYZ,KWI
SYZ,MCT
SYZ,DOH
SYZ,IST
SYZ,DXB
SYZ,SHJ
SZA,LAD
SZB,MEL
SZB,NNG
SZB,HKG
SZB,CGK
SZB,AOR
SZB,JHB
SZB,KBR
SZB,BKI
SZB,KUL
SZB,TGG
SZB,KCH
SZB,LBU
SZB,LGK
SZB,PEN
SZB,RDN
SZB,SIN
SZB,XSP
SZE,ADD
SZF,DUS
SZF,STR
SZF,BGW
SZF,ESB
SZF,AYT
SZF,IST
SZF,SAW
SZF,ADB
SZG,INN
SZG,LNZ
SZG,VIE
SZG,QEW
SZG,BRU
SZG,TZL
SZG,PRG
SZG,BLL
SZG,CPH
SZG,HRG
SZG,RMF
SZG,TLL
SZG,EPL
SZG,NCE
SZG,BER
SZG,CGN
SZG,DUS
SZG,FRA
SZG,QEF
SZG,HAM
SZG,QEZ
SZG,PAD
SZG,QCP
SZG,SGE
SZG,DUB
SZG,FLR
SZG,VRN
SZG,LUX
SZG,AMS
SZG,EIN
SZG,RTM
SZG,OSL
SZG,OMR
SZG,BEG
SZG,LPA
SZG,PMI
SZG,TFS
SZG,ARN
SZG,BRN
SZG,GVA
SZG,VIP
SZG,SIR
SZG,IST
SZG,DXB
SZG,BFS
SZG,BHX
SZG,BRS
SZG,EDI
SZG,LBA
SZG,LPL
SZG,LCY
SZG,LGW
SZG,LHR
SZG,LTN
SZG,STN
SZG,MAN
SZG,NCL
SZG,EMA
SZK,CPT
SZK,JNB
SZX,SYD
SZX,BRU
SZX,PNH
SZX,YVR
SZX,AKA
SZX,AQG
SZX,HQQ
SZX,AEB
SZX,BAV
SZX,BZX
SZX,BHY
SZX,PEK
SZX,PKX
SZX,CGQ
SZX,CGD
SZX,CSX
SZX,CIH
SZX,CZX
SZX,CTU
SZX,TFU
SZX,CIF
SZX,JUH
SZX,CKG
SZX,DLU
SZX,DLC
SZX,DZH
SZX,DOY
SZX,ENH
SZX,EHU
SZX,FUG
SZX,FOC
SZX,GYS
SZX,KWE
SZX,HAK
SZX,HGH
SZX,HZG
SZX,HRB
SZX,HCJ
SZX,HFE
SZX,HZA
SZX,HET
SZX,HIA
SZX,HJJ
SZX,TXN
SZX,HYN
SZX,JGS
SZX,TNA
SZX,JDZ
SZX,JHG
SZX,SHS
SZX,JNG
SZX,JIU
SZX,KMG
SZX,LHW
SZX,LYG
SZX,LJG
SZX,LYI
SZX,LYA
SZX,LZO
SZX,LLV
SZX,MIG
SZX,KHN
SZX,NAO
SZX,NKG
SZX,NNG
SZX,NTG
SZX,NNY
SZX,NGB
SZX,LZY
SZX,TAO
SZX,IQN
SZX,BAR
SZX,JJN
SZX,JUZ
SZX,RIZ
SZX,SYX
SZX,SHA
SZX,PVG
SZX,SQD
SZX,SHE
SZX,SJW
SZX,WDS
SZX,TYN
SZX,TSN
SZX,HLH
SZX,URC
SZX,WXN
SZX,WEF
SZX,WNH
SZX,WNZ
SZX,WUH
SZX,WHA
SZX,WSK
SZX,WUX
SZX,WUS
SZX,XIY
SZX,XFN
SZX,XIC
SZX,ACX
SZX,XNN
SZX,XAI
SZX,XUZ
SZX,ENY
SZX,YNZ
SZX,YTY
SZX,YNT
SZX,YBP
SZX,YIH
SZX,YIC
SZX,INC
SZX,YIW
SZX,UYN
SZX,YCU
SZX,ZAT
SZX,CGO
SZX,HSN
SZX,WMT
SZX,ZYI
SZX,CAI
SZX,CDG
SZX,FRA
SZX,LEJ
SZX,HKG
SZX,MAA
SZX,DEL
SZX,CGK
SZX,IKA
SZX,TLV
SZX,MXP
SZX,FCO
SZX,KIX
SZX,CTS
SZX,HND
SZX,NRT
SZX,ALA
SZX,FRU
SZX,LPQ
SZX,BKI
SZX,KUL
SZX,AKL
SZX,CEB
SZX,DVO
SZX,MNL
SZX,DOH
SZX,SVO
SZX,SIN
SZX,JNB
SZX,ICN
SZX,BCN
SZX,KHH
SZX,TPE
SZX,DMK
SZX,BKK
SZX,HKT
SZX,DXB
SZX,LHR
SZX,ANC
SZX,LAX
SZX,HAN
SZX,SGN
SZY,DTM
SZY,KRK
SZY,LTN
SZY,STN
SZZ,DUB
SZZ,OSL
SZZ,TRF
SZZ,KRK
SZZ,WAW
SZZ,LPL
SZZ,STN
TAB,BGI
TAB,UVF
TAB,POS
TAB,JFK
TAC,CEB
TAC,MNL
TAE,DYG
TAE,PVG
TAE,FUK
TAE,KIX
TAE,NRT
TAE,CEB
TAE,CJU
TAE,ICN
TAE,TPE
TAE,BKK
TAE,DAD
TAG,DVO
TAG,ENI
TAG,MNL
TAG,PUS
TAG,ICN
TAH,AUY
TAH,FTA
TAH,IPA
TAH,VLI
TAK,HKG
TAK,OKA
TAK,HND
TAK,NRT
TAK,ICN
TAK,TPE
TAL,FAI
TAL,HSL
TAM,CUN
TAM,MAM
TAM,NLU
TAM,MEX
TAM,MTY
TAM,REX
TAM,TLC
TAM,VER
TAM,IAH
TAM,MFE
TAO,MEL
TAO,SYD
TAO,AQG
TAO,NBS
TAO,BZX
TAO,PEK
TAO,CGQ
TAO,CSX
TAO,CTU
TAO,TFU
TAO,CIF
TAO,CKG
TAO,DLC
TAO,DDG
TAO,DQA
TAO,DAT
TAO,DZH
TAO,EHU
TAO,FUG
TAO,FOC
TAO,CAN
TAO,KWE
TAO,HAK
TAO,HLD
TAO,HGH
TAO,HRB
TAO,HFE
TAO,HNY
TAO,HET
TAO,TXN
TAO,HYN
TAO,JMU
TAO,SWA
TAO,JDZ
TAO,SHS
TAO,JNG
TAO,JXA
TAO,KMG
TAO,LHW
TAO,LJG
TAO,MIG
TAO,MDG
TAO,KHN
TAO,NKG
TAO,NGB
TAO,DSN
TAO,IQN
TAO,NDG
TAO,JJN
TAO,JUZ
TAO,SQJ
TAO,SHA
TAO,PVG
TAO,SQD
TAO,SHE
TAO,SZX
TAO,TYN
TAO,URC
TAO,WNZ
TAO,WUH
TAO,WHA
TAO,WUX
TAO,WUS
TAO,XIY
TAO,XMN
TAO,XFN
TAO,ENY
TAO,YNJ
TAO,YBP
TAO,YIH
TAO,INC
TAO,YIW
TAO,YYA
TAO,UYN
TAO,CGO
TAO,HSN
TAO,HKG
TAO,NGO
TAO,KIX
TAO,HND
TAO,NRT
TAO,MFM
TAO,KUL
TAO,KTM
TAO,SVO
TAO,SIN
TAO,PUS
TAO,ICN
TAO,TPE
TAO,BKK
TAO,DXB
TAO,LHR
TAO,ANC
TAO,HAN
TAP,GDL
TAP,MEX
TAP,MTY
TAP,TIJ
TAS,KBL
TAS,GYD
TAS,MSQ
TAS,PEK
TAS,PKX
TAS,TFU
TAS,URC
TAS,XIY
TAS,SSH
TAS,CDG
TAS,TBS
TAS,FRA
TAS,MUC
TAS,BUD
TAS,BLR
TAS,DEL
TAS,OMN
TAS,CGK
TAS,TLV
TAS,MXP
TAS,NRT
TAS,ALA
TAS,NQZ
TAS,KWI
TAS,FRU
TAS,OSS
TAS,RIX
TAS,KUL
TAS,WAW
TAS,DOH
TAS,GRV
TAS,IKT
TAS,KZN
TAS,KHV
TAS,KJA
TAS,MCX
TAS,MRV
TAS,DME
TAS,SVO
TAS,VKO
TAS,ZIA
TAS,GOJ
TAS,OVB
TAS,OMS
TAS,KUF
TAS,AER
TAS,LED
TAS,SGC
TAS,TJM
TAS,UFA
TAS,VVO
TAS,SVX
TAS,JED
TAS,MED
TAS,ICN
TAS,ZRH
TAS,DYU
TAS,BKK
TAS,HKT
TAS,ESB
TAS,IST
TAS,AUH
TAS,DXB
TAS,DWC
TAS,SHJ
TAS,LHR
TAS,STN
TAS,JFK
TAS,BHK
TAS,FEG
TAS,KSQ
TAS,NMA
TAS,NVI
TAS,NCU
TAS,SKD
TAS,TMJ
TAS,UGC
TAS,CXR
TAS,PQC
TAT,PRG
TAT,BTS
TAT,SIR
TAT,LTN
TAT,STN
TAZ,ASB
TAZ,MYP
TAZ,KRW
TBB,HAN
TBB,SGN
TBF,AIS
TBF,NIG
TBF,TMN
TBF,TRW
TBG,UNG
TBG,POM
TBH,MNL
TBI,NAS
TBI,FXE
TBI,FPR
TBN,DFW
TBN,BNA
TBO,DAR
TBP,LIM
TBR,BNA
TBS,EVN
TBS,VIE
TBS,GYD
TBS,BAH
TBS,MSQ
TBS,LGG
TBS,URC
TBS,LCA
TBS,NCE
TBS,CDG
TBS,BUS
TBS,BER
TBS,LEJ
TBS,MUC
TBS,ATH
TBS,ATQ
TBS,DEL
TBS,IKA
TBS,TLV
TBS,BGY
TBS,MXP
TBS,FCO
TBS,VRN
TBS,AMM
TBS,SCO
TBS,ALA
TBS,KWI
TBS,RIX
TBS,RMO
TBS,AMS
TBS,WAW
TBS,DOH
TBS,KZN
TBS,MRV
TBS,VKO
TBS,KUF
TBS,AER
TBS,LED
TBS,SVX
TBS,RUH
TBS,GVA
TBS,ESB
TBS,AYT
TBS,IST
TBS,ISL
TBS,SAW
TBS,ADB
TBS,AUH
TBS,DXB
TBS,SHJ
TBS,TAS
TBT,MAO
TBU,SYD
TBU,NAN
TBU,AKL
TBU,EUA
TBU,HPA
TBU,VAV
TBW,VKO
TBW,LED
TBZ,PGU
TBZ,BND
TBZ,IFN
TBZ,KSH
TBZ,KIH
TBZ,MHD
TBZ,SYZ
TBZ,THR
TBZ,NJF
TBZ,VKO
TBZ,ADA
TBZ,DLM
TBZ,IST
TBZ,SAW
TCA,ASP
TCA,DRW
TCA,KTR
TCB,FXE
TCB,FPR
TCB,MLB
TCB,SFB
TCB,PBI
TCG,AKU
TCG,TFU
TCG,KRY
TCG,SHF
TCG,URC
TCG,XIY
TCG,YIN
TCG,CGO
TCL,ALX
TCL,PDK
TCL,FTY
TCL,AUS
TCL,CLE
TCL,QQD
TCL,APA
TCL,DHN
TCL,FMY
TCL,GUF
TCL,LRD
TCL,GGG
TCL,AGC
TCL,SOP
TCL,SUS
TCL,GEG
TCL,UST
TCL,TLH
TCL,IAD
TCO,BOG
TCO,CLO
TCP,PRG
TCQ,LIM
TCR,BLR
TCR,MAA
TCT,MRI
TCX,THR
TCZ,CSX
TCZ,TFU
TCZ,CKG
TCZ,CAN
TCZ,JHG
TCZ,KMG
TCZ,NAO
TCZ,PVG
TCZ,WUH
TCZ,XIY
TCZ,YBP
TDD,CIJ
TDD,CBB
TDD,GYA
TDD,LPB
TDD,RIB
TDD,VVI
TDK,NQZ
TDK,USJ
TDR,MCY
TDX,BKK
TEB,CCZ
TEB,MHH
TEB,BGI
TEB,BDA
TEB,YUL
TEB,YTZ
TEB,YYZ
TEB,YWG
TEB,GCM
TEB,NCE
TEB,OBF
TEB,TLV
TEB,MTY
TEB,TLC
TEB,PLS
TEB,FAB
TEB,LTN
TEB,ALB
TEB,ABE
TEB,ASE
TEB,PDK
TEB,FTY
TEB,ATL
TEB,ACY
TEB,AUS
TEB,MTN
TEB,BWI
TEB,BED
TEB,BOS
TEB,BZN
TEB,BDR
TEB,BUF
TEB,CDW
TEB,CHS
TEB,CLT
TEB,CHO
TEB,DPA
TEB,PWK
TEB,MDW
TEB,LUK
TEB,BKL
TEB,CGF
TEB,CLE
TEB,CAE
TEB,CMH
TEB,CSG
TEB,DAL
TEB,DAB
TEB,APA
TEB,DSM
TEB,DSI
TEB,DTW
TEB,YIP
TEB,DUJ
TEB,FRG
TEB,FNT
TEB,FXE
TEB,FLL
TEB,FWA
TEB,FTW
TEB,GUF
TEB,HDN
TEB,QTB
TEB,HOU
TEB,HTV
TEB,HYA
TEB,TYQ
TEB,ISP
TEB,JAN
TEB,OAJ
TEB,JHW
TEB,MKC
TEB,ISO
TEB,ISM
TEB,LEB
TEB,LIT
TEB,SDF
TEB,MEM
TEB,TMB
TEB,MIA
TEB,OPF
TEB,FCM
TEB,APF
TEB,ASH
TEB,BNA
TEB,JFK
TEB,LGA
TEB,SWF
TEB,OWD
TEB,OAK
TEB,OCF
TEB,OKC
TEB,MCO
TEB,PHL
TEB,PNE
TEB,TTN
TEB,BBX
TEB,PIT
TEB,PTK
TEB,PWM
TEB,PSM
TEB,RDU
TEB,RDG
TEB,RIC
TEB,RST
TEB,LOT
TEB,RUT
TEB,MBS
TEB,SBY
TEB,SLC
TEB,SFO
TEB,SJC
TEB,SNA
TEB,SBA
TEB,SRQ
TEB,MQY
TEB,SUS
TEB,SGH
TEB,SUA
TEB,SYR
TEB,TPA
TEB,TRM
TEB,FOE
TEB,TVC
TEB,TUS
TEB,AVW
TEB,VNY
TEB,IAD
TEB,DCA
TEB,UES
TEB,PBI
TEB,HPN
TEB,ICT
TEB,WGO
TEC,CWB
TEE,ALG
TEF,PER
TEI,DIB
TEI,GAU
TEI,IMF
TEN,PKX
TEN,TFU
TEN,KWE
TEN,HGH
TEN,SWA
TEN,JHG
TEN,NKG
TEN,NGB
TEN,PVG
TEN,WNZ
TEN,WUX
TEN,XIY
TEN,XMN
TEN,ACX
TEQ,GVA
TEQ,ESB
TER,FLW
TER,GRW
TER,HOR
TER,LIS
TER,PIX
TER,PDL
TER,OPO
TER,SJZ
TER,BOS
TET,BEW
TET,MPM
TET,APL
TET,POL
TET,JNB
TEX,CHS
TEX,APA
TEX,DEN
TEX,BJC
TEX,IAH
TEX,JAX
TEX,OJC
TEX,PHX
TEX,SNA
TEX,SGR
TEX,PBI
TEZ,GAU
TEZ,CCU
TEZ,IXI
TFF,MAO
TFL,CNF
TFN,FNC
TFN,DKR
TFN,ALC
TFN,OVD
TFN,BCN
TFN,BIO
TFN,VDE
TFN,FUE
TFN,LPA
TFN,GRX
TFN,XRY
TFN,GMZ
TFN,SPC
TFN,ACE
TFN,MAD
TFN,AGP
TFN,PMI
TFN,SDR
TFN,SCQ
TFN,SVQ
TFN,VLC
TFN,VLL
TFN,VGO
TFN,ZAZ
TFN,CCS
TFS,GRZ
TFS,SZG
TFS,VIE
TFS,ANR
TFS,BRU
TFS,CRL
TFS,LGG
TFS,PRG
TFS,AAL
TFS,BLL
TFS,CPH
TFS,TLL
TFS,HEL
TFS,OUL
TFS,TMP
TFS,BSL
TFS,BOD
TFS,LIL
TFS,LYS
TFS,MRS
TFS,NTE
TFS,NCE
TFS,BVA
TFS,CDG
TFS,ORY
TFS,TLS
TFS,BER
TFS,BRE
TFS,CGN
TFS,DRS
TFS,DUS
TFS,FRA
TFS,HHN
TFS,HAM
TFS,HAJ
TFS,FKB
TFS,KSF
TFS,LEJ
TFS,FMM
TFS,MUC
TFS,NUE
TFS,STR
TFS,NRN
TFS,BUD
TFS,KEF
TFS,ORK
TFS,DUB
TFS,NOC
TFS,SNN
TFS,BLQ
TFS,BGY
TFS,MXP
TFS,NAP
TFS,PSA
TFS,FCO
TFS,VCE
TFS,TSF
TFS,VRN
TFS,RIX
TFS,VNO
TFS,LUX
TFS,AGA
TFS,CMN
TFS,AMS
TFS,EIN
TFS,RTM
TFS,BGO
TFS,OSL
TFS,SVG
TFS,TRD
TFS,GDN
TFS,KTW
TFS,KRK
TFS,WAW
TFS,WMI
TFS,WRO
TFS,FNC
TFS,LIS
TFS,OTP
TFS,OVD
TFS,BCN
TFS,BIO
TFS,FUE
TFS,LPA
TFS,XRY
TFS,SPC
TFS,ACE
TFS,MAD
TFS,AGP
TFS,SCQ
TFS,SVQ
TFS,VLC
TFS,GOT
TFS,MMX
TFS,ORB
TFS,ARN
TFS,VXO
TFS,GVA
TFS,ZRH
TFS,ABZ
TFS,BFS
TFS,BHX
TFS,BOH
TFS,BRS
TFS,CWL
TFS,EDI
TFS,EXT
TFS,GLA
TFS,PIK
TFS,LBA
TFS,LPL
TFS,LGW
TFS,LHR
TFS,LTN
TFS,STN
TFS,MAN
TFS,NCL
TFS,NWI
TFS,EMA
TGC,KCH
TGD,VIE
TGD,BER
TGD,DTM
TGD,FMM
TGD,ATH
TGD,BUD
TGD,AOI
TGD,MXP
TGD,FCO
TGD,GDN
TGD,KRK
TGD,WAW
TGD,WRO
TGD,BEG
TGD,LJU
TGD,ZRH
TGD,ESB
TGD,IST
TGD,SAW
TGD,ADB
TGD,STN
TGG,KUL
TGG,SZB
TGG,RDN
TGI,LIM
TGJ,LIF
TGJ,GEA
TGM,DTM
TGM,FMM
TGM,BUD
TGM,LTN
TGO,BAV
TGO,RLK
TGO,PEK
TGO,PKX
TGO,CIF
TGO,ERL
TGO,HLD
TGO,HGH
TGO,HRB
TGO,HET
TGO,TNA
TGO,NZH
TGO,PVG
TGO,SJW
TGO,TSN
TGO,HLH
TGO,XIY
TGO,XIL
TGO,YNZ
TGO,CGO
TGP,KJA
TGR,ALG
TGR,CZL
TGT,ZNZ
TGU,LCE
TGU,PEU
TGU,RTB
TGU,SAP
TGZ,GUA
TGZ,CUN
TGZ,GDL
TGZ,MID
TGZ,MXL
TGZ,MEX
TGZ,MTY
TGZ,TIJ
THD,SGN
THE,BEL
THE,CNF
THE,BSB
THE,VCP
THE,FOR
THE,REC
THE,SLZ
THE,GRU
THG,BNE
THG,DBY
THG,EMD
THL,HEH
THL,LSH
THL,MDL
THL,RGN
THN,SCR
THN,BMA
THN,VST
THN,OXF
THO,AEY
THQ,CKG
THQ,TSN
THR,ABD
THR,AWZ
THR,ADU
THR,PGU
THR,BXR
THR,BND
THR,XBJ
THR,BJB
THR,BUZ
THR,ZBR
THR,GSM
THR,DEF
THR,GCH
THR,GBT
THR,IIL
THR,IHR
THR,IFN
THR,JYR
THR,KER
THR,KSH
THR,KHD
THR,KHY
THR,KIH
THR,LRR
THR,MRX
THR,ACP
THR,MHD
THR,PFQ
THR,RZR
THR,RAS
THR,SDG
THR,SRY
THR,CQD
THR,SYZ
THR,SYJ
THR,TCX
THR,TBZ
THR,IKA
THR,OMH
THR,YES
THR,AZD
THR,ACZ
THR,ZAH
THR,VKO
THS,BKK
THU,CPH
THU,NAQ
THU,SVR
THX,KJA
TIA,VIE
TIA,BRU
TIA,CRL
TIA,PRG
TIA,BSL
TIA,LYS
TIA,BVA
TIA,BER
TIA,CGN
TIA,DTM
TIA,DUS
TIA,FRA
TIA,HHN
TIA,HAM
TIA,FKB
TIA,FMM
TIA,NUE
TIA,STR
TIA,NRN
TIA,ATH
TIA,BUD
TIA,AOI
TIA,BRI
TIA,BLQ
TIA,BDS
TIA,CTA
TIA,FLR
TIA,GOA
TIA,BGY
TIA,MXP
TIA,NAP
TIA,PEG
TIA,PSR
TIA,PSA
TIA,RMI
TIA,CIA
TIA,FCO
TIA,TRS
TIA,TRN
TIA,VCE
TIA,TSF
TIA,VRN
TIA,PRN
TIA,AMS
TIA,EIN
TIA,KRK
TIA,WAW
TIA,WMI
TIA,OTP
TIA,BEG
TIA,BCN
TIA,MAD
TIA,ARN
TIA,NYO
TIA,ZRH
TIA,IST
TIA,SAW
TIA,AUH
TIA,DXB
TIA,EDI
TIA,LHR
TIA,LTN
TIA,STN
TIA,MAN
TID,ALG
TIF,CAI
TIF,KWI
TIF,DOH
TIF,AHB
TIF,DMM
TIF,JED
TIF,GIZ
TIF,RUH
TIF,SHW
TIF,IST
TIF,DXB
TIF,SHJ
TIH,PPT
TIH,RGI
TIJ,ACA
TIJ,AGU
TIJ,CUN
TIJ,CUU
TIJ,CJS
TIJ,CEN
TIJ,CLQ
TIJ,CUL
TIJ,DGO
TIJ,GDL
TIJ,HMO
TIJ,LAP
TIJ,LTO
TIJ,LMM
TIJ,MZT
TIJ,NLU
TIJ,MEX
TIJ,MTY
TIJ,MLM
TIJ,OAX
TIJ,PBC
TIJ,PVR
TIJ,QRO
TIJ,SJD
TIJ,SLP
TIJ,BJX
TIJ,TAP
TIJ,TPQ
TIJ,TLC
TIJ,TRC
TIJ,TQO
TIJ,TGZ
TIJ,UPN
TIJ,VER
TIJ,VSA
TIJ,ZCL
TIJ,ZIH
TIJ,PHX
TIJ,SAN
TIM,EWE
TIM,HLP
TIM,DJJ
TIM,UPG
TIM,NBX
TIM,WMX
TIN,AZR
TIN,ALG
TIN,CBH
TIN,CZL
TIN,ORN
TIQ,SPN
TIR,IXG
TIR,BLR
TIR,GBI
TIR,HYD
TIR,KLH
TIR,RQY
TIR,VGA
TIR,VTZ
TIU,WLG
TIV,PSA
TIV,GDN
TIV,SVD
TIV,BEG
TIV,IST
TIV,ISL
TIW,QSA
TIW,PWT
TIW,EUG
TIW,PAE
TIW,HQM
TIW,HIO
TIW,SFO
TIW,SJC
TIW,TIW
TIX,GGT
TIX,FXE
TIX,APF
TIX,ORL
TIX,TIX
TIZ,HGU
TIZ,POM
TIZ,WBM
TJA,CBB
TJA,LPB
TJA,VVI
TJA,SRE
TJA,BYC
TJH,ITM
TJK,IST
TJK,SAW
TJL,VCP
TJM,EVN
TJM,GYD
TJM,SSH
TJM,OSS
TJM,EYK
TJM,EZV
TJM,IRM
TJM,KZN
TJM,HMA
TJM,KKQ
TJM,KJA
TJM,MCX
TJM,MRV
TJM,SVO
TJM,VKO
TJM,NBC
TJM,NYM
TJM,NJC
TJM,OVB
TJM,NUX
TJM,NOJ
TJM,NYA
TJM,PEE
TJM,SLY
TJM,KUF
TJM,AER
TJM,LED
TJM,SGC
TJM,TOF
TJM,UFA
TJM,URJ
TJM,VOG
TJM,SVX
TJM,LBD
TJM,DWC
TJM,TAS
TJQ,HLP
TJQ,CGK
TJQ,PGK
TJS,BPN
TJU,DME
TJU,ZIA
TJU,LED
TKD,ACC
TKE,JNU
TKF,ASE
TKF,RBK
TKF,HDN
TKF,HWD
TKF,LAX
TKF,LBB
TKF,APC
TKF,OAK
TKF,SQL
TKF,SJC
TKF,VNY
TKG,DPS
TKG,HLP
TKG,CGK
TKG,PLM
TKG,YIA
TKJ,CKX
TKJ,CZN
TKJ,DJN
TKJ,HKB
TKJ,ORT
TKK,GUM
TKK,PNI
TKN,ASJ
TKN,KOJ
TKN,OKE
TKP,PPT
TKP,TKX
TKQ,BJM
TKQ,DAR
TKS,FUK
TKS,HND
TKU,LGG
TKU,MHQ
TKU,POR
TKU,TMP
TKU,CDG
TKU,RLG
TKU,RIX
TKU,GDN
TKU,LPA
TKU,ARN
TKV,PUK
TKX,PPT
TKX,TKP
TLA,KTS
TLA,OME
TLC,ILS
TLC,ACA
TLC,CSL
TLC,CUN
TLC,CZM
TLC,CUL
TLC,GDL
TLC,MID
TLC,NTR
TLC,MTY
TLC,MLM
TLC,OAX
TLC,PDS
TLC,PVR
TLC,QRO
TLC,REX
TLC,SJD
TLC,SLP
TLC,TIJ
TLC,ZIH
TLC,ELP
TLC,HOU
TLC,LAX
TLC,MEM
TLC,MMU
TLC,OMA
TLC,SAT
TLC,SDM
TLC,TUS
TLE,TNR
TLE,FTU
TLE,RUN
TLH,AAF
TLH,ATL
TLH,AUS
TLH,BTR
TLH,BHM
TLH,JZI
TLH,CLT
TLH,DFW
TLH,FLL
TLH,GVL
TLH,LAN
TLH,MEM
TLH,MIA
TLH,OPF
TLH,ORL
TLH,MCO
TLH,PNS
TLH,RDU
TLH,VDF
TLH,TPA
TLH,TVI
TLH,IAD
TLH,DCA
TLH,PBI
TLI,PLW
TLJ,ANC
TLJ,SVW
TLK,IKT
TLK,KJA
TLK,OVB
TLK,SGC
TLK,UFA
TLL,SZG
TLL,VIE
TLL,BRU
TLL,PFO
TLL,CPH
TLL,HRG
TLL,SSH
TLL,KDL
TLL,URE
TLL,HEL
TLL,TMP
TLL,CDG
TLL,BER
TLL,FRA
TLL,MUC
TLL,ATH
TLL,DUB
TLL,BGY
TLL,MXP
TLL,TSF
TLL,RIX
TLL,VNO
TLL,AMS
TLL,OSL
TLL,KTW
TLL,WAW
TLL,WMI
TLL,BCN
TLL,LPA
TLL,AGP
TLL,TFS
TLL,HRI
TLL,MMX
TLL,ARN
TLL,GVA
TLL,ZRH
TLL,AYT
TLL,IST
TLL,LGW
TLL,LTN
TLL,STN
TLL,BZZ
TLM,ALG
TLM,LYS
TLM,MRS
TLM,CDG
TLM,ORY
TLN,BES
TLN,MPL
TLN,LBG
TLN,ORY
TLN,BER
TLN,LUX
TLN,OXF
TLQ,AKU
TLQ,ACF
TLQ,CSX
TLQ,TFU
TLQ,DNH
TLQ,CAN
TLQ,HTN
TLQ,KRY
TLQ,KHG
TLQ,KRL
TLQ,KCA
TLQ,RQA
TLQ,XIY
TLQ,YIN
TLS,ALG
TLS,ORN
TLS,BRU
TLS,CRL
TLS,YUL
TLS,PFO
TLS,AJA
TLS,BSL
TLS,BOD
TLS,BES
TLS,CFE
TLS,FSC
TLS,EDM
TLS,LIL
TLS,LRT
TLS,LYN
TLS,LYS
TLS,MRS
TLS,ETZ
TLS,MPL
TLS,NTE
TLS,NCE
TLS,CDG
TLS,ORY
TLS,RNS
TLS,SNR
TLS,SXB
TLS,TLS
TLS,QYF
TLS,VAF
TLS,CGN
TLS,FRA
TLS,FDH
TLS,XFW
TLS,MUC
TLS,DUB
TLS,BGY
TLS,NAP
TLS,FCO
TLS,TSF
TLS,LUX
TLS,MLA
TLS,AGA
TLS,CMN
TLS,FEZ
TLS,RAK
TLS,OUD
TLS,RBA
TLS,TNG
TLS,AMS
TLS,KRK
TLS,LIS
TLS,OPO
TLS,DOH
TLS,DSS
TLS,ALC
TLS,FUE
TLS,ACE
TLS,MAD
TLS,QYM
TLS,SVQ
TLS,TFS
TLS,VLC
TLS,GVA
TLS,DJE
TLS,TUN
TLS,IST
TLS,BHX
TLS,BRS
TLS,EDI
TLS,LGW
TLS,LHR
TLS,STN
TLS,MAN
TLT,BET
TLU,BOG
TLU,EOH
TLV,INN
TLV,VIE
TLV,GYD
TLV,BRU
TLV,LGG
TLV,SOF
TLV,VAR
TLV,CTU
TLV,SZX
TLV,LCA
TLV,PED
TLV,PRG
TLV,CAI
TLV,SSH
TLV,ADD
TLV,RVN
TLV,CMF
TLV,GNB
TLV,LYS
TLV,CDG
TLV,ORY
TLV,BUS
TLV,TBS
TLV,BER
TLV,CGN
TLV,DUS
TLV,FRA
TLV,LEJ
TLV,MUC
TLV,ATH
TLV,RHO
TLV,SKG
TLV,HKG
TLV,BUD
TLV,DEL
TLV,ETM
TLV,TLV
TLV,CTA
TLV,LIN
TLV,MXP
TLV,FCO
TLV,VRN
TLV,NRT
TLV,RMO
TLV,AMS
TLV,KRK
TLV,WAW
TLV,LIS
TLV,OTP
TLV,DME
TLV,ZIA
TLV,AER
TLV,BEG
TLV,SEZ
TLV,BTS
TLV,JNB
TLV,BCN
TLV,MAD
TLV,GVA
TLV,ACH
TLV,ZRH
TLV,ZNZ
TLV,BKK
TLV,HKT
TLV,IST
TLV,AUH
TLV,DXB
TLV,LHR
TLV,LTN
TLV,STN
TLV,BOS
TLV,LAX
TLV,MIA
TLV,JFK
TLV,EWR
TLV,TAS
TLY,VVO
TMA,AHN
TMA,DNL
TMA,QSB
TMA,GWO
TMA,MYR
TMB,NAS
TMB,BIM
TMB,YYC
TMB,KIN
TMB,SIG
TMB,BCT
TMB,SSI
TMB,CLT
TMB,MDW
TMB,RBD
TMB,FPR
TMB,GNV
TMB,GSO
TMB,HHH
TMB,TYQ
TMB,LAL
TMB,MRK
TMB,ORL
TMB,PHK
TMB,TPA
TMB,VRB
TMB,PBI
TMB,HPN
TMC,DPS
TMC,KOE
TME,BOG
TMF,MLE
TMH,DJJ
TMH,MKQ
TMI,KTM
TMJ,DME
TMJ,VKO
TMJ,LED
TMJ,JED
TMJ,TAS
TML,ACC
TML,WZA
TMM,TNR
TMM,RUN
TMN,TBF
TMP,CPH
TMP,TLL
TMP,HEL
TMP,JYV
TMP,KTT
TMP,TMP
TMP,UTI
TMP,RMS
TMP,RIX
TMP,AMS
TMP,LPA
TMP,AGP
TMP,TFS
TMP,MMX
TMR,AZR
TMR,ALG
TMR,BMW
TMR,CZL
TMR,DJG
TMR,ELG
TMR,ELU
TMR,GHA
TMR,VVZ
TMR,INF
TMR,INZ
TMR,LOO
TMR,ORN
TMR,OGX
TMR,MED
TMS,LAD
TMS,LBV
TMS,ACC
TMS,LOS
TMS,LIS
TMS,PCP
TMT,MAO
TMT,ORX
TMT,STM
TMU,SJO
TMW,ARM
TMW,BWU
TMW,BNE
TMW,DBO
TMW,GFF
TMW,IVR
TMW,MEL
TMW,NAA
TMW,PQQ
TMW,SYD
TMW,TMW
TMW,TRO
TMX,ALG
TMX,ORN
TNA,SYD
TNA,PNH
TNA,YVR
TNA,AOG
TNA,BZX
TNA,CGQ
TNA,CSX
TNA,CTU
TNA,TFU
TNA,CIF
TNA,CKG
TNA,DLC
TNA,DAT
TNA,ENH
TNA,EHU
TNA,FOC
TNA,KOW
TNA,GYS
TNA,CAN
TNA,KWL
TNA,KWE
TNA,HAK
TNA,HGH
TNA,HRB
TNA,HET
TNA,HYN
TNA,JMU
TNA,JHG
TNA,SHS
TNA,KMG
TNA,LHW
TNA,LJG
TNA,LZO
TNA,MIG
TNA,KHN
TNA,NAO
TNA,NKG
TNA,NNG
TNA,DSN
TNA,NDG
TNA,JJN
TNA,JUZ
TNA,SYX
TNA,SHA
TNA,PVG
TNA,SQD
TNA,SHE
TNA,SZX
TNA,TGO
TNA,URC
TNA,WEH
TNA,WNZ
TNA,WUA
TNA,WUH
TNA,CQW
TNA,WUS
TNA,XIY
TNA,XMN
TNA,YNT
TNA,YBP
TNA,YIH
TNA,INC
TNA,YIW
TNA,UYN
TNA,ZHA
TNA,HSN
TNA,ZUH
TNA,WMT
TNA,HKG
TNA,KIX
TNA,ALA
TNA,SIN
TNA,ICN
TNA,DMK
TNA,BKK
TNA,HKT
TNA,ANC
TNC,OME
TNE,KOJ
TNF,BOD
TNF,CHR
TNF,URO
TNF,GRQ
TNG,BRU
TNG,CRL
TNG,LGG
TNG,CAI
TNG,BOD
TNG,LYS
TNG,MRS
TNG,MPL
TNG,BVA
TNG,CDG
TNG,ORY
TNG,XCR
TNG,TLS
TNG,CGN
TNG,NRN
TNG,BGY
TNG,CIA
TNG,AGA
TNG,AHU
TNG,CMN
TNG,FEZ
TNG,NDR
TNG,RBA
TNG,AMS
TNG,RTM
TNG,MED
TNG,BCN
TNG,BIO
TNG,MAD
TNG,AGP
TNG,SVQ
TNG,TFS
TNG,VLC
TNG,SAW
TNG,LGW
TNG,STN
TNH,PEK
TNH,DLC
TNH,TSN
TNH,YNT
TNJ,BTH
TNJ,CGK
TNK,BET
TNN,KNH
TNN,MZG
TNO,SJO
TNR,ADD
TNR,CDG
TNR,NBO
TNR,DIE
TNR,MJN
TNR,WMN
TNR,MOQ
TNR,NOS
TNR,SMS
TNR,SVB
TNR,TMM
TNR,FTU
TNR,TLE
TNR,MRU
TNR,RUN
TNR,JNB
TOA,LGB
TOA,HMT
TOA,SEE
TOA,SQA
TOA,TRM
TOB,MJI
TOE,TUN
TOF,KZN
TOF,KJA
TOF,DME
TOF,SVO
TOF,VKO
TOF,NJC
TOF,GOJ
TOF,OVB
TOF,KUF
TOF,AER
TOF,LED
TOF,SWT
TOF,SGC
TOF,TJM
TOF,UUD
TOF,SVX
TOG,DLG
TOG,TWA
TOH,MTV
TOI,FLO
TOI,JAN
TOI,MKC
TOJ,ZAG
TOJ,SVQ
TOL,MID
TOL,CVG
TOL,CLE
TOL,LCK
TOL,AFW
TOL,IAH
TOL,HOU
TOL,OJC
TOL,LAL
TOL,SFB
TOL,AZA
TOL,PGD
TOL,RIC
TOL,PIE
TOL,SCE
TOM,BKO
TOP,QQK
TOP,SAF
TOS,VIE
TOS,CPH
TOS,HEL
TOS,RVN
TOS,CDG
TOS,BER
TOS,DUS
TOS,FRA
TOS,HAM
TOS,MUC
TOS,BGY
TOS,AMS
TOS,ALF
TOS,ANX
TOS,BGO
TOS,BOO
TOS,EVE
TOS,HFT
TOS,HAA
TOS,KKN
TOS,LKL
TOS,LYR
TOS,OSL
TOS,SOJ
TOS,SKN
TOS,TRD
TOS,VDS
TOS,GDN
TOS,ARN
TOS,ZRH
TOS,LGW
TOS,LTN
TOY,PVG
TOY,CTS
TOY,HND
TOY,TPE
TPA,FPO
TPA,MHH
TPA,NAS
TPA,YYC
TPA,YHZ
TPA,YHM
TPA,YUL
TPA,YOW
TPA,YYT
TPA,YSB
TPA,YYZ
TPA,GCM
TPA,SJO
TPA,HAV
TPA,HOG
TPA,SNU
TPA,FRA
TPA,RTB
TPA,CUN
TPA,PTY
TPA,BQN
TPA,SJU
TPA,ZRH
TPA,LGW
TPA,LHR
TPA,CAK
TPA,ALB
TPA,ABQ
TPA,PDK
TPA,ATL
TPA,ACY
TPA,DNL
TPA,AUS
TPA,AVP
TPA,BWI
TPA,XNA
TPA,BHM
TPA,BCT
TPA,BOS
TPA,BZN
TPA,SSI
TPA,BUF
TPA,BTV
TPA,CHS
TPA,CLT
TPA,MDW
TPA,ORD
TPA,CVG
TPA,CLE
TPA,CMH
TPA,ADS
TPA,DFW
TPA,DAL
TPA,DEN
TPA,DTW
TPA,FXE
TPA,FLL
TPA,GRR
TPA,GSO
TPA,GPT
TPA,IAH
TPA,HOU
TPA,HSV
TPA,IND
TPA,ISP
TPA,JAN
TPA,MCI
TPA,EYW
TPA,ISM
TPA,LAL
TPA,LAS
TPA,LIT
TPA,LAX
TPA,SDF
TPA,MSN
TPA,MHT
TPA,MLB
TPA,MEM
TPA,TMB
TPA,MIA
TPA,OPF
TPA,MKE
TPA,MSP
TPA,MMU
TPA,APF
TPA,BNA
TPA,HVN
TPA,MSY
TPA,JFK
TPA,LGA
TPA,EWR
TPA,ORF
TPA,OAK
TPA,OCA
TPA,MCO
TPA,PNS
TPA,PHL
TPA,TTN
TPA,PHX
TPA,PIT
TPA,PBG
TPA,PDX
TPA,PWM
TPA,PVD
TPA,RDU
TPA,RIC
TPA,ROC
TPA,SLC
TPA,CTZ
TPA,SAT
TPA,SAN
TPA,SFO
TPA,SAV
TPA,SEA
TPA,MQY
TPA,SPI
TPA,STL
TPA,PIE
TPA,SUA
TPA,SYR
TPA,TLH
TPA,VDF
TPA,TCL
TPA,IAD
TPA,DCA
TPA,PBI
TPA,HPN
TPA,ILM
TPA,ILG
TPA,BDL
TPE,BNE
TPE,MEL
TPE,SYD
TPE,VIE
TPE,BWN
TPE,PNH
TPE,YYZ
TPE,YVR
TPE,PEK
TPE,TFU
TPE,CKG
TPE,FOC
TPE,CAN
TPE,HGH
TPE,NKG
TPE,NGB
TPE,TAO
TPE,PVG
TPE,SZX
TPE,WUH
TPE,XMN
TPE,CGO
TPE,PRG
TPE,CDG
TPE,FRA
TPE,MUC
TPE,HKG
TPE,DEL
TPE,BOM
TPE,DPS
TPE,CGK
TPE,MXP
TPE,FCO
TPE,AXT
TPE,AKJ
TPE,FUK
TPE,HKD
TPE,HNA
TPE,HIJ
TPE,KCZ
TPE,KMQ
TPE,KMJ
TPE,MYJ
TPE,NGO
TPE,KIJ
TPE,OKJ
TPE,OKA
TPE,IBR
TPE,KIX
TPE,HSG
TPE,CTS
TPE,SDJ
TPE,TAK
TPE,HND
TPE,NRT
TPE,TOY
TPE,LUX
TPE,MFM
TPE,BKI
TPE,KUL
TPE,PEN
TPE,RGN
TPE,AMS
TPE,AKL
TPE,ROR
TPE,CRK
TPE,MPH
TPE,CEB
TPE,MNL
TPE,PPS
TPE,RUH
TPE,SIN
TPE,PUS
TPE,CJJ
TPE,TAE
TPE,CJU
TPE,MWX
TPE,ICN
TPE,DMK
TPE,BKK
TPE,CNX
TPE,IST
TPE,DXB
TPE,DWC
TPE,LHR
TPE,ANC
TPE,ORD
TPE,IAH
TPE,LAX
TPE,JFK
TPE,ONT
TPE,SFO
TPE,SEA
TPE,VCA
TPE,DAD
TPE,HAN
TPE,SGN
TPE,PQC
TPF,ORL
TPF,SOP
TPH,BIH
TPJ,KTM
TPL,AUS
TPL,QSH
TPL,JCT
TPL,TYR
TPP,CIX
TPP,IQT
TPP,LIM
TPQ,CUL
TPQ,MEX
TPQ,TIJ
TPS,BLQ
TPS,BGY
TPS,MXP
TPS,NAP
TPS,PNL
TPS,PSA
TPS,FCO
TPS,TRN
TPS,TSF
TPS,MLA
TQA,IUI
TQA,JUV
TQI,AGM
TQQ,DPS
TRA,MMY
TRC,CUN
TRC,CJS
TRC,DGO
TRC,GDL
TRC,MEX
TRC,QRO
TRC,SLW
TRC,SJD
TRC,TIJ
TRC,ABQ
TRC,DFW
TRC,ELP
TRD,CPH
TRD,HEL
TRD,AMS
TRD,AES
TRD,BGO
TRD,BOO
TRD,BNN
TRD,EVE
TRD,MQN
TRD,MJF
TRD,OSY
TRD,OSL
TRD,TRF
TRD,RVK
TRD,SSJ
TRD,SVG
TRD,TOS
TRD,GDN
TRD,KRK
TRD,ALC
TRD,LPA
TRD,TFS
TRD,ARN
TRD,LGW
TRD,STN
TRE,COL
TRE,CSA
TRE,GLA
TRE,OBN
TRF,ZAG
TRF,CPH
TRF,BGY
TRF,RIX
TRF,AMS
TRF,MST
TRF,SKP
TRF,BGO
TRF,SVG
TRF,TRD
TRF,GDN
TRF,KTW
TRF,KRK
TRF,POZ
TRF,SZZ
TRF,WAW
TRF,WMI
TRF,WRO
TRF,OTP
TRF,ALC
TRF,LPA
TRF,AGP
TRF,IST
TRF,LTN
TRF,STN
TRF,MAN
TRG,AKL
TRG,CHC
TRG,WLG
TRI,PDK
TRI,ATL
TRI,ACY
TRI,CLT
TRI,DFW
TRI,GSO
TRI,MNZ
TRI,BNA
TRI,OCF
TRI,SFB
TRI,QTP
TRI,RIC
TRI,PIE
TRI,LNR
TRK,BPN
TRK,CGK
TRK,LNU
TRK,SUB
TRM,SJD
TRM,APA
TRM,DEN
TRM,HWD
TRM,HLN
TRM,JAC
TRM,HSH
TRM,LGB
TRM,MSC
TRM,MDD
TRM,MRY
TRM,BNA
TRM,NOT
TRM,GYR
TRM,SNS
TRM,SJC
TRM,SMO
TRM,STS
TRM,SCF
TRM,VNY
TRN,TIA
TRN,CRL
TRN,CPH
TRN,CDG
TRN,ORY
TRN,FRA
TRN,MUC
TRN,DUB
TRN,SNN
TRN,BRI
TRN,BDS
TRN,CAG
TRN,CTA
TRN,CIY
TRN,FLR
TRN,FOG
TRN,SUF
TRN,LIN
TRN,NAP
TRN,OLB
TRN,PMO
TRN,PEG
TRN,DCI
TRN,CIA
TRN,FCO
TRN,TPS
TRN,VCE
TRN,VRN
TRN,VNO
TRN,MLA
TRN,CMN
TRN,RAK
TRN,AMS
TRN,KRK
TRN,WAW
TRN,OPO
TRN,OTP
TRN,IAS
TRN,MBX
TRN,ALC
TRN,BCN
TRN,ACE
TRN,MAD
TRN,AGP
TRN,SVQ
TRN,VLC
TRN,ARN
TRN,BMA
TRN,BFS
TRN,BHX
TRN,BRS
TRN,EDI
TRN,GLA
TRN,LGW
TRN,LHR
TRN,LTN
TRN,STN
TRN,MAN
TRN,QKN
TRO,BWU
TRO,PQQ
TRR,CMB
TRS,TIA
TRS,FRA
TRS,MUC
TRS,ATH
TRS,DUB
TRS,BRI
TRS,CAG
TRS,CTA
TRS,LIN
TRS,NAP
TRS,PMO
TRS,FCO
TRS,MLA
TRS,BCN
TRS,VLC
TRS,STN
TRU,SCL
TRU,LIM
TRV,BAH
TRV,BLR
TRV,MAA
TRV,COK
TRV,DEL
TRV,HYD
TRV,CNN
TRV,CCJ
TRV,BOM
TRV,PNQ
TRV,KWI
TRV,KUL
TRV,MLE
TRV,MCT
TRV,DOH
TRV,DMM
TRV,SIN
TRV,CMB
TRV,AUH
TRV,DXB
TRV,SHJ
TRW,NAN
TRW,ABF
TRW,AEA
TRW,BEZ
TRW,AAK
TRW,BBG
TRW,CXI
TRW,KUC
TRW,MNK
TRW,MTK
TRW,MZK
TRW,NON
TRW,OOT
TRW,TBF
TRW,TSU
TRW,MAJ
TRW,INU
TRZ,BLR
TRZ,MAA
TRZ,HYD
TRZ,BOM
TRZ,KWI
TRZ,KUL
TRZ,MCT
TRZ,DOH
TRZ,SIN
TRZ,CMB
TRZ,AUH
TRZ,DXB
TRZ,SHJ
TRZ,SGN
TSA,TFU
TSA,CKG
TSA,FOC
TSA,SHA
TSA,PVG
TSA,WUH
TSA,XMN
TSA,HND
TSA,GMP
TSA,HUN
TSA,KNH
TSA,MFK
TSA,LZN
TSA,MZG
TSA,TTT
TSA,ANC
TSA,HNL
TSF,TIA
TSF,VIE
TSF,CRL
TSF,SOF
TSF,PRG
TSF,TLL
TSF,MRS
TSF,BVA
TSF,TLS
TSF,BER
TSF,HHN
TSF,SKG
TSF,BUD
TSF,ORK
TSF,LIN
TSF,TPS
TSF,AMM
TSF,RIX
TSF,VNO
TSF,MLA
TSF,RAK
TSF,EIN
TSF,OSL
TSF,GDN
TSF,KRK
TSF,POZ
TSF,WMI
TSF,WRO
TSF,OPO
TSF,OTP
TSF,TSR
TSF,ALC
TSF,BCN
TSF,LPA
TSF,MAD
TSF,AGP
TSF,PMI
TSF,SDR
TSF,SVQ
TSF,TFS
TSF,VLC
TSF,ZAZ
TSF,LTN
TSF,EMA
TSJ,FUK
TSJ,NGS
TSM,ABE
TSM,BUR
TSM,DAL
TSM,APA
TSM,SAN
TSM,CLD
TSN,AQG
TSN,DBC
TSN,BAV
TSN,CGQ
TSN,CGD
TSN,CSX
TSN,CIH
TSN,CHG
TSN,CTU
TSN,TFU
TSN,CIF
TSN,CKG
TSN,DLC
TSN,DQA
TSN,DAT
TSN,ENH
TSN,EHU
TSN,FUO
TSN,FUG
TSN,FOC
TSN,KOW
TSN,CAN
TSN,KWL
TSN,KWE
TSN,HAK
TSN,HLD
TSN,HGH
TSN,HRB
TSN,HFE
TSN,HET
TSN,HIA
TSN,JDZ
TSN,JHG
TSN,KMG
TSN,LHW
TSN,LYG
TSN,LJG
TSN,LLV
TSN,MIG
TSN,KHN
TSN,NKG
TSN,NNG
TSN,NTG
TSN,NGB
TSN,DSN
TSN,IQN
TSN,NDG
TSN,JJN
TSN,JUZ
TSN,SYX
TSN,SHA
TSN,PVG
TSN,SZX
TSN,TYN
TSN,THQ
TSN,TNH
TSN,TGO
TSN,URC
TSN,WXN
TSN,WNZ
TSN,WUH
TSN,WHA
TSN,WUX
TSN,XIY
TSN,XMN
TSN,XIL
TSN,WUT
TSN,ENY
TSN,YNT
TSN,YBP
TSN,YIH
TSN,INC
TSN,YIW
TSN,UYN
TSN,YCU
TSN,ZQZ
TSN,CGO
TSN,HSN
TSN,ZUH
TSN,WMT
TSN,HKG
TSN,NGO
TSN,KIX
TSN,HND
TSN,NRT
TSN,MFM
TSN,OVB
TSN,BEG
TSN,SIN
TSN,ICN
TSN,DMK
TSR,LNZ
TSR,CRL
TSR,PFO
TSR,BVA
TSR,DTM
TSR,FKB
TSR,FMM
TSR,MUC
TSR,BRI
TSR,BLQ
TSR,BGY
TSR,FCO
TSR,TSF
TSR,WAW
TSR,OTP
TSR,TSR
TSR,BCN
TSR,MAD
TSR,VLC
TSR,LTN
TST,DMK
TSU,TRW
TSV,ADL
TSV,BNE
TSV,CNS
TSV,CNJ
TSV,DRW
TSV,OOL
TSV,HGD
TSV,QBL
TSV,MKY
TSV,MEL
TSV,ISA
TSV,OSO
TSV,PMK
TSV,PHQ
TSV,ROK
TSV,MCY
TSV,SYD
TSV,WTB
TSV,TSV
TSV,TQP
TSV,WIN
TSV,LAB
TTA,CMN
TTD,BOI
TTD,KLS
TTD,DLS
TTE,AMQ
TTE,CGK
TTE,KDI
TTE,LAH
TTE,UPG
TTE,MDC
TTE,OTI
TTE,SQN
TTE,SUB
TTJ,HND
TTN,AXA
TTN,NAS
TTN,YOW
TTN,STN
TTN,PDK
TTN,ATL
TTN,BHM
TTN,BOS
TTN,MDW
TTN,FLL
TTN,JVL
TTN,MKC
TTN,LNS
TTN,MNZ
TTN,MTH
TTN,MCO
TTN,PYM
TTN,ROC
TTN,RSW
TTN,TPA
TTN,TEB
TTN,PBI
TTN,IPT
TTQ,SJO
TTT,TSA
TTU,BRU
TTU,CRL
TTU,AHU
TTU,CMN
TTU,ALC
TTU,MAD
TTU,AGP
TUB,PPT
TUB,RVV
TUB,RUR
TUC,AEP
TUC,EZE
TUC,COR
TUC,MDQ
TUC,MDZ
TUC,IGR
TUF,MRS
TUF,RAK
TUF,OPO
TUF,STN
TUG,MNL
TUI,RUH
TUK,KHI
TUL,YUL
TUL,ASE
TUL,ATL
TUL,AUS
TUL,CLT
TUL,MDW
TUL,ORD
TUL,CVG
TUL,CMH
TUL,ADS
TUL,DFW
TUL,DAL
TUL,DAY
TUL,DEN
TUL,DUA
TUL,ELD
TUL,AFW
TUL,DWH
TUL,IAH
TUL,HOU
TUL,MKC
TUL,LAS
TUL,LAX
TUL,SDF
TUL,MEM
TUL,MIA
TUL,LGA
TUL,MCO
TUL,SFB
TUL,PHX
TUL,SLC
TUL,SUS
TUL,STC
TUL,STL
TUL,PIE
TUL,DCA
TUL,HPN
TUL,ICT
TUN,ALG
TUN,CZL
TUN,ORN
TUN,VIE
TUN,BRU
TUN,OUA
TUN,YUL
TUN,CPH
TUN,CAI
TUN,BSL
TUN,BOD
TUN,LIL
TUN,LYS
TUN,MRS
TUN,NTE
TUN,NCE
TUN,CDG
TUN,ORY
TUN,SXB
TUN,TLS
TUN,BER
TUN,CGN
TUN,DUS
TUN,FRA
TUN,MUC
TUN,ATH
TUN,CKY
TUN,BLQ
TUN,MXP
TUN,NAP
TUN,PMO
TUN,FCO
TUN,VCE
TUN,ABJ
TUN,AMM
TUN,BEN
TUN,MRA
TUN,MJI
TUN,BKO
TUN,MLA
TUN,NKC
TUN,CMN
TUN,NIM
TUN,DOH
TUN,JED
TUN,MED
TUN,BCN
TUN,MAD
TUN,PMI
TUN,ARN
TUN,GVA
TUN,DJE
TUN,GAE
TUN,MIR
TUN,SFA
TUN,TOE
TUN,IST
TUN,DXB
TUN,LGW
TUN,LHR
TUO,AKL
TUO,WLG
TUP,ADT
TUP,EDC
TUP,QQD
TUP,BJC
TUP,GUF
TUP,JAN
TUP,MEM
TUP,MSL
TUP,APF
TUP,BNA
TUP,OLV
TUP,SRQ
TUR,BEL
TUS,CSL
TUS,CUL
TUS,ATL
TUS,BLD
TUS,BUR
TUS,CGZ
TUS,MDW
TUS,ORD
TUS,CXO
TUS,DFW
TUS,DAL
TUS,APA
TUS,DEN
TUS,BJC
TUS,DRO
TUS,ELP
TUS,PAE
TUS,FLL
TUS,GCN
TUS,IAH
TUS,HOU
TUS,IND
TUS,GRK
TUS,LRD
TUS,LAS
TUS,LAX
TUS,MFE
TUS,MEM
TUS,MDD
TUS,MSP
TUS,MRY
TUS,OLS
TUS,OAK
TUS,DVT
TUS,PHX
TUS,PDX
TUS,PRC
TUS,SLC
TUS,SAN
TUS,CLD
TUS,SFO
TUS,SJC
TUS,SNA
TUS,SBA
TUS,STS
TUS,SCF
TUS,SEA
TUS,GEG
TUS,SGU
TUS,STP
TUS,TEB
TUS,TUS
TUS,AVW
TUS,VNY
TUS,BDL
TUS,YUM
TUU,CAI
TUU,DOH
TUU,AHB
TUU,DMM
TUU,JED
TUU,MED
TUU,RUH
TUU,DXB
TUU,SHJ
TVC,APN
TVC,ORD
TVC,DTW
TVC,GRR
TVC,LAN
TVC,MKE
TVC,MKG
TVC,SFB
TVC,PTK
TVC,PGD
TVC,RST
TVC,SBN
TVC,PIE
TVC,TDZ
TVC,TVC
TVF,FAR
TVF,GFK
TVF,SDF
TVF,MEM
TVF,MSP
TVI,MHH
TVI,BGE
TVI,QQC
TVI,HGR
TVI,CRG
TVI,DXE
TVI,MRK
TVI,PNS
TVI,PBG
TVL,FAT
TVL,HHR
TVS,CSX
TVS,TFU
TVS,DLC
TVS,FUO
TVS,HRB
TVS,HFE
TVS,KMG
TVS,PVG
TVS,SHE
TVS,WUZ
TVS,XIY
TVU,NAN
TVU,SUV
TVY,KAW
TVY,MGZ
TVY,RGN
TWB,BNE
TWB,QBA
TWB,CUD
TWB,OOL
TWB,GOO
TWB,UIR
TWB,RMA
TWB,XTO
TWC,AKU
TWC,TFU
TWC,CAN
TWC,KHG
TWC,KRL
TWC,LHW
TWC,QSZ
TWC,URC
TWC,YIN
TWC,CGO
TWF,YYC
TWF,BOI
TWF,APA
TWF,SUN
TWF,JAC
TWF,SLC
TWF,TWF
TWT,ZAM
TWU,NKG
TWU,JHB
TWU,BKI
TWU,KUL
TWU,SDK
TXF,SSA
TXK,BHM
TXK,DFW
TXK,DAL
TXK,MDD
TXK,PAH
TXK,RSN
TXN,PEK
TXN,TFU
TXN,DLC
TXN,CAN
TXN,KMG
TXN,TAO
TXN,SZX
TXN,XIY
TXN,XMN
TXN,HKG
TYB,BHQ
TYF,HFS
TYL,LIM
TYM,CCZ
TYM,TZN
TYM,GHC
TYN,BAV
TYN,PEK
TYN,CGQ
TYN,CSX
TYN,CZX
TYN,CTU
TYN,TFU
TYN,CKG
TYN,DLC
TYN,DAT
TYN,DZH
TYN,ENH
TYN,EHU
TYN,FUO
TYN,FOC
TYN,CAN
TYN,KWL
TYN,KWE
TYN,HAK
TYN,HGH
TYN,HRB
TYN,HFE
TYN,HET
TYN,HIA
TYN,HJJ
TYN,JHG
TYN,KMG
TYN,LHW
TYN,LJG
TYN,LYI
TYN,KHN
TYN,NKG
TYN,NNG
TYN,NGB
TYN,DSN
TYN,TAO
TYN,BAR
TYN,JUZ
TYN,SYX
TYN,SHA
TYN,PVG
TYN,SHE
TYN,SZX
TYN,WDS
TYN,TSN
TYN,URC
TYN,WNZ
TYN,WUH
TYN,WUX
TYN,XMN
TYN,XNN
TYN,ENY
TYN,YNT
TYN,YBP
TYN,YIH
TYN,INC
TYN,YIW
TYN,ZUH
TYN,HKG
TYN,BKK
TYN,HKT
TYR,CHA
TYR,CLL
TYR,ADS
TYR,DFW
TYR,DAL
TYR,DDC
TYR,DWH
TYR,LAS
TYR,GGG
TYR,SEM
TYR,SGR
TYR,TUL
TYS,ABI
TYS,ABY
TYS,ATL
TYS,DNL
TYS,AUS
TYS,BHM
TYS,BOS
TYS,CLT
TYS,MDW
TYS,ORD
TYS,CLE
TYS,CAE
TYS,CSG
TYS,CXO
TYS,DFW
TYS,DEN
TYS,DTW
TYS,EKI
TYS,FLL
TYS,MDT
TYS,IAH
TYS,HOU
TYS,IND
TYS,JAX
TYS,JVL
TYS,ISM
TYS,TYS
TYS,LAS
TYS,LZU
TYS,LEX
TYS,SDF
TYS,MFD
TYS,MTH
TYS,QQT
TYS,MEM
TYS,MIA
TYS,MOR
TYS,BNA
TYS,QQN
TYS,LGA
TYS,EWR
TYS,MCO
TYS,SFB
TYS,ECP
TYS,PKB
TYS,PNS
TYS,PHL
TYS,PHX
TYS,PGD
TYS,RDU
TYS,QTT
TYS,MQY
TYS,PIE
TYS,TEB
TYS,THA
TYS,TCL
TYS,IAD
TYS,DCA
TYS,WGO
TZA,CUK
TZA,CYC
TZA,DGA
TZA,SPR
TZL,EBJ
TZL,BSL
TZL,DTM
TZL,FMM
TZL,SCN
TZL,MST
TZL,HAD
TZL,NYO
TZL,IST
TZX,GYD
TZX,DUS
TZX,MUC
TZX,KWI
TZX,GVA
TZX,ADA
TZX,ESB
TZX,AYT
TZX,YEI
TZX,DIY
TZX,GZT
TZX,IST
TZX,SAW
TZX,ADB
TZX,VAN
TZX,DXB
TZX,LTN
