HAA,HFT
HAA,TOS
HAC,HND
HAD,TZL
HAD,BMA
HAH,AJN
HAH,NWA
HAH,CAI
HAH,NBO
HAH,DZA
HAH,DAR
HAJ,VIE
HAJ,LGG
HAJ,BVC
HAJ,LCA
HAJ,BLL
HAJ,CPH
HAJ,HRG
HAJ,RMF
HAJ,CFE
HAJ,NCE
HAJ,CDG
HAJ,QCB
HAJ,QCH
HAJ,BWE
HAJ,DUS
HAJ,FRA
HAJ,FMM
HAJ,MUC
HAJ,NUE
HAJ,STR
HAJ,GWT
HAJ,HER
HAJ,RHO
HAJ,EBL
HAJ,MXP
HAJ,PRN
HAJ,AGA
HAJ,AMS
HAJ,EIN
HAJ,FAO
HAJ,FNC
HAJ,BCN
HAJ,FUE
HAJ,LPA
HAJ,XRY
HAJ,ACE
HAJ,MAD
HAJ,PMI
HAJ,TFS
HAJ,AJR
HAJ,GVA
HAJ,ZRH
HAJ,DJE
HAJ,MIR
HAJ,ADA
HAJ,ESB
HAJ,AYT
HAJ,DIY
HAJ,IST
HAJ,SAW
HAJ,ADB
HAJ,LHR
HAJ,LTN
HAJ,NHT
HAK,MEL
HAK,SYD
HAK,PNH
HAK,AQG
HAK,BZX
HAK,PEK
HAK,PKX
HAK,CGD
HAK,CSX
HAK,CIH
HAK,CZX
HAK,CTU
HAK,TFU
HAK,HCZ
HAK,CKG
HAK,DLC
HAK,DAT
HAK,DZH
HAK,ENH
HAK,EHU
HAK,FUG
HAK,FOC
HAK,KOW
HAK,CAN
HAK,KWL
HAK,KWE
HAK,HDG
HAK,HGH
HAK,HRB
HAK,HCJ
HAK,HFE
HAK,HNY
HAK,HZA
HAK,HET
HAK,HJJ
HAK,HYN
HAK,HUZ
HAK,JGS
HAK,SWA
HAK,TNA
HAK,JDZ
HAK,SHS
HAK,JNG
HAK,JIU
HAK,KMG
HAK,LHW
HAK,LYG
HAK,LFQ
HAK,LZH
HAK,LNL
HAK,LYA
HAK,LZO
HAK,MIG
HAK,KHN
HAK,NKG
HAK,NNG
HAK,NNY
HAK,NGB
HAK,DSN
HAK,JIQ
HAK,TAO
HAK,JJN
HAK,JUZ
HAK,RIZ
HAK,SHA
HAK,PVG
HAK,HSC
HAK,WGN
HAK,SHE
HAK,SZX
HAK,SJW
HAK,TYN
HAK,TSN
HAK,WXN
HAK,WEF
HAK,WNZ
HAK,WUH
HAK,WHA
HAK,WUX
HAK,XIY
HAK,XMN
HAK,XFN
HAK,ACX
HAK,XNN
HAK,XAI
HAK,XUZ
HAK,YNZ
HAK,YBP
HAK,YIH
HAK,INC
HAK,LLF
HAK,YYA
HAK,UYN
HAK,YCU
HAK,ZHA
HAK,CGO
HAK,ZUH
HAK,WMT
HAK,ZYI
HAK,HKG
HAK,LPQ
HAK,VTE
HAK,MFM
HAK,KUL
HAK,PEN
HAK,AKL
HAK,SIN
HAK,PUS
HAK,DMK
HAK,BKK
HAK,AUH
HAK,SGN
HAK,CXR
HAM,TIA
HAM,GRZ
HAM,INN
HAM,SZG
HAM,VIE
HAM,BRU
HAM,SOF
HAM,VAR
HAM,PRG
HAM,CPH
HAM,HRG
HAM,HEL
HAM,BSL
HAM,LEH
HAM,LYN
HAM,NCE
HAM,CDG
HAM,LBG
HAM,KUT
HAM,AOC
HAM,BRE
HAM,CGN
HAM,DUS
HAM,MGL
HAM,FRA
HAM,XFW
HAM,FMM
HAM,MUC
HAM,NUE
HAM,SCN
HAM,STR
HAM,ATH
HAM,HER
HAM,RHO
HAM,SKG
HAM,BUD
HAM,IKA
HAM,EBL
HAM,DUB
HAM,BZO
HAM,CTA
HAM,FLR
HAM,BGY
HAM,LIN
HAM,MXP
HAM,OLB
HAM,FCO
HAM,VCE
HAM,PRN
HAM,RIX
HAM,LUX
HAM,AGA
HAM,AMS
HAM,EIN
HAM,SKP
HAM,BGO
HAM,OSL
HAM,TOS
HAM,GDN
HAM,WAW
HAM,FAO
HAM,FNC
HAM,LIS
HAM,OPO
HAM,OTP
HAM,BEG
HAM,ALC
HAM,BCN
HAM,BIO
HAM,FUE
HAM,LPA
HAM,SPC
HAM,ACE
HAM,MAD
HAM,AGP
HAM,PMI
HAM,TFS
HAM,VLC
HAM,ARN
HAM,GVA
HAM,ACH
HAM,ZRH
HAM,MIR
HAM,ESB
HAM,AYT
HAM,IST
HAM,SAW
HAM,ADB
HAM,DXB
HAM,EDI
HAM,BQH
HAM,LGW
HAM,LHR
HAM,LTN
HAM,STN
HAM,MAN
HAM,EMA
HAN,MEL
HAN,SYD
HAN,DAC
HAN,PNH
HAN,SAI
HAN,PEK
HAN,PKX
HAN,TFU
HAN,CKG
HAN,CAN
HAN,HGH
HAN,HIA
HAN,KMG
HAN,LJG
HAN,NNG
HAN,NGB
HAN,TAO
HAN,PVG
HAN,SZX
HAN,SJW
HAN,WUH
HAN,WUX
HAN,XMN
HAN,YNT
HAN,CGO
HAN,ADD
HAN,CDG
HAN,FRA
HAN,HKG
HAN,AMD
HAN,DEL
HAN,CCU
HAN,BOM
HAN,DPS
HAN,CGK
HAN,FUK
HAN,NGO
HAN,KIX
HAN,HND
HAN,NRT
HAN,LPQ
HAN,VTE
HAN,MFM
HAN,KUL
HAN,UBN
HAN,RGN
HAN,MNL
HAN,DOH
HAN,IKT
HAN,SIN
HAN,PUS
HAN,ICN
HAN,KHH
HAN,RMQ
HAN,TPE
HAN,DMK
HAN,BKK
HAN,CNX
HAN,IST
HAN,ASB
HAN,AUH
HAN,DXB
HAN,DWC
HAN,LHR
HAN,BMV
HAN,VCA
HAN,VCL
HAN,VCS
HAN,DLI
HAN,DAD
HAN,DIN
HAN,VDH
HAN,SGN
HAN,HUI
HAN,CXR
HAN,PQC
HAN,PXU
HAN,UIH
HAN,TBB
HAN,VII
HAO,PDK
HAO,DET
HAO,MIQ
HAO,PIT
HAO,HPN
HAQ,LMV
HAQ,MLE
HAR,GGE
HAR,PNE
HAR,IAD
HAS,CAI
HAS,KWI
HAS,DMM
HAS,JED
HAS,RUH
HAS,TUU
HAS,DXB
HAS,SHJ
HAU,BGO
HAU,OSL
HAU,GDN
HAU,ALC
HAU,GVA
HAU,ABZ
HAV,EZE
HAV,NAS
HAV,YHM
HAV,YUL
HAV,YYZ
HAV,GCM
HAV,BOG
HAV,GAO
HAV,HOG
HAV,GER
HAV,SCU
HAV,PUJ
HAV,JBQ
HAV,SDQ
HAV,CDG
HAV,FRA
HAV,GEO
HAV,PAP
HAV,KIN
HAV,CUN
HAV,MID
HAV,NLU
HAV,MEX
HAV,MTY
HAV,MGA
HAV,BLB
HAV,PTY
HAV,LIM
HAV,SVO
HAV,VKO
HAV,MAD
HAV,PBM
HAV,ZRH
HAV,POS
HAV,PLS
HAV,FLL
HAV,IAH
HAV,EYW
HAV,MIA
HAV,RSW
HAV,TPA
HAV,CCS
HAV,PMV
HAW,GLA
HBA,ADL
HBA,BNE
HBA,CBR
HBA,FLS
HBA,OOL
HBA,KNS
HBA,LST
HBA,MEL
HBA,PER
HBA,SYD
HBA,AKL
HBE,SSH
HBE,AMM
HBE,KWI
HBE,BEN
HBE,MRA
HBE,MJI
HBE,CMN
HBE,DOH
HBE,DMM
HBE,JED
HBE,MED
HBE,RUH
HBE,IST
HBE,SAW
HBE,AUH
HBE,DXB
HBE,SHJ
HBX,BLR
HBX,MAA
HBX,DEL
HBX,HYD
HBX,PNQ
HCJ,CSX
HCJ,CAN
HCJ,HAK
HCJ,MIG
HCJ,SZX
HCQ,BQW
HCQ,BME
HCQ,FIZ
HCQ,KNX
HCR,MRI
HCR,ANI
HCR,ANV
HDE,OLU
HDE,BJC
HDG,CTU
HDG,CKG
HDG,DLC
HDG,CAN
HDG,HAK
HDG,HGH
HDG,HET
HDG,KMG
HDG,NNG
HDG,DSN
HDG,PVG
HDG,SHE
HDG,WNZ
HDG,XMN
HDG,XNN
HDN,PLS
HDN,AIA
HDN,ATL
HDN,AUS
HDN,BOS
HDN,CPR
HDN,PWK
HDN,ORD
HDN,DFW
HDN,DAL
HDN,APA
HDN,DEN
HDN,ELK
HDN,FLL
HDN,IAH
HDN,MCI
HDN,LAX
HDN,MSP
HDN,BNA
HDN,EWR
HDN,OMA
HDN,RWL
HDN,SAN
HDN,SFO
HDN,SEA
HDN,STL
HDN,SUA
HDN,AVW
HDN,IAD
HDS,CPT
HDS,JNB
HDY,KUL
HDY,SIN
HDY,DMK
HDY,BKK
HDY,CNX
HDY,HKT
HDY,UTH
HEA,KBL
HEA,MZR
HEH,KET
HEH,LSH
HEH,NYT
HEH,NYU
HEH,THL
HEH,SNW
HEH,RGN
HEK,HRB
HEL,INN
HEL,VIE
HEL,BRU
HEL,CRL
HEL,PVG
HEL,CGO
HEL,LCA
HEL,OSR
HEL,QZK
HEL,PRG
HEL,BLL
HEL,CPH
HEL,TLL
HEL,HEL
HEL,IVL
HEL,JOE
HEL,JYV
HEL,KAJ
HEL,KEM
HEL,KTT
HEL,KOK
HEL,KUO
HEL,KAO
HEL,MHQ
HEL,OUL
HEL,POR
HEL,RVN
HEL,SVL
HEL,TMP
HEL,TKU
HEL,VAA
HEL,BOD
HEL,NCE
HEL,BVA
HEL,CDG
HEL,BER
HEL,DUS
HEL,FRA
HEL,HAM
HEL,LEJ
HEL,MUC
HEL,RMS
HEL,ATH
HEL,KLX
HEL,HKG
HEL,BUD
HEL,KEF
HEL,DEL
HEL,DUB
HEL,BGY
HEL,LIN
HEL,MXP
HEL,FCO
HEL,KIX
HEL,HND
HEL,NRT
HEL,RIX
HEL,KUN
HEL,VNO
HEL,AMS
HEL,BGO
HEL,OSL
HEL,TOS
HEL,TRD
HEL,KRK
HEL,WAW
HEL,FNC
HEL,LIS
HEL,DOH
HEL,SIN
HEL,ICN
HEL,ALC
HEL,BCN
HEL,FUE
HEL,LPA
HEL,ACE
HEL,MAD
HEL,AGP
HEL,PMI
HEL,TFS
HEL,GOT
HEL,LPI
HEL,MMX
HEL,ORB
HEL,ARN
HEL,BMA
HEL,GVA
HEL,ZRH
HEL,BKK
HEL,HKT
HEL,AYT
HEL,GZP
HEL,IST
HEL,SAW
HEL,DXB
HEL,EDI
HEL,LGW
HEL,LHR
HEL,STN
HEL,MAN
HEL,DFW
HEL,LAX
HEL,MIA
HEL,JFK
HER,VIE
HER,LCA
HER,BSL
HER,BER
HER,CGN
HER,DUS
HER,FRA
HER,HAM
HER,HAJ
HER,MUC
HER,STR
HER,ATH
HER,RHO
HER,SKG
HER,AMS
HER,BEG
HER,ZRH
HET,AXF
HET,YIE
HET,RLK
HET,PEK
HET,PKX
HET,CGQ
HET,CSX
HET,CIH
HET,CTU
HET,TFU
HET,CIF
HET,CKG
HET,DLC
HET,ERL
HET,EHU
HET,CAN
HET,KWE
HET,HAK
HET,HLD
HET,HDG
HET,HGH
HET,HRB
HET,HFE
HET,HUO
HET,HIA
HET,TNA
HET,JHG
HET,KMG
HET,LYG
HET,LFQ
HET,NZH
HET,KHN
HET,NKG
HET,NTG
HET,DSN
HET,TAO
HET,SYX
HET,SHA
HET,PVG
HET,SHE
HET,SZX
HET,SJW
HET,TYN
HET,TSN
HET,TGO
HET,HLH
HET,URC
HET,WUA
HET,WUH
HET,WUX
HET,XIY
HET,XMN
HET,XIL
HET,WUT
HET,XUZ
HET,ENY
HET,YIH
HET,INC
HET,UYN
HET,NZL
HET,CGO
HET,ZHY
HET,UBN
HET,BKK
HFD,DXR
HFD,QSI
HFD,IAD
HFE,BHY
HFE,PEK
HFE,PKX
HFE,CGQ
HFE,CTU
HFE,TFU
HFE,CKG
HFE,DLC
HFE,DZH
HFE,EHU
HFE,KOW
HFE,GYS
HFE,CAN
HFE,KWL
HFE,KWE
HFE,HAK
HFE,HRB
HFE,HET
HFE,SWA
HFE,JHG
HFE,KMG
HFE,LHW
HFE,LJG
HFE,LZH
HFE,LZO
HFE,NNG
HFE,DSN
HFE,TAO
HFE,BAR
HFE,JJN
HFE,SYX
HFE,PVG
HFE,SHE
HFE,SZX
HFE,SJW
HFE,YSQ
HFE,TYN
HFE,TVS
HFE,TSN
HFE,URC
HFE,WXN
HFE,WEH
HFE,WNZ
HFE,XIY
HFE,XMN
HFE,XNN
HFE,YNT
HFE,YBP
HFE,INC
HFE,YCU
HFE,ZHA
HFE,CGO
HFE,ZUH
HFE,WMT
HFE,ZYI
HFE,HKG
HFE,KIX
HFE,MFM
HFE,SIN
HFE,DMK
HFE,BKK
HFE,ANC
HFN,RKV
HFS,ARN
HFS,TYF
HFT,ALF
HFT,BVG
HFT,HAA
HFT,HVG
HFT,MEH
HFT,TOS
HFT,VDS
HGA,JIB
HGA,ADD
HGA,NBO
HGA,WJR
HGA,JED
HGA,BSA
HGA,GLK
HGA,MGQ
HGA,DXB
HGD,RCM
HGD,TSV
HGH,SYD
HGH,LGG
HGH,BWN
HGH,AKA
HGH,BAV
HGH,BHY
HGH,PEK
HGH,PKX
HGH,BFJ
HGH,CGQ
HGH,CGD
HGH,CSX
HGH,CIH
HGH,CTU
HGH,TFU
HGH,CIF
HGH,CKG
HGH,DLU
HGH,DLC
HGH,DZH
HGH,DOY
HGH,ENH
HGH,EHU
HGH,FUO
HGH,FOC
HGH,KOW
HGH,GYS
HGH,CAN
HGH,KWL
HGH,KWE
HGH,HAK
HGH,HDG
HGH,HZG
HGH,HRB
HGH,HZA
HGH,HET
HGH,HJJ
HGH,HUZ
HGH,JGS
HGH,SWA
HGH,TNA
HGH,JHG
HGH,SHS
HGH,KMG
HGH,LHW
HGH,LJG
HGH,LFQ
HGH,LYI
HGH,LZH
HGH,LYA
HGH,LZO
HGH,LLV
HGH,LUM
HGH,MIG
HGH,NNG
HGH,NNY
HGH,DSN
HGH,JIQ
HGH,TAO
HGH,BPE
HGH,BAR
HGH,JJN
HGH,RIZ
HGH,SYX
HGH,PVG
HGH,SHE
HGH,SZX
HGH,SJW
HGH,WDS
HGH,TYN
HGH,TSN
HGH,TGO
HGH,TEN
HGH,HLH
HGH,URC
HGH,WEF
HGH,WEH
HGH,WUH
HGH,WUX
HGH,XIY
HGH,XMN
HGH,XFN
HGH,XIC
HGH,XNN
HGH,XAI
HGH,ENY
HGH,YNT
HGH,YBP
HGH,YIH
HGH,INC
HGH,YLX
HGH,UYN
HGH,YCU
HGH,ZHA
HGH,ZAT
HGH,CGO
HGH,ZUH
HGH,WMT
HGH,ZYI
HGH,CAI
HGH,CDG
HGH,HKG
HGH,DPS
HGH,FCO
HGH,KIX
HGH,CTS
HGH,NRT
HGH,ALA
HGH,VTE
HGH,MFM
HGH,BKI
HGH,KUL
HGH,RGN
HGH,AKL
HGH,MNL
HGH,LIS
HGH,DOH
HGH,SVO
HGH,ZIA
HGH,SIN
HGH,CJU
HGH,ICN
HGH,MAD
HGH,TPE
HGH,DMK
HGH,BKK
HGH,HKT
HGH,DXB
HGH,ANC
HGH,LAX
HGH,NVI
HGH,HAN
HGI,DEL
HGI,DIB
HGI,GAU
HGI,CCU
HGI,IXT
HGI,ZER
HGN,LPT
HGO,ABJ
HGO,BYK
HGR,PUJ
HGR,CLT
HGR,NCO
HGR,SFB
HGR,OSH
HGR,SLN
HGR,PIE
HGR,VRB
HGU,GKA
HGU,UNG
HGU,MXH
HGU,POM
HGU,TBG
HGU,WWK
HHH,AVL
HHH,DNL
HHH,CRW
HHH,CLT
HHH,ISM
HHH,LNS
HHH,MMU
HHH,QQZ
HHH,PNE
HHH,UST
HHH,SVH
HHH,SUA
HHH,TEB
HHH,DCA
HHH,PBI
HHH,ORH
HHN,TIA
HHN,LNZ
HHN,GYD
HHN,BNX
HHN,SOF
HHN,ZAG
HHN,BER
HHN,CGN
HHN,MHG
HHN,SCN
HHN,DUB
HHN,KIR
HHN,CTA
HHN,SUF
HHN,BGY
HHN,PSR
HHN,FCO
HHN,TSF
HHN,RMO
HHN,AGA
HHN,FEZ
HHN,RAK
HHN,NDR
HHN,AMS
HHN,SKP
HHN,FAO
HHN,OPO
HHN,CLJ
HHN,INI
HHN,ALC
HHN,BCN
HHN,AGP
HHN,PMI
HHN,SVQ
HHN,TFS
HHN,AGH
HHN,IST
HHN,STN
HHQ,CNX
HHR,QTC
HHR,CEC
HHR,MMH
HHR,MCE
HHR,OPF
HHR,RAL
HHR,SMO
HHZ,HOI
HIA,CGQ
HIA,CSX
HIA,TFU
HIA,CKG
HIA,DLC
HIA,FUO
HIA,FOC
HIA,CAN
HIA,KWE
HIA,HRB
HIA,HET
HIA,SWA
HIA,KMG
HIA,LHW
HIA,KHN
HIA,NNG
HIA,NGB
HIA,JJN
HIA,SHE
HIA,SZX
HIA,TYN
HIA,TSN
HIA,WUH
HIA,XIY
HIA,XMN
HIA,CGO
HIA,KIX
HIA,KUL
HIA,MNL
HIA,SIN
HIA,BKK
HIA,HAN
HIB,MSP
HID,BDD
HID,ABM
HID,GIC
HID,BNE
HID,CNS
HID,CNC
HID,CTN
HID,NLF
HID,HID
HID,KUG
HID,UBB
HID,MYI
HID,SBR
HID,SYU
HID,XMY
HID,OKR
HID,DAU
HII,BLD
HII,MVW
HII,HSH
HII,GYR
HII,PHX
HII,SAN
HII,SNA
HII,SCF
HIJ,DLC
HIJ,PVG
HIJ,OKA
HIJ,CTS
HIJ,SDJ
HIJ,HND
HIJ,NRT
HIJ,ICN
HIJ,TPE
HIN,CJU
HIN,GMP
HIO,BIS
HIO,QTC
HIO,CID
HIO,APA
HIO,HWD
HIO,MFR
HIO,PHX
HIO,BFI
HIO,TIW
HIR,BNE
HIR,NAN
HIR,POM
HIR,AKS
HIR,BNY
HIR,CHY
HIR,FRE
HIR,GZO
HIR,KGE
HIR,IRA
HIR,MUA
HIR,PRS
HIR,RNL
HIR,NNB
HIR,SCZ
HIR,EGM
HIR,VAO
HIR,RNA
HIR,ATD
HIR,VLI
HJJ,PKX
HJJ,HAK
HJJ,HGH
HJJ,KMG
HJJ,LJG
HJJ,NKG
HJJ,SYX
HJJ,SZX
HJJ,TYN
HJJ,XIY
HJR,DEL
HKB,DJN
HKB,FAI
HKB,ORT
HKD,NGO
HKD,OIR
HKD,ITM
HKD,CTS
HKD,OKD
HKD,HND
HKD,TPE
HKG,BNE
HKG,MEL
HKG,PER
HKG,SYD
HKG,VIE
HKG,GYD
HKG,BAH
HKG,DAC
HKG,LGG
HKG,BWN
HKG,PNH
HKG,YYZ
HKG,YVR
HKG,PEK
HKG,PKX
HKG,CGQ
HKG,CTU
HKG,TFU
HKG,CKG
HKG,DLC
HKG,DYG
HKG,FOC
HKG,CAN
HKG,HAK
HKG,HGH
HKG,HFE
HKG,TXN
HKG,TNA
HKG,KMG
HKG,NKG
HKG,NNG
HKG,NTG
HKG,NGB
HKG,TAO
HKG,JJN
HKG,SYX
HKG,SHA
HKG,PVG
HKG,SHE
HKG,SZX
HKG,TYN
HKG,TSN
HKG,WNZ
HKG,WUH
HKG,WUX
HKG,XIY
HKG,XMN
HKG,XFN
HKG,INC
HKG,CGO
HKG,ADD
HKG,NAN
HKG,HEL
HKG,CDG
HKG,FRA
HKG,LEJ
HKG,BUD
HKG,BLR
HKG,MAA
HKG,DEL
HKG,BOM
HKG,DPS
HKG,CGK
HKG,SUB
HKG,TLV
HKG,MXP
HKG,FUK
HKG,KOJ
HKG,KMJ
HKG,NGO
HKG,OKA
HKG,KIX
HKG,CTS
HKG,TAK
HKG,HND
HKG,NRT
HKG,ALA
HKG,LUX
HKG,BKI
HKG,KUL
HKG,SZB
HKG,PEN
HKG,GDL
HKG,NLU
HKG,UBN
HKG,KTM
HKG,AMS
HKG,AKL
HKG,POM
HKG,CRK
HKG,CEB
HKG,MNL
HKG,DOH
HKG,SVO
HKG,JED
HKG,RUH
HKG,SIN
HKG,JNB
HKG,PUS
HKG,CJU
HKG,ICN
HKG,MAD
HKG,CMB
HKG,ZRH
HKG,KHH
HKG,RMQ
HKG,TPE
HKG,DMK
HKG,BKK
HKG,CNX
HKG,USM
HKG,HKT
HKG,IST
HKG,AUH
HKG,DXB
HKG,DWC
HKG,SHJ
HKG,LHR
HKG,MAN
HKG,ANC
HKG,BOS
HKG,ORD
HKG,CVG
HKG,DFW
HKG,LAX
HKG,MEM
HKG,MIA
HKG,JFK
HKG,SFO
HKG,DAD
HKG,HAN
HKG,SGN
HKG,CXR
HKG,PQC
HKK,CHC
HKN,KVG
HKN,LAE
HKN,POM
HKN,RAB
HKT,MEL
HKT,SYD
HKT,VAR
HKT,PEK
HKT,CTU
HKT,TFU
HKT,CKG
HKT,CAN
HKT,KWE
HKT,HGH
HKT,TNA
HKT,KMG
HKT,NKG
HKT,PVG
HKT,SZX
HKT,TYN
HKT,XIY
HKT,CGO
HKT,BRQ
HKT,CPH
HKT,HEL
HKT,HKG
HKT,BLR
HKT,DEL
HKT,BOM
HKT,IKA
HKT,TLV
HKT,ALA
HKT,KUL
HKT,PEN
HKT,RGN
HKT,MCT
HKT,WAW
HKT,DOH
HKT,BAX
HKT,IKT
HKT,KZN
HKT,KHV
HKT,KJA
HKT,SVO
HKT,VKO
HKT,ZIA
HKT,NOZ
HKT,OVB
HKT,PEE
HKT,KUF
HKT,LED
HKT,UFA
HKT,VVO
HKT,SVX
HKT,SIN
HKT,ICN
HKT,ARN
HKT,ZRH
HKT,DMK
HKT,BKK
HKT,CNX
HKT,CEI
HKT,HDY
HKT,KKC
HKT,USM
HKT,UTP
HKT,IST
HKT,AUH
HKT,DXB
HKT,SHJ
HKT,LGW
HKT,MAN
HKT,TAS
HKT,SGN
HKY,AGS
HKY,QSQ
HKY,ORL
HKY,PTK
HKY,RNZ
HLA,CPT
HLA,DUR
HLD,BAV
HLD,PEK
HLD,PKX
HLD,CIF
HLD,DLC
HLD,HET
HLD,JGD
HLD,TAO
HLD,SHE
HLD,TSN
HLD,TGO
HLD,HLH
HLD,XIL
HLD,YNT
HLD,NZL
HLD,UBN
HLD,HTA
HLE,JNB
HLG,GSO
HLH,BAV
HLH,PEK
HLH,PKX
HLH,CGQ
HLH,CIF
HLH,HLD
HLH,HGH
HLH,HRB
HLH,HET
HLH,NZH
HLH,DSN
HLH,SHE
HLH,SZX
HLH,TGO
HLH,XIL
HLI,QTC
HLI,PAO
HLI,SNS
HLN,BTM
HLN,APA
HLN,DEN
HLN,DWH
HLN,SLC
HLN,SEA
HLP,BPN
HLP,TKG
HLP,BDO
HLP,DPS
HLP,LOP
HLP,MLG
HLP,KNO
HLP,PDG
HLP,PLM
HLP,PKU
HLP,SRG
HLP,DTB
HLP,SUB
HLP,SOC
HLP,TJQ
HLP,TIM
HLP,JOG
HLP,YIA
HLT,MEB
HLT,MBW
HLZ,CHC
HLZ,WLG
HMA,EYK
HMA,EZV
HMA,CEK
HMA,IRM
HMA,MRV
HMA,SVO
HMA,VKO
HMA,NJC
HMA,OVB
HMA,OMS
HMA,LED
HMA,SGC
HMA,TJM
HMA,UFA
HMA,URJ
HMA,SVX
HMB,CAI
HMB,KWI
HMB,AHB
HMB,ELQ
HMB,DMM
HMB,JED
HMB,MED
HMB,RUH
HMB,AUH
HMB,SHJ
HME,ALG
HME,CZL
HME,IAM
HME,ORN
HME,MRS
HME,LIN
HME,MAD
HMI,AKU
HMI,PEK
HMI,TFU
HMI,KRL
HMI,LHW
HMI,SHF
HMI,URC
HMI,XIY
HMI,CGO
HMO,CUN
HMO,CUU
HMO,CJS
HMO,CUL
HMO,DGO
HMO,GDL
HMO,LAP
HMO,MXL
HMO,NLU
HMO,MEX
HMO,MTY
HMO,QRO
HMO,SJD
HMO,TIJ
HMO,PHX
HMO,SCF
HMV,AJR
HMV,LYC
HMV,ARN
HNA,FUK
HNA,UKB
HNA,NKM
HNA,ITM
HNA,CTS
HNA,TPE
HND,CNS
HND,SYD
HND,YYZ
HND,YVR
HND,PEK
HND,PKX
HND,DLC
HND,CAN
HND,TAO
HND,SHA
HND,PVG
HND,SZX
HND,TSN
HND,CPH
HND,HEL
HND,CDG
HND,FRA
HND,MUC
HND,HKG
HND,DEL
HND,CGK
HND,FCO
HND,AXT
HND,ASJ
HND,AOJ
HND,AKJ
HND,FUK
HND,HAC
HND,HKD
HND,HIJ
HND,ISG
HND,IWK
HND,IZO
HND,KOJ
HND,ONJ
HND,KKJ
HND,UKB
HND,KCZ
HND,KMQ
HND,KMJ
HND,KUH
HND,IWJ
HND,MYJ
HND,MMB
HND,MSJ
HND,MMY
HND,KMI
HND,MBE
HND,NGS
HND,NGO
HND,SHB
HND,SHM
HND,OBO
HND,OIT
HND,OKJ
HND,OKA
HND,ITM
HND,KIX
HND,HSG
HND,SYO
HND,CTS
HND,SHI
HND,TAK
HND,TKS
HND,TTJ
HND,TOY
HND,UBJ
HND,NTQ
HND,WKJ
HND,GAJ
HND,YGJ
HND,KUL
HND,MNL
HND,DOH
HND,SIN
HND,GMP
HND,ICN
HND,TSA
HND,TPE
HND,BKK
HND,IST
HND,DXB
HND,LHR
HND,ANC
HND,ATL
HND,ORD
HND,DFW
HND,DTW
HND,HNL
HND,IAH
HND,KOA
HND,LAX
HND,MSP
HND,JFK
HND,EWR
HND,SFO
HND,SEA
HND,IAD
HND,HAN
HND,SGN
HNH,JNU
HNL,PPG
HNL,MEL
HNL,SYD
HNL,YYC
HNL,YEG
HNL,YYZ
HNL,YVR
HNL,CAN
HNL,RAR
HNL,NAN
HNL,PPT
HNL,GUM
HNL,HKG
HNL,FUK
HNL,NGO
HNL,KIX
HNL,HND
HNL,NRT
HNL,CXI
HNL,KWA
HNL,MAJ
HNL,AKL
HNL,MNL
HNL,APW
HNL,SIN
HNL,ICN
HNL,ANC
HNL,ATL
HNL,AUS
HNL,BOS
HNL,ORD
HNL,DFW
HNL,DEN
HNL,DTW
HNL,PAE
HNL,ITO
HNL,HNL
HNL,IAH
HNL,OGG
HNL,LUP
HNL,MKK
HNL,KOA
HNL,JHM
HNL,LNY
HNL,LAS
HNL,LIH
HNL,LGB
HNL,LAX
HNL,MEM
HNL,MSP
HNL,JFK
HNL,EWR
HNL,OAK
HNL,ONT
HNL,PHX
HNL,PDX
HNL,SMF
HNL,SLC
HNL,SBD
HNL,SAN
HNL,SFO
HNL,SJC
HNL,SEA
HNL,IAD
HNL,SGN
HNM,OGG
HNS,JNU
HNS,SGY
HNY,PEK
HNY,CTU
HNY,TFU
HNY,CKG
HNY,FOC
HNY,KWE
HNY,HAK
HNY,SWA
HNY,JHG
HNY,KMG
HNY,LHW
HNY,LJG
HNY,NGB
HNY,TAO
HNY,JJN
HNY,SYX
HNY,SHA
HNY,PVG
HNY,SHE
HNY,WNZ
HNY,WUX
HNY,XIY
HNY,XMN
HNY,CGO
HOB,DEN
HOB,IAH
HOB,LRU
HOB,ROW
HOF,JED
HOF,DXB
HOG,YHZ
HOG,YHM
HOG,YUL
HOG,YOW
HOG,YQB
HOG,YYZ
HOG,CMW
HOG,HAV
HOG,MZO
HOG,FRA
HOG,MXP
HOG,CUN
HOG,MIA
HOG,TPA
HOI,MKP
HOI,PPT
HOI,GMR
HOK,KFG
HOM,ANC
HOM,ADQ
HOM,SOV
HON,FSD
HOQ,CGN
HOQ,RIX
HOQ,BMA
HOR,CVU
HOR,FLW
HOR,LIS
HOR,PDL
HOR,TER
HOT,DFW
HOT,MEM
HOT,RIL
HOU,BZE
HOU,BDA
HOU,YYC
HOU,GCM
HOU,LIR
HOU,SJO
HOU,PUJ
HOU,LBG
HOU,GUA
HOU,MBJ
HOU,CUN
HOU,CZM
HOU,NTR
HOU,MTY
HOU,PVR
HOU,SFH
HOU,SJD
HOU,SLP
HOU,PTY
HOU,SJU
HOU,LTN
HOU,ABQ
HOU,AMA
HOU,AVL
HOU,ASE
HOU,ATL
HOU,BLM
HOU,AUS
HOU,BWI
HOU,BPT
HOU,BHM
HOU,TRI
HOU,BZN
HOU,BUR
HOU,CHS
HOU,MDW
HOU,COS
HOU,CMH
HOU,CRP
HOU,ADS
HOU,DFW
HOU,DAL
HOU,APA
HOU,DEN
HOU,BJC
HOU,DSM
HOU,VPS
HOU,ELP
HOU,QTQ
HOU,FDY
HOU,FLL
HOU,FTW
HOU,GSP
HOU,GPT
HOU,QSH
HOU,HRL
HOU,QSE
HOU,IAH
HOU,QTA
HOU,IWS
HOU,IND
HOU,JAN
HOU,JAX
HOU,MKC
HOU,MCI
HOU,JCI
HOU,TYS
HOU,LAS
HOU,LIT
HOU,LGB
HOU,LAX
HOU,SDF
HOU,LBB
HOU,LFK
HOU,MFE
HOU,MEM
HOU,MIA
HOU,MDD
HOU,MAF
HOU,MSP
HOU,BNA
HOU,MSY
HOU,LGA
HOU,OAK
HOU,OCF
HOU,PWA
HOU,OKC
HOU,OMA
HOU,ONT
HOU,MCO
HOU,OZA
HOU,ECP
HOU,PNS
HOU,TTN
HOU,AZA
HOU,PHX
HOU,PIT
HOU,PVU
HOU,RDU
HOU,SMF
HOU,SLC
HOU,SAT
HOU,SAN
HOU,SJC
HOU,SAF
HOU,STS
HOU,SRQ
HOU,SAV
HOU,BFI
HOU,DTN
HOU,RSW
HOU,STL
HOU,SGR
HOU,TPA
HOU,TEX
HOU,TEB
HOU,TUS
HOU,TUL
HOU,TUP
HOU,IAD
HOU,DCA
HOU,PBI
HOU,HPN
HOV,BGO
HOV,OSL
HOV,SOG
HOX,MDL
HOX,NYW
HPA,TBU
HPB,BET
HPB,VAK
HPB,SCM
HPG,CAN
HPH,ICN
HPH,BMV
HPH,VCA
HPH,DLI
HPH,DAD
HPH,SGN
HPH,CXR
HPH,PQC
HPN,ANU
HPN,MHH
HPN,NAS
HPN,BDA
HPN,YYZ
HPN,LBG
HPN,PLS
HPN,ALB
HPN,ASE
HPN,QQR
HPN,ATL
HPN,BED
HPN,BIL
HPN,BCB
HPN,BCT
HPN,BOS
HPN,BDR
HPN,JZI
HPN,CHS
HPN,CLT
HPN,CHO
HPN,ORD
HPN,OSU
HPN,DTW
HPN,FRG
HPN,FXE
HPN,FLL
HPN,FME
HPN,FWA
HPN,GSO
HPN,MDT
HPN,HHH
HPN,JAC
HPN,LAS
HPN,LEB
HPN,LEE
HPN,MVY
HPN,MIA
HPN,OPF
HPN,MMU
HPN,APF
HPN,BNA
HPN,EWR
HPN,SWF
HPN,MCO
HPN,OWA
HPN,PHL
HPN,PIT
HPN,PWM
HPN,RDU
HPN,ROC
HPN,SCF
HPN,RSW
HPN,SUS
HPN,UST
HPN,STP
HPN,TPA
HPN,TEB
HPN,TUL
HPN,VNY
HPN,VRB
HPN,IAD
HPN,DCA
HPN,PBI
HPN,BDL
HPN,INT
HPN,EIS
HRB,PEK
HRB,PKX
HRB,CSX
HRB,CZX
HRB,CTU
HRB,TFU
HRB,CIF
HRB,CKG
HRB,DAT
HRB,DOY
HRB,EHU
HRB,FYJ
HRB,KOW
HRB,CAN
HRB,HAK
HRB,HGH
HRB,HFE
HRB,HEK
HRB,HZA
HRB,HET
HRB,HIA
HRB,JGS
HRB,JGD
HRB,JSJ
HRB,SWA
HRB,TNA
HRB,LYG
HRB,LFQ
HRB,LYI
HRB,LYA
HRB,NZH
HRB,OHE
HRB,KHN
HRB,NKG
HRB,NTG
HRB,NNY
HRB,NGB
HRB,TAO
HRB,BPE
HRB,RIZ
HRB,SYX
HRB,SHA
HRB,PVG
HRB,SZX
HRB,SJW
HRB,TYN
HRB,TVS
HRB,TSN
HRB,TGO
HRB,HLH
HRB,WEF
HRB,WEH
HRB,WNZ
HRB,DTU
HRB,WUH
HRB,WUX
HRB,XIY
HRB,XMN
HRB,XFN
HRB,XIL
HRB,WUT
HRB,XUZ
HRB,YNZ
HRB,YTY
HRB,YNT
HRB,YIH
HRB,INC
HRB,UYN
HRB,YCU
HRB,NZL
HRB,CGO
HRB,HSN
HRB,ZUH
HRB,KIJ
HRB,KIX
HRB,NRT
HRB,IKT
HRB,KHV
HRB,KJA
HRB,VVO
HRB,YKS
HRB,UUS
HRB,ICN
HRE,SHO
HRE,ADD
HRE,NBO
HRE,LLW
HRE,MPM
HRE,KGL
HRE,CPT
HRE,DUR
HRE,JNB
HRE,DAR
HRE,LUN
HRE,BUQ
HRE,VFA
HRG,GRZ
HRG,LNZ
HRG,SZG
HRG,VIE
HRG,BRU
HRG,SOF
HRG,BRQ
HRG,OSR
HRG,PRG
HRG,AAR
HRG,BLL
HRG,CPH
HRG,CAI
HRG,RMF
HRG,SSH
HRG,TLL
HRG,BSL
HRG,LYS
HRG,NTE
HRG,ORY
HRG,BER
HRG,BRE
HRG,CGN
HRG,DRS
HRG,DUS
HRG,ERF
HRG,FRA
HRG,FDH
HRG,HAM
HRG,HAJ
HRG,KSF
HRG,LEJ
HRG,MUC
HRG,FMO
HRG,NUE
HRG,PAD
HRG,STR
HRG,HER
HRG,BUD
HRG,MXP
HRG,NAP
HRG,FCO
HRG,MBA
HRG,RIX
HRG,VNO
HRG,LUX
HRG,RMO
HRG,AMS
HRG,KTW
HRG,POZ
HRG,RZE
HRG,WAW
HRG,OTP
HRG,CLJ
HRG,MRV
HRG,DME
HRG,SVO
HRG,VKO
HRG,OVB
HRG,AER
HRG,LED
HRG,SVX
HRG,BEG
HRG,BTS
HRG,ARN
HRG,GVA
HRG,ZRH
HRG,ZNZ
HRG,AYT
HRG,IST
HRG,SAW
HRG,BFS
HRG,BHX
HRG,BRS
HRG,EDI
HRG,GLA
HRG,LPL
HRG,LGW
HRG,LTN
HRG,MAN
HRG,NCL
HRG,EMA
HRI,TLL
HRI,VNO
HRI,KZN
HRI,ZIA
HRI,OVB
HRI,SVX
HRL,BOG
HRL,AUS
HRL,ORD
HRL,CVG
HRL,CSG
HRL,DFW
HRL,DAL
HRL,DEN
HRL,IAH
HRL,HOU
HRL,MFE
HRL,MEM
HRL,MSP
HRL,RDU
HRL,HYI
HRL,TOL
HRO,DFW
HRO,MEM
HSG,PVG
HSG,HND
HSG,ICN
HSG,TPE
HSH,CSL
HSH,BMG
HSH,IFP
HSH,CNO
HSH,DRO
HSH,EKO
HSH,QTG
HSH,MKC
HSH,HII
HSH,VGT
HSH,DVT
HSH,HIO
HSH,RNO
HSH,SAN
HSH,CLD
HSH,MYF
HSH,SJC
HSH,SNA
HSH,SBA
HSH,STS
HSH,SCF
HSH,VNY
HSH,BDL
HSL,FAI
HSL,GAL
HSL,HUS
HSL,RBY
HSL,TAL
HSM,HLT
HSM,MEB
HSM,MBW
HSN,PKX
HSN,CSX
HSN,JUH
HSN,DLC
HSN,DZH
HSN,FUO
HSN,FUG
HSN,FOC
HSN,HRB
HSN,SWA
HSN,TNA
HSN,KHN
HSN,TAO
HSN,JJN
HSN,JUZ
HSN,PVG
HSN,SHE
HSN,SZX
HSN,TSN
HSN,WUH
HSN,WHA
HSN,XMN
HSN,XUZ
HSN,YNT
HSN,CGO
HSV,LUX
HSV,QQR
HSV,ATL
HSV,CLT
HSV,ORD
HSV,DFW
HSV,DEN
HSV,DSM
HSV,DTW
HSV,DBN
HSV,IAH
HSV,HOU
HSV,LAS
HSV,SDF
HSV,MEM
HSV,MIA
HSV,ORL
HSV,MCO
HSV,SHV
HSV,TPA
HSV,IAD
HSV,DCA
HTA,HLD
HTA,BQS
HTA,IKT
HTA,KHV
HTA,KJA
HTA,DME
HTA,OVB
HTA,VVO
HTA,SVX
HTA,UUS
HTG,KJA
HTG,NSK
HTI,BNE
HTI,MKY
HTI,MEL
HTI,SYD
HTN,AKU
HTN,ACF
HTN,PEK
HTN,TFU
HTN,CKG
HTN,KHG
HTN,KRL
HTN,KCA
HTN,LHW
HTN,IQM
HTN,RQA
HTN,QSZ
HTN,TLQ
HTN,URC
HTN,XIY
HTN,YTW
HTN,CGO
HTS,BKW
HTS,CLT
HTS,LUK
HTS,LCK
HTS,FFT
HTS,MEM
HTS,SFB
HTS,PIE
HTT,DNH
HTT,XNN
HTU,MQL
HTV,NEW
HTY,ESB
HTY,IST
HTY,SAW
HUF,MQY
HUF,ORH
HUH,BOB
HUH,MOZ
HUH,PPT
HUH,RFP
HUI,HAN
HUI,SGN
HUL,PWM
HUN,KHH
HUN,RMQ
HUN,TSA
HUO,HET
HUO,SHE
HUS,FAI
HUS,TAL
HUT,MKC
HUT,LNK
HUT,SHV
HUU,LIM
HUX,YYC
HUX,YEG
HUX,YYZ
HUX,YVR
HUX,YWG
HUX,GDL
HUX,NLU
HUX,MEX
HUX,MTY
HUX,OAX
HUX,ORD
HUX,DFW
HUY,CGN
HUY,GCI
HUY,AMS
HUY,RTM
HUY,ABZ
HUY,CEG
HUY,HUY
HUY,SOU
HUZ,PEK
HUZ,PKX
HUZ,CSX
HUZ,TFU
HUZ,CKG
HUZ,FUG
HUZ,KWE
HUZ,HAK
HUZ,HGH
HUZ,KMG
HUZ,LHW
HUZ,LZO
HUZ,NAO
HUZ,NKG
HUZ,PVG
HUZ,WUH
HUZ,WUX
HUZ,XIY
HUZ,YIH
HUZ,CGO
HVB,BNE
HVB,LYT
HVB,ROK
HVB,MCY
HVB,SYD
HVB,TWB
HVD,ULG
HVD,UBN
HVG,HFT
HVG,MEH
HVN,SJU
HVN,BWI
HVN,BOS
HVN,CHS
HVN,CHO
HVN,COS
HVN,DAB
HVN,FLL
HVN,GSP
HVN,HYA
HVN,MYR
HVN,BNA
HVN,MCO
HVN,RDU
HVN,SRQ
HVN,SAV
HVN,RSW
HVN,TPA
HVN,PBI
HVN,HPN
HVN,ILM
HVR,BIL
HWD,BFL
HWD,BUR
HWD,ADS
HWD,APC
HWD,OXR
HWD,UDD
HWD,AGC
HWD,HIO
HWD,PVU
HWD,MHR
HWD,SBA
HWD,SCK
HWD,TEB
HWD,TRM
HWD,VNY
HWD,VIS
HWO,HHH
HWO,CRG
HXD,XNN
HXX,GFF
HXX,MBW
HYA,BOS
HYA,CMH
HYA,MVY
HYA,ACK
HYA,PVC
HYA,TEB
HYA,PBI
HYA,HPN
HYC,BIQ
HYD,BAH
HYD,NNG
HYD,FRA
HYD,AMD
HYD,ATQ
HYD,IXU
HYD,IXG
HYD,BLR
HYD,BHO
HYD,BBI
HYD,IXC
HYD,MAA
HYD,COK
HYD,CJB
HYD,DBR
HYD,DED
HYD,DEL
HYD,RDP
HYD,GOI
HYD,GOX
HYD,GDB
HYD,GOP
HYD,GAU
HYD,GWL
HYD,HBX
HYD,IDR
HYD,JLR
HYD,JGB
HYD,JAI
HYD,JGA
HYD,JDH
HYD,CNN
HYD,KLH
HYD,CCU
HYD,CCJ
HYD,LKO
HYD,IXM
HYD,IXE
HYD,BOM
HYD,MYQ
HYD,NAG
HYD,NDC
HYD,ISK
HYD,PAT
HYD,PNY
HYD,IXZ
HYD,PNQ
HYD,RPR
HYD,RJA
HYD,IXR
HYD,SXV
HYD,SAG
HYD,RQY
HYD,IXB
HYD,SXR
HYD,STV
HYD,TRZ
HYD,TIR
HYD,TRV
HYD,UDR
HYD,BDQ
HYD,VNS
HYD,VDY
HYD,VGA
HYD,VTZ
HYD,KWI
HYD,KUL
HYD,MLE
HYD,MCT
HYD,DOH
HYD,DMM
HYD,JED
HYD,RUH
HYD,SIN
HYD,CMB
HYD,DMK
HYD,BKK
HYD,IST
HYD,AUH
HYD,DXB
HYD,RKT
HYD,SHJ
HYD,LHR
HYG,KTN
HYL,KTN
HYN,PEK
HYN,PKX
HYN,CSX
HYN,TFU
HYN,CKG
HYN,FUO
HYN,CAN
HYN,KWE
HYN,HAK
HYN,SWA
HYN,TNA
HYN,KMG
HYN,NNG
HYN,TAO
HYN,SZX
HYN,WUH
HYN,XIY
HYN,YIH
HYN,YYA
HYR,SGF
HYS,DEN
HYS,SLN
HZG,PKX
HZG,CAN
HZG,KWE
HZG,HGH
HZG,NNG
HZG,NTG
HZG,PVG
HZG,SZX
HZG,WNZ
HZG,UYN
HZP,YYC
IAA,KJA
IAA,UFA
IAB,CHS
IAD,AUA
IAD,VIE
IAD,NAS
IAD,BGI
IAD,BRU
IAD,GRU
IAD,YUL
IAD,YOW
IAD,YTZ
IAD,YYZ
IAD,YVR
IAD,GCM
IAD,BOG
IAD,SJO
IAD,CPH
IAD,PUJ
IAD,CAI
IAD,SAL
IAD,ADD
IAD,CDG
IAD,FRA
IAD,MUC
IAD,ACC
IAD,GUA
IAD,KEF
IAD,DEL
IAD,BGW
IAD,DUB
IAD,FCO
IAD,MBJ
IAD,HND
IAD,AMM
IAD,CUN
IAD,MEX
IAD,CMN
IAD,AMS
IAD,SXM
IAD,LOS
IAD,PTY
IAD,LIS
IAD,SJU
IAD,DOH
IAD,JED
IAD,RUH
IAD,CPT
IAD,ICN
IAD,BCN
IAD,GVA
IAD,ZRH
IAD,LFW
IAD,IST
IAD,PLS
IAD,AUH
IAD,DXB
IAD,LHR
IAD,AIK
IAD,CAK
IAD,ALB
IAD,AVL
IAD,QQR
IAD,PDK
IAD,ATL
IAD,AGS
IAD,AUS
IAD,MTN
IAD,BED
IAD,BOS
IAD,BFD
IAD,BUF
IAD,QQY
IAD,BTV
IAD,JZI
IAD,CHS
IAD,CLT
IAD,CHO
IAD,PWK
IAD,GYY
IAD,MDW
IAD,ORD
IAD,CVG
IAD,CLE
IAD,CTH
IAD,MRC
IAD,CAE
IAD,CMH
IAD,OSU
IAD,USA
IAD,ADS
IAD,DFW
IAD,DAL
IAD,DAY
IAD,DEN
IAD,DSM
IAD,DTW
IAD,DUJ
IAD,EVV
IAD,FRG
IAD,FLD
IAD,FLL
IAD,FTW
IAD,GSO
IAD,GMU
IAD,QSH
IAD,HDN
IAD,HHH
IAD,HNL
IAD,IAH
IAD,HOU
IAD,HSV
IAD,IND
IAD,JAX
IAD,JST
IAD,MCI
IAD,ENW
IAD,EYW
IAD,TYS
IAD,LNS
IAD,LAN
IAD,LRU
IAD,LAS
IAD,LAX
IAD,SDF
IAD,MRK
IAD,MEM
IAD,MIA
IAD,OPF
IAD,FCM
IAD,MSP
IAD,MOB
IAD,MGW
IAD,MMU
IAD,MPO
IAD,BNA
IAD,MSY
IAD,JFK
IAD,LGA
IAD,EWR
IAD,ORF
IAD,OCF
IAD,OMA
IAD,MCO
IAD,PHL
IAD,PHX
IAD,AGC
IAD,PIT
IAD,PTK
IAD,PDX
IAD,PWM
IAD,PVD
IAD,RDU
IAD,RIC
IAD,ROA
IAD,ROC
IAD,SMF
IAD,SLC
IAD,SAT
IAD,SAN
IAD,SFO
IAD,SNA
IAD,SRQ
IAD,SAV
IAD,BFI
IAD,SEA
IAD,RSW
IAD,STL
IAD,STP
IAD,SUA
IAD,SYR
IAD,TPA
IAD,TEB
IAD,TIX
IAD,TUS
IAD,TCL
IAD,VNY
IAD,PBI
IAD,HPN
IAD,BDL
IAD,STT
IAG,SFB
IAG,PNE
IAG,AGC
IAG,PGD
IAG,PIE
IAG,TEB
IAH,EZE
IAH,AUA
IAH,SYD
IAH,NAS
IAH,BRU
IAH,LGG
IAH,BZE
IAH,GIG
IAH,GRU
IAH,YYC
IAH,YUL
IAH,YYZ
IAH,YVR
IAH,GCM
IAH,SCL
IAH,BOG
IAH,LIR
IAH,SJO
IAH,HAV
IAH,PUJ
IAH,UIO
IAH,SAL
IAH,CDG
IAH,FRA
IAH,MUC
IAH,GUA
IAH,RTB
IAH,SAP
IAH,XPL
IAH,MBJ
IAH,HND
IAH,NRT
IAH,LUX
IAH,AGU
IAH,CUN
IAH,CZM
IAH,GDL
IAH,ZLO
IAH,MZT
IAH,MID
IAH,NLU
IAH,MEX
IAH,MTY
IAH,MLM
IAH,OAX
IAH,PBC
IAH,PVR
IAH,QRO
IAH,SJD
IAH,SLP
IAH,BJX
IAH,TAM
IAH,VER
IAH,ZIH
IAH,AMS
IAH,BON
IAH,AKL
IAH,MGA
IAH,PTY
IAH,LIM
IAH,SJU
IAH,DOH
IAH,DHA
IAH,TPE
IAH,POS
IAH,IST
IAH,PLS
IAH,DXB
IAH,PIK
IAH,LHR
IAH,MAN
IAH,ABQ
IAH,AEX
IAH,AMA
IAH,ANC
IAH,ASE
IAH,ATL
IAH,AUS
IAH,BWI
IAH,BTR
IAH,XNA
IAH,BHM
IAH,BOS
IAH,BZN
IAH,BRO
IAH,CNM
IAH,CHS
IAH,CLT
IAH,MDW
IAH,ORD
IAH,RFD
IAH,CVG
IAH,CLE
IAH,COS
IAH,CMH
IAH,CRP
IAH,DFW
IAH,DAL
IAH,DEN
IAH,DSM
IAH,DTW
IAH,YIP
IAH,EGE
IAH,ELP
IAH,FLL
IAH,AFW
IAH,FTW
IAH,GRR
IAH,GSP
IAH,GPT
IAH,GUC
IAH,HRL
IAH,PIB
IAH,HDN
IAH,HOB
IAH,HNL
IAH,IAH
IAH,HSV
IAH,IND
IAH,JAN
IAH,JAC
IAH,JAX
IAH,MCI
IAH,EYW
IAH,TYS
IAH,LFT
IAH,LCH
IAH,LAL
IAH,LRD
IAH,LAS
IAH,LNK
IAH,LIT
IAH,LAX
IAH,SDF
IAH,LBB
IAH,MFE
IAH,MEM
IAH,MEI
IAH,MIA
IAH,MAF
IAH,MKE
IAH,MSP
IAH,MOT
IAH,MOB
IAH,MTJ
IAH,BNA
IAH,NEW
IAH,MSY
IAH,JFK
IAH,LGA
IAH,EWR
IAH,ORF
IAH,OKC
IAH,OMA
IAH,MCO
IAH,PSP
IAH,ECP
IAH,PNS
IAH,PHL
IAH,PHX
IAH,PIT
IAH,PDX
IAH,RDU
IAH,RNO
IAH,RIC
IAH,RIV
IAH,SMF
IAH,SLC
IAH,SAT
IAH,SAN
IAH,SFO
IAH,SJC
IAH,SNA
IAH,SAF
IAH,SRQ
IAH,SAV
IAH,SEA
IAH,SHV
IAH,RSW
IAH,SGF
IAH,STL
IAH,SYR
IAH,TPA
IAH,TUS
IAH,TUL
IAH,VCT
IAH,IAD
IAH,DCA
IAH,PBI
IAH,ICT
IAH,ILN
IAH,STT
IAM,ALG
IAM,HME
IAM,OGX
IAN,OTZ
IAN,ORV
IAO,CRK
IAO,CEB
IAO,DVO
IAO,MNL
IAR,KZN
IAR,OMS
IAR,PEE
IAR,KUF
IAR,AER
IAR,LED
IAR,UFA
IAR,SVX
IAS,VIE
IAS,CRL
IAS,LCA
IAS,BLL
IAS,CPH
IAS,SSH
IAS,BSL
IAS,BVA
IAS,BER
IAS,DTM
IAS,FMM
IAS,DUB
IAS,BLQ
IAS,BGY
IAS,CIA
IAS,TRN
IAS,VCE
IAS,EIN
IAS,BBU
IAS,OTP
IAS,BCN
IAS,MAD
IAS,QYL
IAS,IST
IAS,LPL
IAS,LTN
IBA,ABV
IBA,LOS
IBB,SCY
IBB,GPS
IBE,BOG
IBE,EOH
IBR,FUK
IBR,UKB
IBR,OKA
IBR,CTS
IBR,TPE
IBZ,QOZ
IBZ,CCF
IBZ,LBG
IBZ,ORY
IBZ,BER
IBZ,CGN
IBZ,DUS
IBZ,STR
IBZ,DUB
IBZ,LIN
IBZ,MXP
IBZ,AMS
IBZ,EIN
IBZ,OPO
IBZ,ALC
IBZ,OVD
IBZ,BCN
IBZ,BIO
IBZ,MAD
IBZ,AGP
IBZ,PMI
IBZ,SCQ
IBZ,SVQ
IBZ,VLC
IBZ,VGO
IBZ,GVA
IBZ,ZRH
IBZ,FAB
IBZ,LCY
IBZ,STN
IBZ,MAN
IBZ,NCL
ICI,SUV
ICN,BNE
ICN,SYD
ICN,VIE
ICN,GYD
ICN,DAC
ICN,BWN
ICN,PNH
ICN,YYZ
ICN,YVR
ICN,PEK
ICN,PKX
ICN,CGQ
ICN,CSX
ICN,CTU
ICN,TFU
ICN,CKG
ICN,DLC
ICN,DYG
ICN,FOC
ICN,CAN
ICN,HGH
ICN,HRB
ICN,JMU
ICN,TNA
ICN,KMG
ICN,LYI
ICN,MDG
ICN,NKG
ICN,NGB
ICN,TAO
ICN,PVG
ICN,SHE
ICN,SZX
ICN,SJW
ICN,TSN
ICN,WEH
ICN,WNZ
ICN,WUH
ICN,WUX
ICN,XIY
ICN,XMN
ICN,YNZ
ICN,YTY
ICN,YNJ
ICN,YNT
ICN,UYN
ICN,CGO
ICN,PRG
ICN,ADD
ICN,HEL
ICN,CDG
ICN,CGN
ICN,FRA
ICN,MUC
ICN,GUM
ICN,HKG
ICN,BUD
ICN,DEL
ICN,DPS
ICN,CGK
ICN,MXP
ICN,FCO
ICN,AOJ
ICN,FUK
ICN,HIJ
ICN,KOJ
ICN,KKJ
ICN,KMQ
ICN,KMJ
ICN,MYJ
ICN,KMI
ICN,NGO
ICN,KIJ
ICN,OIT
ICN,OKJ
ICN,OKA
ICN,KIX
ICN,HSG
ICN,CTS
ICN,SDJ
ICN,FSZ
ICN,TAK
ICN,HND
ICN,NRT
ICN,YGJ
ICN,ALA
ICN,FRU
ICN,VTE
ICN,LUX
ICN,MFM
ICN,BKI
ICN,KUL
ICN,PEN
ICN,UBN
ICN,RGN
ICN,KTM
ICN,AMS
ICN,AKL
ICN,SPN
ICN,CRK
ICN,CEB
ICN,KLO
ICN,MNL
ICN,TAG
ICN,WAW
ICN,WRO
ICN,DOH
ICN,UUS
ICN,RUH
ICN,SIN
ICN,PUS
ICN,TAE
ICN,BCN
ICN,MAD
ICN,CMB
ICN,KHH
ICN,TPE
ICN,BKK
ICN,CNX
ICN,HKT
ICN,IST
ICN,ASB
ICN,AUH
ICN,DXB
ICN,LHR
ICN,ANC
ICN,ATL
ICN,BOS
ICN,ORD
ICN,CVG
ICN,DFW
ICN,DTW
ICN,HNL
ICN,LAS
ICN,LAX
ICN,MSP
ICN,JFK
ICN,EWR
ICN,SFO
ICN,SEA
ICN,IAD
ICN,TAS
ICN,DLI
ICN,DAD
ICN,HPH
ICN,HAN
ICN,SGN
ICN,CXR
ICN,PQC
ICT,AMA
ICT,ASE
ICT,FTY
ICT,ATL
ICT,BTR
ICT,BOS
ICT,BWG
ICT,DPA
ICT,ORD
ICT,CBK
ICT,OSU
ICT,ADS
ICT,DFW
ICT,DAL
ICT,APA
ICT,DEN
ICT,BJC
ICT,VPS
ICT,EGE
ICT,ELP
ICT,FAT
ICT,GCK
ICT,GRB
ICT,GUY
ICT,IAH
ICT,IDP
ICT,JAC
ICT,JVL
ICT,JST
ICT,MKC
ICT,JCI
ICT,LAS
ICT,SDF
ICT,MNZ
ICT,MEM
ICT,MIA
ICT,MSP
ICT,MMU
ICT,OAK
ICT,OBE
ICT,OKC
ICT,AZA
ICT,PHX
ICT,RSL
ICT,SAF
ICT,SEA
ICT,SGF
ICT,STL
ICT,STP
ICT,TEB
ICT,TUS
ICT,AVW
ICT,TUL
ICT,RVS
ICT,VNY
ICT,IAD
ICT,DCA
ICT,ART
ICT,ICT
IDA,DFW
IDA,DEN
IDA,LAS
IDA,AZA
IDA,PHX
IDA,SLC
IDA,SNA
IDA,SEA
IDA,WSG
IDP,BIS
IDR,AMD
IDR,BLR
IDR,IXC
IDR,MAA
IDR,DEL
IDR,GOI
IDR,GWL
IDR,HYD
IDR,JLR
IDR,JAI
IDR,IXJ
IDR,JDH
IDR,CCU
IDR,LKO
IDR,BOM
IDR,NAG
IDR,ISK
IDR,PNQ
IDR,RPR
IDR,HSR
IDR,SAG
IDR,STV
IDR,UDR
IDR,DXB
IDR,SHJ
IDY,NTE
IEG,VNO
IEG,WAW
IFJ,RKV
IFN,ABD
IFN,PGU
IFN,GSM
IFN,KER
IFN,KIH
IFN,MHD
IFN,SRY
IFN,TBZ
IFN,THR
IFN,NJF
IFN,KWI
IFN,DOH
IFN,IST
IFN,DXB
IFU,DRV
IFU,HAQ
IFU,NMF
IFU,MLE
IGA,MYG
IGA,NAS
IGA,SML
IGA,FPR
IGD,ESB
IGD,IST
IGD,SAW
IGM,LAS
IGM,PRC
IGM,SGU
IGR,AEP
IGR,EZE
IGR,COR
IGR,JUJ
IGR,RES
IGR,ROS
IGR,SLA
IGR,TUC
IGS,BWE
IGS,FCN
IGS,QCZ
IGS,QGY
IGT,SVO
IGT,VKO
IGT,KUF
IGU,CNF
IGU,VCP
IGU,CWB
IGU,FLN
IGU,POA
IGU,GIG
IGU,CGH
IGU,GRU
IGU,SCL
IHR,JYR
IHR,THR
IIL,MHD
IIL,THR
IJK,DME
IJK,SVO
IJK,OVB
IJK,AER
IJK,LED
IKA,KBL
IKA,MZR
IKA,EVN
IKA,VIE
IKA,GYD
IKA,PEK
IKA,CAN
IKA,PVG
IKA,SZX
IKA,URC
IKA,CDG
IKA,TBS
IKA,CGN
IKA,FRA
IKA,HAM
IKA,HKG
IKA,DEL
IKA,BOM
IKA,THR
IKA,NJF
IKA,BGW
IKA,EBL
IKA,KIK
IKA,ISU
IKA,MXP
IKA,FCO
IKA,KWI
IKA,BEY
IKA,MFM
IKA,MCT
IKA,KHI
IKA,LHE
IKA,DOH
IKA,SVO
IKA,VKO
IKA,LED
IKA,DAM
IKA,DMK
IKA,BKK
IKA,HKT
IKA,ADA
IKA,ESB
IKA,DLM
IKA,DNZ
IKA,GZP
IKA,IST
IKA,SAW
IKA,ADB
IKA,AUH
IKA,DXB
IKA,SHJ
IKA,LHR
IKB,PDK
IKB,BLM
IKB,JZI
IKB,CAE
IKB,CWF
IKE,SAE
IKE,UMD
IKI,NGS
IKK,LAL
IKS,YKS
IKT,PEK
IKT,PKX
IKT,HRB
IKT,NZH
IKT,SJW
IKT,FRU
IKT,OSS
IKT,UBN
IKT,BQS
IKT,ODO
IKT,BTK
IKT,HTA
IKT,NER
IKT,KZN
IKT,KHV
IKT,KCK
IKT,KJA
IKT,KYZ
IKT,ULK
IKT,MJZ
IKT,DME
IKT,SVO
IKT,VKO
IKT,OVB
IKT,OLZ
IKT,OMS
IKT,AER
IKT,LED
IKT,TLK
IKT,PYJ
IKT,UFA
IKT,UUD
IKT,UKX
IKT,VVO
IKT,YKS
IKT,SVX
IKT,ERG
IKT,DYU
IKT,BKK
IKT,HKT
IKT,UTP
IKT,FEG
IKT,NMA
IKT,TAS
IKT,HAN
ILD,ILD
ILD,PMI
ILG,SJU
ILG,JZI
ILG,FLL
ILG,GSO
ILG,MMU
ILG,APF
ILG,MCO
ILG,PTK
ILG,SJC
ILG,SRQ
ILG,RSW
ILG,TPA
ILG,PBI
ILI,ANC
ILI,DLG
ILI,KNK
ILI,NNL
ILI,PDB
ILM,FDF
ILM,SXM
ILM,BQN
ILM,PLS
ILM,ATL
ILM,QTF
ILM,CHS
ILM,CLT
ILM,CUB
ILM,DFW
ILM,ESN
ILM,FLL
ILM,GGE
ILM,HYA
ILM,MNZ
ILM,MIA
ILM,HVN
ILM,LGA
ILM,EWR
ILM,MCO
ILM,PHL
ILM,PSF
ILM,PWM
ILM,SAV
ILM,PIE
ILM,SUA
ILM,TLH
ILM,TPA
ILM,TEB
ILM,RBW
ILM,WSG
ILM,DCA
ILM,PBI
ILN,CHR
ILN,ATL
ILN,AUS
ILN,CLT
ILN,DEN
ILN,GSO
ILN,GMU
ILN,IAH
ILN,LAX
ILN,SMF
ILN,SFO
ILN,SEA
ILO,CRK
ILO,CGY
ILO,CEB
ILO,DVO
ILO,GES
ILO,MNL
ILO,PPS
ILP,GEA
ILQ,LIM
ILR,ABV
ILR,LOS
ILY,IOM
ILY,GLA
ILY,OBN
ILZ,PRG
IMF,IXA
IMF,AJL
IMF,DEL
IMF,DIB
IMF,DMU
IMF,GAU
IMF,CCU
IMF,SHL
IMF,IXS
IMF,TEI
IMK,KEP
IMP,CNF
IMP,BSB
IMP,SLZ
IMP,GRU
IMT,CAK
IMT,DTW
IMT,GRB
IMT,IMT
IMT,IWD
IMT,MKE
IMT,MSP
INB,DGA
INB,PLJ
INC,AKU
INC,PEK
INC,PKX
INC,CGQ
INC,CSX
INC,CTU
INC,TFU
INC,CKG
INC,DYG
INC,DZH
INC,ENH
INC,EHU
INC,FOC
INC,CAN
INC,KWE
INC,GYU
INC,HAK
INC,HGH
INC,HRB
INC,HFE
INC,HET
INC,JGN
INC,TNA
INC,JHG
INC,KMG
INC,LYI
INC,KHN
INC,NKG
INC,NNG
INC,NTG
INC,TAO
INC,SHA
INC,PVG
INC,SHE
INC,SZX
INC,SHF
INC,SJW
INC,TYN
INC,TSN
INC,URC
INC,WUH
INC,XIY
INC,XMN
INC,XFN
INC,XNN
INC,XUZ
INC,ENY
INC,YTY
INC,YNT
INC,YIH
INC,UYN
INC,YCU
INC,CGO
INC,WMT
INC,HKG
INC,DXB
IND,LGG
IND,YHM
IND,YMX
IND,YYZ
IND,SJO
IND,CDG
IND,CUN
IND,STN
IND,CAK
IND,ANC
IND,QQK
IND,ATL
IND,AUS
IND,BWI
IND,BOS
IND,BUF
IND,CID
IND,CHS
IND,CLT
IND,CHO
IND,MDW
IND,ORD
IND,CLE
IND,CMH
IND,LCK
IND,QTJ
IND,DFW
IND,DAL
IND,DEN
IND,DSM
IND,VPS
IND,DTW
IND,ELP
IND,FLL
IND,QTG
IND,GRR
IND,GPT
IND,HAO
IND,IAH
IND,HOU
IND,IND
IND,JAX
IND,MCI
IND,EYW
IND,TYS
IND,LAS
IND,LEX
IND,LGB
IND,LAX
IND,MWA
IND,MEM
IND,MIA
IND,MSP
IND,APF
IND,BNA
IND,MSY
IND,JFK
IND,LGA
IND,EWR
IND,SWF
IND,OAK
IND,ONT
IND,MCO
IND,SFB
IND,PSP
IND,ECP
IND,PHL
IND,PHX
IND,AGC
IND,PIT
IND,PTK
IND,PDX
IND,PGD
IND,RDU
IND,RST
IND,SLC
IND,SAN
IND,SFO
IND,SBP
IND,QTT
IND,SNA
IND,SRQ
IND,SAV
IND,SEA
IND,SBN
IND,RSW
IND,STL
IND,PIE
IND,SVH
IND,SYR
IND,TPA
IND,TEB
IND,ACT
IND,IAD
IND,DCA
IND,PBI
IND,HPN
IND,BDL
INF,TMR
INH,MPM
INH,VNX
INH,JNB
INI,VIE
INI,BSL
INI,CGN
INI,HHN
INI,FMM
INI,MLA
INI,BEG
INI,BTS
INI,LJU
INI,ARN
INI,IST
INL,MSP
INN,VIE
INN,ANR
INN,BRU
INN,LGG
INN,HEL
INN,QCH
INN,CGN
INN,FRA
INN,HAM
INN,FMO
INN,ATH
INN,DUB
INN,TLV
INN,BZO
INN,AMS
INN,EIN
INN,ENS
INN,RTM
INN,ARN
INN,BRN
INN,SMV
INN,BHX
INN,BRS
INN,EDI
INN,LGW
INN,LHR
INN,LTN
INN,STN
INN,MAN
INN,NCL
INT,PDK
INT,AUS
INT,BMG
INT,CLT
INT,BNA
INT,HVN
INT,MCO
INT,BBX
INU,BNE
INU,NAN
INU,TRW
INV,ORK
INV,AMS
INV,BCN
INV,ABZ
INV,BHD
INV,BRS
INV,EDI
INV,KOI
INV,LGW
INV,LHR
INV,LTN
INV,MAN
INV,EMA
INV,SYY
INZ,ALG
INZ,TMR
IOA,ATH
IOM,GCI
IOM,DUB
IOM,GVA
IOM,BHD
IOM,BHX
IOM,BRS
IOM,EDI
IOM,ILY
IOM,LBA
IOM,LPL
IOM,LCY
IOM,LGW
IOM,LHR
IOM,MAN
IOM,MME
ION,BZV
IOQ,AGM
IOS,CNF
IOS,VCP
IOS,SSA
IOS,CGH
IOS,GRU
IOW,CID
IOW,DVN
IOW,MLI
IOW,OMA
IOW,RST
IPA,DLY
IPA,TAH
IPC,SCL
IPH,JHB
IPH,SIN
IPI,BOG
IPI,CLO
IPI,PUU
IPL,YYC
IPL,LAX
IPL,CNY
IPL,ONT
IPL,PHX
IPL,SAN
IPL,TRM
IPN,CNF
IPN,CGH
IPT,MDW
IPT,HFD
IPT,LOT
IPT,SAV
IQM,HTN
IQM,KRL
IQM,RQA
IQN,PKX
IQN,TFU
IQN,CKG
IQN,KWE
IQN,LHW
IQN,TAO
IQN,PVG
IQN,SZX
IQN,TSN
IQQ,CCP
IQQ,LSC
IQQ,SCL
IQT,LIM
IQT,PCL
IQT,TPP
IRA,HIR
IRC,FAI
IRG,AUU
IRG,CNS
IRG,HID
IRI,DAR
IRJ,AEP
IRJ,CTC
IRK,BTR
IRK,ORD
IRK,RST
IRK,SYI
IRP,BUX
IRP,FKI
IRZ,CIZ
ISA,BQL
ISA,BNE
ISA,CNS
ISA,CNJ
ISA,DMD
ISA,OOL
ISA,HGD
ISA,JCK
ISA,TSV
ISB,KBL
ISB,MZR
ISB,GYD
ISB,BAH
ISB,YYZ
ISB,KHG
ISB,URC
ISB,NJF
ISB,KWI
ISB,FRU
ISB,KUL
ISB,MCT
ISB,GIL
ISB,KHI
ISB,UET
ISB,KDU
ISB,SKZ
ISB,DOH
ISB,ELQ
ISB,DMM
ISB,JED
ISB,MED
ISB,RUH
ISB,BKK
ISB,IST
ISB,AUH
ISB,AAN
ISB,DXB
ISB,DWC
ISB,RKT
ISB,SHJ
ISB,LHR
ISB,STN
ISB,SKD
ISC,EXT
ISC,LEQ
ISE,ESB
ISE,IST
ISG,FUK
ISG,MMY
ISG,NGO
ISG,OKA
ISG,KIX
ISG,HND
ISG,NRT
ISG,OGN
ISK,AMD
ISK,GOX
ISK,HYD
ISK,IDR
ISK,NAG
ISL,RMF
ISL,LYN
ISL,NCE
ISL,ALA
ISL,KRK
ISL,DOH
ISL,BBU
ISL,VKO
ISL,BCN
ISL,MAD
ISL,ZRH
ISL,IST
ISL,ADB
ISL,DXB
ISM,AVL
ISM,BHM
ISM,LUK
ISM,DEN
ISM,DSI
ISM,FMY
ISM,HKS
ISM,ISM
ISM,TYS
ISM,MNZ
ISM,MIA
ISM,QQB
ISM,PPM
ISM,PTK
ISM,PGD
ISM,SRQ
ISM,PIE
ISM,TPA
ISM,VRB
ISM,PBI
ISO,QSB
ISO,HYA
ISO,ISO
ISO,LZU
ISP,LBG
ISP,ALB
ISP,BWI
ISP,CHS
ISP,CAE
ISP,FLL
ISP,HGR
ISP,HFD
ISP,GON
ISP,JFK
ISP,MCO
ISP,RDU
ISP,RIC
ISP,RSW
ISP,TPA
ISP,TEB
ISP,VRB
ISP,PBI
IST,KBL
IST,MZR
IST,TIA
IST,ALG
IST,CZL
IST,ORN
IST,LAD
IST,EVN
IST,SZG
IST,VIE
IST,GYD
IST,NAJ
IST,BAH
IST,DAC
IST,MSQ
IST,BRU
IST,LGG
IST,COO
IST,SJJ
IST,TZL
IST,GRU
IST,SOF
IST,VAR
IST,OUA
IST,DLA
IST,NSI
IST,YUL
IST,YYZ
IST,YVR
IST,NDJ
IST,PEK
IST,PKX
IST,TFU
IST,CAN
IST,PVG
IST,SZX
IST,BOG
IST,DBV
IST,ZAG
IST,HAV
IST,PRG
IST,FIH
IST,BLL
IST,CPH
IST,JIB
IST,HBE
IST,CAI
IST,HRG
IST,SSH
IST,ASM
IST,TLL
IST,ADD
IST,HEL
IST,BSL
IST,BOD
IST,LYS
IST,MRS
IST,NTE
IST,NCE
IST,CDG
IST,ORY
IST,SXB
IST,TLS
IST,LBV
IST,BJL
IST,BUS
IST,TBS
IST,BER
IST,BRE
IST,CGN
IST,DUS
IST,FRA
IST,HAM
IST,HAJ
IST,LEJ
IST,MUC
IST,NUE
IST,STR
IST,ACC
IST,ATH
IST,SKG
IST,HKG
IST,BUD
IST,BLR
IST,MAA
IST,DEL
IST,BOM
IST,DPS
IST,CGK
IST,IFN
IST,MHD
IST,SYZ
IST,TBZ
IST,IKA
IST,OMH
IST,NJF
IST,BGW
IST,BSR
IST,EBL
IST,KIK
IST,DUB
IST,SNN
IST,TLV
IST,BRI
IST,BLQ
IST,CTA
IST,MXP
IST,NAP
IST,PMO
IST,CIA
IST,FCO
IST,VCE
IST,ABJ
IST,KIX
IST,HND
IST,NRT
IST,AMM
IST,AQJ
IST,SCO
IST,AKX
IST,ALA
IST,NQZ
IST,GUW
IST,CIT
IST,HSA
IST,NBO
IST,PRN
IST,KWI
IST,FRU
IST,RIX
IST,BEY
IST,BEN
IST,MRA
IST,MJI
IST,VNO
IST,LUX
IST,KUL
IST,MLE
IST,BKO
IST,MLA
IST,NKC
IST,MRU
IST,MEX
IST,RMO
IST,UBN
IST,TGD
IST,TIV
IST,CMN
IST,FEZ
IST,RAK
IST,KTM
IST,AMS
IST,MST
IST,NIM
IST,ABV
IST,LOS
IST,SKP
IST,OSL
IST,MCT
IST,ISB
IST,KHI
IST,LHE
IST,PTY
IST,MNL
IST,KRK
IST,WAW
IST,LIS
IST,OPO
IST,DOH
IST,OTP
IST,CLJ
IST,CND
IST,IAS
IST,GRV
IST,KZN
IST,MCX
IST,MRV
IST,DME
IST,SVO
IST,VKO
IST,ZIA
IST,OVB
IST,KUF
IST,AER
IST,LED
IST,UFA
IST,VOG
IST,SVX
IST,KGL
IST,DMM
IST,JED
IST,MED
IST,RUH
IST,TIF
IST,DSS
IST,BEG
IST,KVO
IST,INI
IST,SEZ
IST,SIN
IST,LJU
IST,MGQ
IST,CPT
IST,JNB
IST,ICN
IST,JUB
IST,BCN
IST,BIO
IST,MAD
IST,AGP
IST,VLC
IST,ZAZ
IST,CMB
IST,KRT
IST,GOT
IST,ARN
IST,GVA
IST,ZRH
IST,TPE
IST,DYU
IST,LBD
IST,DAR
IST,JRO
IST,ZNZ
IST,BKK
IST,HKT
IST,TUN
IST,ADA
IST,ADF
IST,AJI
IST,ESB
IST,HTY
IST,AYT
IST,BAL
IST,BGG
IST,BJV
IST,CKZ
IST,DLM
IST,DNZ
IST,DIY
IST,EDO
IST,EZS
IST,ECN
IST,ERC
IST,ERZ
IST,GZT
IST,GZP
IST,IGD
IST,ISE
IST,ISL
IST,SAW
IST,ADB
IST,KCM
IST,KSY
IST,KFS
IST,ASR
IST,KYA
IST,KZR
IST,MLX
IST,MQM
IST,MZH
IST,MSR
IST,NAV
IST,OGU
IST,RZV
IST,SZF
IST,GNY
IST,SXZ
IST,NOP
IST,NKT
IST,VAS
IST,TJK
IST,TZX
IST,VAN
IST,YKO
IST,ONQ
IST,ASB
IST,AUH
IST,DXB
IST,DWC
IST,SHJ
IST,BHX
IST,EDI
IST,LGW
IST,LHR
IST,LTN
IST,STN
IST,MAN
IST,EMA
IST,ATL
IST,BOS
IST,ORD
IST,LCK
IST,DFW
IST,DTW
IST,IAH
IST,LAX
IST,MIA
IST,JFK
IST,EWR
IST,SFO
IST,SEA
IST,IAD
IST,BHK
IST,FEG
IST,NVI
IST,SKD
IST,TAS
IST,UGC
IST,CCS
IST,HAN
IST,SGN
ISU,CAI
ISU,IKA
ISU,BGW
ISU,BSR
ISU,AMM
ISU,BEY
ISU,DOH
ISU,MED
ISU,DXB
ITB,JRT
ITB,MAO
ITH,JFK
ITH,EWR
ITH,HPN
ITM,AXT
ITM,ASJ
ITM,AOJ
ITM,FUK
ITM,FKS
ITM,HKD
ITM,HNA
ITM,IZO
ITM,KOJ
ITM,KCZ
ITM,KMJ
ITM,MYJ
ITM,MSJ
ITM,KMI
ITM,NGS
ITM,KIJ
ITM,OIT
ITM,OKI
ITM,OKA
ITM,ITM
ITM,CTS
ITM,SDJ
ITM,TJH
ITM,HND
ITM,NRT
ITM,KUM
ITM,GAJ
ITO,HNL
ITO,OGG
ITO,KOA
ITU,UUS
IUE,AKL
IUI,TQA
IUI,JUV
IVC,AKL
IVC,CHC
IVC,WLG
IVL,HEL
IVL,KTT
IVL,ORY
IVL,FRA
IVL,ZRH
IVR,BWU
IVR,BNE
IVR,NAA
IWA,KGD
IWA,MRV
IWA,AER
IWA,LED
IWD,ORD
IWD,MSP
IWJ,HND
IWK,OKA
IWK,HND
IWS,CZM
IWS,QQD
IWS,LFT
IWS,ILE
IWS,TXK
IXA,BLR
IXA,DEL
IXA,DIB
IXA,GAU
IXA,IMF
IXA,CCU
IXA,SHL
IXB,PBH
IXB,BLR
IXB,MAA
IXB,DEL
IXB,DIB
IXB,GAU
IXB,HYD
IXB,CCU
IXB,BOM
IXB,BKK
IXC,AMD
IXC,BLR
IXC,MAA
IXC,DEL
IXC,GOI
IXC,GOX
IXC,HYD
IXC,IDR
IXC,JAI
IXC,CCU
IXC,IXL
IXC,LKO
IXC,BOM
IXC,PAT
IXC,PNQ
IXC,SXR
IXC,DXB
IXD,BLR
IXD,BHO
IXD,BBI
IXD,PAB
IXD,DED
IXD,DEL
IXD,LKO
IXD,BOM
IXD,PNQ
IXE,BAH
IXE,BLR
IXE,MAA
IXE,DEL
IXE,HYD
IXE,CNN
IXE,BOM
IXE,PNQ
IXE,KWI
IXE,MCT
IXE,DOH
IXE,DMM
IXE,AUH
IXE,DXB
IXG,AMD
IXG,BLR
IXG,DEL
IXG,HYD
IXG,JAI
IXG,JDH
IXG,BOM
IXG,NAG
IXG,STV
IXG,TIR
IXI,GAU
IXI,CCU
IXI,SHL
IXI,TEZ
IXJ,AMD
IXJ,DEL
IXJ,IDR
IXJ,IXL
IXJ,BOM
IXJ,SXR
IXK,BOM
IXL,IXC
IXL,DEL
IXL,IXJ
IXL,SXR
IXM,BLR
IXM,MAA
IXM,DEL
IXM,HYD
IXM,BOM
IXM,SIN
IXM,CMB
IXM,DXB
IXR,AMD
IXR,BLR
IXR,BBI
IXR,MAA
IXR,DEL
IXR,DGH
IXR,GOX
IXR,HYD
IXR,CCU
IXR,LKO
IXR,BOM
IXR,PAT
IXR,PNQ
IXS,GAU
IXS,IMF
IXS,CCU
IXS,SHL
IXT,GAU
IXT,HGI
IXU,BLR
IXU,DEL
IXU,HYD
IXU,BOM
IXW,BBI
IXW,CCU
IXY,DEL
IXY,BOM
IXZ,BLR
IXZ,MAA
IXZ,DEL
IXZ,HYD
IXZ,CCU
IXZ,BOM
IXZ,VTZ
IYK,ONT
IZA,CNF
IZA,VCP
IZA,CGH
IZO,FUK
IZO,NKM
IZO,OKI
IZO,ITM
IZO,HND
IZT,OAX
JAA,FRU
JAB,DRW
JAB,OPI
JAB,MNG
JAC,ATL
JAC,ORD
JAC,COS
JAC,DFW
JAC,DEN
JAC,ELP
JAC,HWD
JAC,IAH
JAC,LAX
JAC,MNZ
JAC,MSP
JAC,EWR
JAC,OAK
JAC,SLC
JAC,CLD
JAC,SFO
JAC,SJC
JAC,BFI
JAC,SUA
JAC,TEB
JAC,TWF
JAC,UES
JAC,PBI
JAC,FOK
JAD,ALH
JAD,BME
JAD,BUY
JAD,BQB
JAD,EPR
JAD,QBO
JAD,GET
JAD,KGI
JAD,KNI
JAD,MJP
JAD,WUI
JAD,PER
JAD,JAD
JAD,RTS
JAF,MAA
JAF,CMB
JAI,AGR
JAI,AMD
JAI,AYJ
JAI,IXG
JAI,BLR
JAI,BHO
JAI,IXC
JAI,MAA
JAI,DED
JAI,DEL
JAI,GOX
JAI,GAU
JAI,HYD
JAI,IDR
JAI,JDH
JAI,CCU
JAI,LKO
JAI,BOM
JAI,PGH
JAI,PNQ
JAI,STV
JAI,UDR
JAI,MCT
JAI,DMK
JAI,DXB
JAI,SHJ
JAN,QQR
JAN,ATL
JAN,BWI
JAN,SSI
JAN,CLT
JAN,DFW
JAN,GTR
JAN,GUF
JAN,IAH
JAN,HOU
JAN,LZU
JAN,SDF
JAN,NEW
JAN,MSY
JAN,MCO
JAN,PIE
JAN,SUM
JAN,TEB
JAN,TOI
JAN,TUP
JAN,DCA
JAN,AWM
JAU,LIM
JAV,JEG
JAV,XIQ
JAV,SFJ
JAV,KUS
JAV,CNP
JAV,GOH
JAV,JQA
JAV,JCH
JAV,PQT
JAV,JGO
JAV,QUP
JAV,JHS
JAV,UMD
JAV,JUV
JAV,KEF
JAX,NAS
JAX,BGI
JAX,PUJ
JAX,SJU
JAX,AHN
JAX,ATL
JAX,BWI
JAX,BLV
JAX,BOS
JAX,BZN
JAX,CLT
JAX,CHO
JAX,MDW
JAX,ORD
JAX,LUK
JAX,CVG
JAX,DFW
JAX,DAL
JAX,DEN
JAX,DTW
JAX,FNT
JAX,FXE
JAX,FLL
JAX,GSO
JAX,IAH
JAX,HOU
JAX,HSV
JAX,IND
JAX,ISP
JAX,TYS
JAX,LAS
JAX,LZU
JAX,LAW
JAX,LEE
JAX,SDF
JAX,MHT
JAX,MEM
JAX,MIA
JAX,MSP
JAX,APF
JAX,BNA
JAX,MSY
JAX,JFK
JAX,LGA
JAX,EWR
JAX,ORF
JAX,SFB
JAX,PHL
JAX,PHX
JAX,PIT
JAX,PVD
JAX,RIC
JAX,SAT
JAX,GKT
JAX,RSW
JAX,STL
JAX,SUA
JAX,TEB
JAX,IAD
JAX,DCA
JAX,PBI
JAX,ICT
JAX,BDL
JBQ,AUA
JBQ,CTG
JBQ,HAV
JBQ,SCU
JBQ,CUR
JBQ,PUJ
JBQ,PAP
JBQ,SXM
JBQ,PTY
JBQ,SIG
JBQ,SJU
JBQ,TEB
JBR,USA
JBR,DSI
JBR,LEX
JBR,BNA
JBR,SPZ
JBR,STL
JCH,JEG
JCH,XIQ
JCH,JAV
JCI,LUK
JCI,CMH
JCI,CXO
JCI,APA
JCI,BJC
JCI,AFW
JCI,GUY
JCI,IDP
JCI,JCI
JCI,MEM
JCI,QTH
JCI,PWA
JCI,PHX
JCI,SAA
JCI,SUS
JCI,ICT
JCK,ISA
JCK,RCM
JCT,MAF
JDH,AMD
JDH,IXG
JDH,BLR
JDH,DEL
JDH,HYD
JDH,IDR
JDH,JAI
JDH,BOM
JDH,PNQ
JDO,BSB
JDO,VCP
JDO,FOR
JDO,REC
JDO,GRU
JDZ,PEK
JDZ,PKX
JDZ,TFU
JDZ,CAN
JDZ,HAK
JDZ,KMG
JDZ,NGB
JDZ,TAO
JDZ,SHA
JDZ,SZX
JDZ,TSN
JDZ,XIY
JDZ,XMN
JED,KBL
JED,KDH
JED,MZR
JED,AZR
JED,ALG
JED,AAE
JED,CZL
JED,ELU
JED,ORN
JED,OGX
JED,VIE
JED,GYD
JED,BAH
JED,CGP
JED,DAC
JED,ZYL
JED,BRU
JED,LGG
JED,SJJ
JED,BWN
JED,YYZ
JED,PKX
JED,CAN
JED,HBE
JED,ATZ
JED,ASW
JED,CAI
JED,SPX
JED,LXR
JED,HMB
JED,ASM
JED,ADD
JED,MRS
JED,CDG
JED,FRA
JED,MUC
JED,ATH
JED,HKG
JED,BUD
JED,AMD
JED,BLR
JED,COK
JED,DEL
JED,HYD
JED,CNN
JED,CCJ
JED,LKO
JED,BOM
JED,CGK
JED,UPG
JED,KNO
JED,PDG
JED,PLM
JED,SUB
JED,SOC
JED,AWZ
JED,IFN
JED,BGW
JED,MXP
JED,FCO
JED,VCE
JED,AMM
JED,ALA
JED,NBO
JED,KWI
JED,FRU
JED,OSS
JED,BEY
JED,LAQ
JED,BEN
JED,MRA
JED,MJI
JED,KUL
JED,MLE
JED,MLA
JED,MRU
JED,CMN
JED,AMS
JED,KAN
JED,MCT
JED,ISB
JED,KHI
JED,LHE
JED,MUX
JED,PEW
JED,SKT
JED,MNL
JED,DOH
JED,OTP
JED,GRV
JED,MCX
JED,AHB
JED,ULH
JED,ABT
JED,ELQ
JED,RAE
JED,BHH
JED,DMM
JED,DWD
JED,URY
JED,HAS
JED,HOF
JED,GIZ
JED,MED
JED,EAM
JED,NUM
JED,AQI
JED,RAH
JED,RSI
JED,RUH
JED,AJF
JED,SHW
JED,TUU
JED,TIF
JED,WAE
JED,YNB
JED,DSS
JED,SIN
JED,HGA
JED,MGQ
JED,JNB
JED,BCN
JED,MAD
JED,CMB
JED,PZU
JED,GVA
JED,DYU
JED,LBD
JED,DAR
JED,BKK
JED,DJE
JED,MIR
JED,TUN
JED,ESB
JED,IST
JED,SAW
JED,ASB
JED,AUH
JED,DXB
JED,RKT
JED,SHJ
JED,BHX
JED,LGW
JED,LHR
JED,STN
JED,MAN
JED,JFK
JED,IAD
JED,BHK
JED,FEG
JED,NMA
JED,SKD
JED,TAS
JED,TMJ
JED,ADE
JED,RIY
JED,GXF
JEF,CGI
JEF,IOW
JEF,JLN
JEF,MAF
JEF,PWA
JEF,STJ
JEF,SGF
JEF,IAD
JEG,QCU
JEG,JAV
JEG,SFJ
JEG,QJE
JEG,JCH
JEG,JGO
JEG,QPW
JER,CEQ
JER,BVA
JER,GCI
JER,DUB
JER,SVG
JER,BFS
JER,BHX
JER,BRS
JER,EXT
JER,FAB
JER,GLA
JER,LPL
JER,BQH
JER,LGW
JER,LHR
JER,LTN
JER,OXF
JER,MAN
JER,EMA
JER,SOU
JFK,ANU
JFK,EZE
JFK,AUA
JFK,VIE
JFK,NAS
JFK,BGI
JFK,BRU
JFK,LGG
JFK,BZE
JFK,BDA
JFK,VCP
JFK,GIG
JFK,GRU
JFK,YYC
JFK,YHZ
JFK,YHM
JFK,YUL
JFK,YYZ
JFK,YVR
JFK,GCM
JFK,SCL
JFK,PEK
JFK,CKG
JFK,FOC
JFK,CAN
JFK,PVG
JFK,BOG
JFK,CTG
JFK,MDE
JFK,LIR
JFK,SJO
JFK,CUR
JFK,CPH
JFK,POP
JFK,PUJ
JFK,STI
JFK,SDQ
JFK,GYE
JFK,UIO
JFK,CAI
JFK,SAL
JFK,HEL
JFK,CDG
JFK,FRA
JFK,LEJ
JFK,MUC
JFK,ACC
JFK,ATH
JFK,GND
JFK,PTP
JFK,GUA
JFK,GEO
JFK,PAP
JFK,HKG
JFK,KEF
JFK,DEL
JFK,BOM
JFK,DUB
JFK,SNN
JFK,TLV
JFK,MXP
JFK,FCO
JFK,VCE
JFK,ABJ
JFK,KIN
JFK,MBJ
JFK,HND
JFK,NRT
JFK,AMM
JFK,NBO
JFK,KWI
JFK,LUX
JFK,CUN
JFK,GDL
JFK,MEX
JFK,PVR
JFK,SJD
JFK,CMN
JFK,AMS
JFK,SXM
JFK,AKL
JFK,PTY
JFK,LIM
JFK,MNL
JFK,WAW
JFK,FNC
JFK,LIS
JFK,PDL
JFK,BQN
JFK,PSE
JFK,SJU
JFK,DOH
JFK,SKB
JFK,UVF
JFK,SVD
JFK,JED
JFK,RUH
JFK,DSS
JFK,BEG
JFK,SIN
JFK,ICN
JFK,BCN
JFK,MAD
JFK,GVA
JFK,ZRH
JFK,TPE
JFK,POS
JFK,TAB
JFK,IST
JFK,PLS
JFK,AUH
JFK,DXB
JFK,LGW
JFK,LHR
JFK,MAN
JFK,EMA
JFK,ABQ
JFK,ANC
JFK,ATL
JFK,AUS
JFK,BWI
JFK,BGR
JFK,BHM
JFK,BOS
JFK,BZN
JFK,BUF
JFK,BUR
JFK,BTV
JFK,CHS
JFK,CLT
JFK,ORD
JFK,RFD
JFK,CVG
JFK,CGF
JFK,CLE
JFK,CMH
JFK,DFW
JFK,DEN
JFK,BJC
JFK,DET
JFK,DTW
JFK,DOV
JFK,EGE
JFK,FRG
JFK,FLL
JFK,HNL
JFK,IAH
JFK,HOU
JFK,IND
JFK,ITH
JFK,JAX
JFK,MCI
JFK,LAS
JFK,LAX
JFK,SDF
JFK,MVY
JFK,MEM
JFK,MIA
JFK,MKE
JFK,MSP
JFK,BNA
JFK,MSY
JFK,LGA
JFK,ORF
JFK,ONT
JFK,MCO
JFK,PSP
JFK,PHL
JFK,TTN
JFK,PHX
JFK,PIT
JFK,PDX
JFK,PWM
JFK,RDU
JFK,RNO
JFK,RIC
JFK,ROC
JFK,SMF
JFK,SLC
JFK,SAT
JFK,SAN
JFK,SFO
JFK,SJC
JFK,SNA
JFK,SLK
JFK,SRQ
JFK,SAV
JFK,SEA
JFK,RSW
JFK,SYR
JFK,TPA
JFK,TEB
JFK,IAD
JFK,DCA
JFK,PBI
JFK,HPN
JFK,ORH
JFK,TAS
JFK,STT
JFR,UAK
JFR,GOH
JGA,BLR
JGA,HYD
JGA,BOM
JGD,DLC
JGD,HLD
JGD,HRB
JGD,OHE
JGN,PKX
JGN,TFU
JGN,CAN
JGN,LHW
JGN,PVG
JGN,URC
JGN,XIY
JGN,INC
JGN,CGO
JGO,JEG
JGO,JAV
JGS,PEK
JGS,PKX
JGS,TFU
JGS,CKG
JGS,FOC
JGS,CAN
JGS,KWE
JGS,HAK
JGS,HGH
JGS,HRB
JGS,SWA
JGS,KMG
JGS,NGB
JGS,SYX
JGS,SHA
JGS,PVG
JGS,SZX
JGS,WNZ
JGS,XIY
JGS,XMN
JGS,CGO
JGS,ZUH
JHB,CAN
JHB,CGK
JHB,SUB
JHB,AOR
JHB,IPH
JHB,KBR
JHB,BKI
JHB,KUL
JHB,SZB
JHB,KCH
JHB,LGK
JHB,PEN
JHB,SBW
JHB,TWU
JHB,DMK
JHB,SGN
JHG,PKX
JHG,BFJ
JHG,CSX
JHG,CTU
JHG,TFU
JHG,CKG
JHG,DLU
JHG,FOC
JHG,KOW
JHG,CAN
JHG,KWE
JHG,HGH
JHG,HFE
JHG,HNY
JHG,HET
JHG,TNA
JHG,KMG
JHG,LJG
JHG,LZO
JHG,LUM
JHG,MIG
JHG,KHN
JHG,NKG
JHG,NNG
JHG,NGB
JHG,SHA
JHG,PVG
JHG,SZX
JHG,TYN
JHG,TCZ
JHG,TSN
JHG,TEN
JHG,WXN
JHG,WUH
JHG,XIY
JHG,XMN
JHG,XIC
JHG,XNN
JHG,INC
JHG,CGO
JHG,WMT
JHG,ZYI
JHG,CNX
JHM,HNL
JHS,SFJ
JHS,JSU
JHS,GOH
JHS,SZC
JHW,AOO
JIA,CGB
JIB,SOF
JIB,CAI
JIB,ADD
JIB,DIR
JIB,CDG
JIB,NBO
JIB,NOS
JIB,MCT
JIB,SLL
JIB,DOH
JIB,JED
JIB,BSA
JIB,HGA
JIB,MGQ
JIB,PZU
JIB,IST
JIB,DXB
JIB,RKT
JIB,SHJ
JIB,ADE
JIB,SAH
JIC,PKX
JIC,LHW
JIC,WUH
JIC,XIY
JIJ,ADD
JIJ,GDE
JIK,ATH
JIK,LXS
JIM,ADD
JIO,AMQ
JIQ,PEK
JIQ,CKG
JIQ,CAN
JIQ,HAK
JIQ,HGH
JIQ,KMG
JIQ,PVG
JIQ,WNZ
JIQ,XIY
JIU,PEK
JIU,HAK
JIU,SZX
JIU,XIY
JJD,FOR
JJD,PHB
JJD,GRU
JJG,VCP
JJG,GRU
JJN,PEK
JJN,PKX
JJN,CSX
JJN,CZX
JJN,CTU
JJN,TFU
JJN,HCZ
JJN,JUH
JJN,CKG
JJN,DZH
JJN,EHU
JJN,FUO
JJN,FUG
JJN,CAN
JJN,KWE
JJN,HAK
JJN,HGH
JJN,HFE
JJN,HNY
JJN,HIA
JJN,TNA
JJN,KMG
JJN,LHW
JJN,NKG
JJN,NNG
JJN,NTG
JJN,SYM
JJN,TAO
JJN,SHA
JJN,PVG
JJN,SHE
JJN,SZX
JJN,SJW
JJN,WDS
JJN,TSN
JJN,WUH
JJN,WUX
JJN,XIY
JJN,XUZ
JJN,YBP
JJN,YIH
JJN,ZHA
JJN,CGO
JJN,HSN
JJN,ZUH
JJN,WMT
JJN,HKG
JJN,MFM
JJN,KUL
JJN,DVO
JJN,MNL
JJU,ull
JJU,LLU
JJU,JRK
JJU,JNN
JJU,JNS
JJU,UAK
JKG,BLL
JKG,RKE
JKG,HEL
JKG,OSL
JKG,LPA
JKG,ARN
JKH,ATH
JKH,MJT
JKH,SMI
JKH,SKG
JKL,ATH
JKL,KGS
JKL,LRS
JKR,KTM
JLN,QTV
JLN,DEC
JLN,DEN
JLN,JEF
JLN,MLI
JLN,MMU
JLN,SRQ
JLN,TEB
JLN,BEC
JLR,PAB
JLR,DEL
JLR,HYD
JLR,IDR
JLR,BOM
JMJ,KMG
JMJ,BAR
JMK,ATH
JMS,DEN
JMS,DVL
JMS,FAR
JMS,FSD
JMU,PEK
JMU,PKX
JMU,DLC
JMU,FYJ
JMU,TNA
JMU,TAO
JMU,PVG
JMU,SHE
JMU,WEH
JMU,YNT
JMU,ICN
JNB,LAD
JNB,SYD
JNB,GBE
JNB,BBK
JNB,MUB
JNB,GRU
JNB,SZX
JNB,FIH
JNB,FBM
JNB,CAI
JNB,SHO
JNB,ADD
JNB,CDG
JNB,LBV
JNB,FRA
JNB,ACC
JNB,HKG
JNB,TLV
JNB,NBO
JNB,MSU
JNB,TNR
JNB,NOS
JNB,BLZ
JNB,LLW
JNB,MRU
JNB,BEW
JNB,INH
JNB,MPM
JNB,APL
JNB,POL
JNB,TET
JNB,VNX
JNB,WVB
JNB,WDH
JNB,AMS
JNB,LOS
JNB,DOH
JNB,RUN
JNB,KGL
JNB,JED
JNB,SEZ
JNB,SIN
JNB,BFN
JNB,CPT
JNB,DUR
JNB,ELS
JNB,GRJ
JNB,HDS
JNB,JNB
JNB,KIM
JNB,LDZ
JNB,MGH
JNB,UTT
JNB,MQP
JNB,PZB
JNB,PBZ
JNB,PTG
JNB,PLZ
JNB,RCB
JNB,SIS
JNB,SZK
JNB,UTN
JNB,ZRH
JNB,DAR
JNB,ZNZ
JNB,IST
JNB,EBB
JNB,AUH
JNB,DXB
JNB,LHR
JNB,ATL
JNB,EWR
JNB,LVI
JNB,LUN
JNB,NLA
JNB,BUQ
JNB,HRE
JNB,VFA
JNG,PKX
JNG,CSX
JNG,CTU
JNG,TFU
JNG,CKG
JNG,DLC
JNG,CAN
JNG,KWE
JNG,HAK
JNG,KMG
JNG,KHN
JNG,NNG
JNG,DSN
JNG,TAO
JNG,SYX
JNG,SHE
JNG,SZX
JNG,WXN
JNG,XMN
JNG,UYN
JNN,LLU
JNN,UAK
JNN,JJU
JNN,XEQ
JNS,UAK
JNS,JJU
JNU,ANC
JNU,AGN
JNU,ELV
JNU,GST
JNU,HNS
JNU,HNH
JNU,KAE
JNU,KTN
JNU,KLW
JNU,PEC
JNU,PSG
JNU,BFI
JNU,SEA
JNU,SIT
JNU,SGY
JNU,TKE
JNU,YAK
JNX,ATH
JNZ,CZX
JNZ,PVG
JNZ,WUH
JOE,HEL
JOG,BDO
JOG,HLP
JOG,SUB
JOI,VCP
JOI,POA
JOI,CGH
JOI,GRU
JOS,ABV
JOS,GMO
JOS,LOS
JPA,CNF
JPA,BSB
JPA,VCP
JPA,MCZ
JPA,REC
JPA,GIG
JPA,SSA
JPA,CGH
JPA,GRU
JPA,UDI
JPR,CGB
JPR,PVH
JQA,JAV
JQA,UMD
JRG,BLR
JRG,BBI
JRG,DEL
JRG,CCU
JRH,GAU
JRH,CCU
JRO,ADD
JRO,NBO
JRO,WIL
JRO,DOH
JRO,ARK
JRO,DAR
JRO,GTZ
JRO,LKY
JRO,MWZ
JRO,SEU
JRO,ZNZ
JRO,EBB
JSA,AMD
JSH,PVK
JSH,AXD
JSH,ATH
JSH,KSJ
JSI,ATH
JSJ,DLC
JSJ,HRB
JSR,DAC
JST,ORD
JST,RFD
JST,BNA
JST,IAD
JSU,SFJ
JSU,GOH
JSU,JHS
JSY,ATH
JTC,VCP
JTC,BPS
JTR,ATH
JTR,SKG
JTR,DUB
JTY,ATH
JTY,LRS
JUB,CAI
JUB,ADD
JUB,NBO
JUB,KRT
JUB,PZU
JUB,IST
JUB,EBB
JUB,DXB
JUH,PKX
JUH,TFU
JUH,CAN
JUH,SWA
JUH,JJN
JUH,SZX
JUH,XIY
JUH,HSN
JUJ,AEP
JUJ,EZE
JUJ,COR
JUJ,MDZ
JUJ,IGR
JUK,UMD
JUL,LIM
JUM,KEP
JUV,AOQ
JUV,JAV
JUV,IUI
JUV,KGQ
JUV,KHQ
JUV,NSQ
JUV,NAQ
JUV,TQA
JUV,UPK
JUZ,BHY
JUZ,PEK
JUZ,PKX
JUZ,TFU
JUZ,CKG
JUZ,CAN
JUZ,KWE
JUZ,HAK
JUZ,TNA
JUZ,KMG
JUZ,NNG
JUZ,TAO
JUZ,SZX
JUZ,TYN
JUZ,TSN
JUZ,XIY
JUZ,ZHA
JUZ,CGO
JUZ,HSN
JUZ,ZUH
JVL,PWK
JVL,DLH
JVL,GFL
JVL,MKC
JVL,EOK
JVL,APF
JVL,MCO
JVL,IAD
JVL,UES
JWN,MHD
JXA,PEK
JXA,PKX
JXA,TAO
JXA,SHE
JXA,YNT
JYR,IHR
JYR,THR
JYV,HEL
JYV,RVN
JZH,CTU
JZH,TFU
KAA,LUN
KAA,MNS
KAC,DAM
KAD,LOS
KAE,JNU
KAE,SIT
KAJ,HEL
KAL,GAL
KAN,CAI
KAN,ADD
KAN,ABV
KAN,LOS
KAN,JED
KAN,MED
KAO,HEL
KAO,KTT
KAO,FRA
KAO,LEJ
KAW,TVY
KAW,MGZ
KAW,RGN
KAZ,MDC
KBC,FAI
KBC,FYU
KBL,HEA
KBL,KDH
KBL,KHT
KBL,MZR
KBL,URC
KBL,DEL
KBL,MHD
KBL,IKA
KBL,KWI
KBL,ISB
KBL,SVO
KBL,JED
KBL,RUH
KBL,ESB
KBL,IST
KBL,AUH
KBL,DXB
KBL,SHJ
KBL,TAS
KBR,JHB
KBR,BKI
KBR,KUL
KBR,SZB
KBR,PEN
KBU,BDJ
KBV,CTU
KBV,CPH
KBV,KUL
KBV,SIN
KBV,ARN
KBV,DMK
KBV,BKK
KBV,CNX
KBV,USM
KBV,DXB
KCA,AKU
KCA,TFU
KCA,HTN
KCA,KHG
KCA,KRL
KCA,SHF
KCA,TLQ
KCA,URC
KCA,XIY
KCA,NLT
KCA,YIN
KCA,CGO
KCC,EDA
KCC,WWP
KCG,KCL
KCH,BWN
KCH,PVG
KCH,HKG
KCH,CGK
KCH,BTU
KCH,JHB
KCH,BKI
KCH,KUL
KCH,SZB
KCH,LBU
KCH,LMN
KCH,MYY
KCH,MKM
KCH,MZV
KCH,PEN
KCH,SBW
KCH,TGC
KCH,SIN
KCH,XSP
KCK,IKT
KCL,KCQ
KCM,ESB
KCM,IST
KCQ,KPV
KCT,WRZ
KCZ,FUK
KCZ,UKB
KCZ,NGO
KCZ,NKM
KCZ,ITM
KCZ,HND
KCZ,NRT
KCZ,TPE
KDH,KBL
KDH,JED
KDH,DXB
KDI,CGK
KDI,UPG
KDI,SUB
KDL,TLL
KDM,GKK
KDM,MLE
KDO,MLE
KDU,ISB
KDV,NAN
KDV,SUV
KEF,VIE
KEF,BRU
KEF,LGG
KEF,YYR
KEF,YHM
KEF,YYZ
KEF,YVR
KEF,PRG
KEF,BLL
KEF,CPH
KEF,FAE
KEF,HEL
KEF,CDG
KEF,ORY
KEF,BER
KEF,FRA
KEF,MUC
KEF,ATH
KEF,JAV
KEF,KUS
KEF,UAK
KEF,GOH
KEF,JHS
KEF,BUD
KEF,KEF
KEF,DUB
KEF,MXP
KEF,FCO
KEF,VRN
KEF,RIX
KEF,AMS
KEF,OSL
KEF,GDN
KEF,KTW
KEF,WAW
KEF,LIS
KEF,OPO
KEF,BCM
KEF,ALC
KEF,BCN
KEF,FUE
KEF,LPA
KEF,MAD
KEF,AGP
KEF,TFS
KEF,ARN
KEF,ZRH
KEF,BHX
KEF,BRS
KEF,EDI
KEF,GLA
KEF,LBA
KEF,LPL
KEF,LGW
KEF,LHR
KEF,LTN
KEF,STN
KEF,MAN
KEF,NCL
KEF,EMA
KEF,BWI
KEF,BOS
KEF,ORD
KEF,DEN
KEF,DTW
KEF,MSP
KEF,JFK
KEF,EWR
KEF,SWF
KEF,MCO
KEF,RDU
KEF,SEA
KEF,IAD
KEJ,KJA
KEJ,SVO
KEJ,VKO
KEJ,OVB
KEJ,AER
KEJ,LED
KEJ,UFA
KEJ,SVX
KEL,STN
KEM,HEL
KEM,KOK
KEO,ABJ
KEO,MJC
KEP,BJU
KEP,DOP
KEP,JUM
KEP,KTM
KEP,PKR
KEP,IMK
KER,IFN
KER,KSH
KER,KIH
KER,MHD
KER,SYZ
KER,THR
KER,BGW
KES,YTH
KET,HEH
KET,MDL
KET,NYT
KET,RGN
KEU,ASV
KEU,KIS
KEU,MBA
KEU,WIL
KEU,OLX
KEW,YVZ
KEW,YPM
KEW,YHP
KEW,YRL
KEW,ZSJ
KFE,KTA
KFE,PER
KFE,PHE
KFG,KTR
KFG,HOK
KFG,VCD
KFP,CDB
KFS,IST
KGA,FIH
KGA,KWZ
KGA,FBM
KGC,ADL
KGC,BWU
KGD,MSQ
KGD,ARH
KGD,EGO
KGD,CEE
KGD,IWA
KGD,KZN
KGD,LPK
KGD,DME
KGD,SVO
KGD,VKO
KGD,MMK
KGD,GOJ
KGD,OVB
KGD,PEE
KGD,PES
KGD,PKV
KGD,KUF
KGD,LED
KGD,VOZ
KGD,SVX
KGE,HIR
KGE,EGM
KGE,VAO
KGF,HKG
KGF,ALA
KGF,SVO
KGI,EPR
KGI,ZNE
KGI,PER
KGI,JAD
KGI,PUG
KGK,DLG
KGL,BJM
KGL,DLA
KGL,BZV
KGL,ADD
KGL,CDG
KGL,LBV
KGL,ACC
KGL,NBO
KGL,ABV
KGL,LOS
KGL,DOH
KGL,KME
KGL,JNB
KGL,DAR
KGL,JRO
KGL,GTZ
KGL,MWZ
KGL,SEU
KGL,EBB
KGL,DXB
KGL,LHR
KGL,IAD
KGL,LUN
KGL,HRE
KGP,VKO
KGP,PEE
KGP,KUF
KGP,UFA
KGQ,UPK
KGS,CGN
KGS,DUS
KGS,ATH
KGS,HER
KGS,JKL
KGS,RHO
KGS,SKG
KGT,CTU
KGX,MRI
KGX,SHX
KGY,QBA
KGY,KGY
KGY,MCY
KHD,THR
KHG,AKU
KHG,PEK
KHG,CTU
KHG,TFU
KHG,DAT
KHG,CAN
KHG,HTN
KHG,KRL
KHG,KCA
KHG,LHW
KHG,NKG
KHG,QSZ
KHG,NGQ
KHG,HQL
KHG,TWC
KHG,TLQ
KHG,URC
KHG,XIY
KHG,YIN
KHG,CGO
KHG,ISB
KHH,FOC
KHH,NKG
KHH,PVG
KHH,SZX
KHH,WUH
KHH,XMN
KHH,HKG
KHH,FUK
KHH,NGO
KHH,OKA
KHH,KIX
KHH,NRT
KHH,MFM
KHH,KUL
KHH,MNL
KHH,SIN
KHH,PUS
KHH,GMP
KHH,ICN
KHH,HUN
KHH,KNH
KHH,MZG
KHH,DMK
KHH,BKK
KHH,DAD
KHH,HAN
KHH,SGN
KHI,BAH
KHI,YYZ
KHI,PEK
KHI,KMG
KHI,NNG
KHI,ADD
KHI,IKA
KHI,NJF
KHI,AMM
KHI,KWI
KHI,KUL
KHI,MCT
KHI,GWD
KHI,ISB
KHI,LHE
KHI,MUX
KHI,PEW
KHI,UET
KHI,SKZ
KHI,TUK
KHI,DOH
KHI,DMM
KHI,JED
KHI,MED
KHI,RUH
KHI,CMB
KHI,DAM
KHI,BKK
KHI,IST
KHI,SAW
KHI,AUH
KHI,DXB
KHI,SHJ
KHM,MDL
KHN,LGG
KHN,PEK
KHN,PKX
KHN,CGQ
KHN,CTU
KHN,TFU
KHN,CIF
KHN,CKG
KHN,DLU
KHN,DLC
KHN,ENH
KHN,CAN
KHN,KWL
KHN,KWE
KHN,HAK
KHN,HGH
KHN,HRB
KHN,HET
KHN,HIA
KHN,SWA
KHN,TNA
KHN,JHG
KHN,JNG
KHN,KMG
KHN,LHW
KHN,LYG
KHN,LJG
KHN,LFQ
KHN,LYI
KHN,LYA
KHN,LZO
KHN,NKG
KHN,NNG
KHN,NNY
KHN,TAO
KHN,BAR
KHN,RIZ
KHN,SYX
KHN,SHA
KHN,PVG
KHN,SHE
KHN,SZX
KHN,TYN
KHN,TSN
KHN,WXN
KHN,XIY
KHN,XMN
KHN,XUZ
KHN,YNZ
KHN,YNT
KHN,INC
KHN,ZHA
KHN,HSN
KHN,ZUH
KHN,WMT
KHN,ALA
KHN,SIN
KHN,DMK
KHN,BKK
KHN,ANC
KHQ,NSQ
KHQ,JUV
KHS,MCT
KHT,KBL
KHT,AAN
KHV,PKX
KHV,HRB
KHV,DYR
KHV,BQS
KHV,BQG
KHV,HTA
KHV,NER
KHV,IKT
KHV,KJA
KHV,GDX
KHV,SVO
KHV,NLI
KHV,NGK
KHV,OVB
KHV,OHH
KHV,PKC
KHV,EKS
KHV,GVN
KHV,UUD
KHV,VVO
KHV,YKS
KHV,SVX
KHV,UUS
KHV,BKK
KHV,HKT
KHV,UTP
KHV,TAS
KHY,THR
KHZ,KXU
KID,VXO
KIF,YXL
KIF,YQT
KIF,WNN
KIH,IFN
KIH,KKS
KIH,KER
KIH,MHD
KIH,RAS
KIH,SRY
KIH,SYZ
KIH,TBZ
KIH,THR
KIH,JED
KIJ,HRB
KIJ,PVG
KIJ,FUK
KIJ,NKM
KIJ,OKA
KIJ,ITM
KIJ,KIX
KIJ,CTS
KIJ,OKD
KIJ,ICN
KIJ,TPE
KIK,IKA
KIK,BGW
KIK,ESB
KIK,IST
KIM,CPT
KIM,JNB
KIN,ANU
KIN,NAS
KIN,BGI
KIN,YYZ
KIN,GCM
KIN,HAV
KIN,SCU
KIN,CUR
KIN,SDQ
KIN,SAP
KIN,MBJ
KIN,SXM
KIN,PTY
KIN,POS
KIN,PLS
KIN,LGW
KIN,ATL
KIN,FLL
KIN,MIA
KIN,JFK
KIO,UIT
KIR,HHN
KIR,DUB
KIR,LTN
KIR,OXF
KIR,STN
KIR,MAN
KIS,EDL
KIS,KIS
KIS,HKR
KIS,MRE
KIS,KEU
KIS,MBA
KIS,NBO
KIS,WIL
KIS,OLX
KIS,EBB
KIT,ATH
KIX,BNE
KIX,CNS
KIX,PEK
KIX,PKX
KIX,CSX
KIX,CTU
KIX,TFU
KIX,CKG
KIX,DLC
KIX,FOC
KIX,CAN
KIX,HGH
KIX,HRB
KIX,HFE
KIX,HIA
KIX,TNA
KIX,NKG
KIX,NGB
KIX,TAO
KIX,PVG
KIX,SHE
KIX,SZX
KIX,SJW
KIX,TSN
KIX,WEH
KIX,WUH
KIX,WUX
KIX,XIY
KIX,XMN
KIX,YNZ
KIX,YNT
KIX,YIW
KIX,CGO
KIX,HEL
KIX,CDG
KIX,FRA
KIX,MUC
KIX,GUM
KIX,HKG
KIX,ASJ
KIX,FUK
KIX,ISG
KIX,KOJ
KIX,MMY
KIX,KMI
KIX,NGS
KIX,KIJ
KIX,OKA
KIX,CTS
KIX,SDJ
KIX,HND
KIX,NRT
KIX,MFM
KIX,KUL
KIX,AMS
KIX,MNL
KIX,DOH
KIX,SIN
KIX,PUS
KIX,CJJ
KIX,TAE
KIX,CJU
KIX,MWX
KIX,GMP
KIX,ICN
KIX,KHH
KIX,TPE
KIX,BKK
KIX,CNX
KIX,IST
KIX,AUH
KIX,DXB
KIX,DWC
KIX,ANC
KIX,HNL
KIX,IND
KIX,LAX
KIX,MEM
KIX,OAK
KIX,SFO
KIX,HAN
KIX,SGN
KJA,GYD
KJA,PKX
KJA,HRB
KJA,DSN
KJA,ALA
KJA,FRU
KJA,OSS
KJA,UBN
KJA,ABA
KJA,BAX
KJA,EYK
KJA,BQS
KJA,BGS
KJA,TGP
KJA,CEK
KJA,HTA
KJA,NER
KJA,RGK
KJA,IAA
KJA,IKT
KJA,KZN
KJA,KEJ
KJA,KHV
KJA,HTG
KJA,KYZ
KJA,ULK
KJA,GDX
KJA,MJZ
KJA,DME
KJA,SVO
KJA,VKO
KJA,NSK
KJA,NOZ
KJA,OVB
KJA,NUX
KJA,NOJ
KJA,AER
KJA,LED
KJA,SGC
KJA,TLK
KJA,TOF
KJA,THX
KJA,TJM
KJA,UFA
KJA,UUD
KJA,VVO
KJA,YKS
KJA,SVX
KJA,UUS
KJA,GOY
KJA,DYU
KJA,LBD
KJA,BKK
KJA,HKT
KJA,FEG
KJA,NMA
KJA,TAS
KJH,ACX
KJI,URC
KJK,INN
KJK,LNZ
KJK,SZG
KJK,KJK
KJK,BOD
KJK,CGN
KJK,BTS
KJK,ALC
KJK,BRN
KJT,BPN
KJT,DPS
KJT,KNO
KJT,KUL
KKA,OME
KKA,SKK
KKA,UNK
KKC,DMK
KKC,BKK
KKC,CNX
KKC,HKT
KKE,AKL
KKH,KKH
KKH,KWK
KKH,WTL
KKI,AKI
KKI,BET
KKJ,HND
KKJ,ICN
KKN,ALF
KKN,OSL
KKN,TOS
KKN,VDS
KKN,VAW
KKR,PPT
KKS,KIH
KKS,MHD
KKX,ASJ
KKX,KOJ
KLF,MSQ
KLF,BWE
KLF,MRV
KLF,VKO
KLF,MMK
KLF,AER
KLF,LED
KLF,SVX
KLG,ANI
KLG,BET
KLG,RSH
KLH,BLR
KLH,HYD
KLH,BOM
KLH,TIR
KLL,DLG
KLL,AKN
KLN,ADQ
KLO,PKX
KLO,TFU
KLO,MFM
KLO,MNL
KLO,ICN
KLR,BMA
KLS,PAE
KLU,VIE
KLU,QEW
KLU,RKE
KLU,KUT
KLU,ATH
KLU,STN
KLV,PRG
KLW,CGA
KLW,HYL
KLW,JNU
KLW,KTN
KLW,SIT
KLX,CPH
KLX,HEL
KLX,NCE
KLX,MUC
KLX,SKG
KLX,ARN
KLX,ZRH
KME,KGL
KMG,DAC
KMG,PNH
KMG,SAI
KMG,AQG
KMG,BSD
KMG,BAV
KMG,BZX
KMG,PEK
KMG,PKX
KMG,CWJ
KMG,CGD
KMG,CSX
KMG,CZX
KMG,CTU
KMG,TFU
KMG,HCZ
KMG,CKG
KMG,DLU
KMG,DLC
KMG,DAT
KMG,DZH
KMG,ENH
KMG,EHU
KMG,FUG
KMG,FOC
KMG,KOW
KMG,GYS
KMG,CAN
KMG,HAK
KMG,HDG
KMG,HGH
KMG,HFE
KMG,HNY
KMG,HET
KMG,HIA
KMG,HJJ
KMG,TXN
KMG,HYN
KMG,HUZ
KMG,JGS
KMG,SWA
KMG,TNA
KMG,JDZ
KMG,JHG
KMG,SHS
KMG,JNG
KMG,JMJ
KMG,LHW
KMG,LXA
KMG,LYG
KMG,LJG
KMG,LNJ
KMG,LFQ
KMG,LYI
KMG,LCX
KMG,LZO
KMG,LLV
KMG,LUM
KMG,MIG
KMG,KHN
KMG,NAO
KMG,NKG
KMG,NNG
KMG,NTG
KMG,NNY
KMG,NGB
KMG,NLH
KMG,SYM
KMG,JIQ
KMG,TAO
KMG,BAR
KMG,JJN
KMG,JUZ
KMG,SQJ
KMG,SYX
KMG,SHA
KMG,PVG
KMG,DIG
KMG,SHE
KMG,SZX
KMG,SJW
KMG,WDS
KMG,TYN
KMG,TVS
KMG,TCZ
KMG,TSN
KMG,URC
KMG,WXN
KMG,WNH
KMG,WNZ
KMG,WUH
KMG,WUX
KMG,XIY
KMG,XMN
KMG,XFN
KMG,XNN
KMG,WUT
KMG,XUZ
KMG,ENY
KMG,YNZ
KMG,YTY
KMG,YNT
KMG,YBP
KMG,YIH
KMG,INC
KMG,YIW
KMG,YYA
KMG,UYN
KMG,YCU
KMG,ZHA
KMG,ZAT
KMG,CGO
KMG,ZUH
KMG,WMT
KMG,HKG
KMG,BLR
KMG,MAA
KMG,DEL
KMG,CCU
KMG,BOM
KMG,CGK
KMG,MDC
KMG,NRT
KMG,VTE
KMG,KUL
KMG,MDL
KMG,RGN
KMG,KTM
KMG,KHI
KMG,LHE
KMG,SIN
KMG,ICN
KMG,CMB
KMG,DMK
KMG,BKK
KMG,CNX
KMG,HKT
KMG,DXB
KMG,HAN
KMG,SGN
KMG,CXR
KMI,FUK
KMI,NGO
KMI,OKA
KMI,ITM
KMI,KIX
KMI,HND
KMI,NRT
KMI,ICN
KMJ,HKG
KMJ,AXJ
KMJ,NGO
KMJ,NKM
KMJ,OKA
KMJ,ITM
KMJ,HND
KMJ,NRT
KMJ,ICN
KMJ,TPE
KMO,CLP
KMQ,PVG
KMQ,FUK
KMQ,OKA
KMQ,CTS
KMQ,HND
KMQ,ICN
KMQ,TPE
KMQ,ORD
KMS,ACC
KMU,WIL
KMU,WJR
KMU,MGQ
KMV,MDL
KMV,NYW
KMV,RGN
KMW,KZN
KMW,LED
KMY,ALZ
KND,GOM
KND,FIH
KND,FKI
KNG,SOQ
KNH,CYI
KNH,KHH
KNH,MZG
KNH,RMQ
KNH,TNN
KNH,TSA
KNO,BPN
KNO,BTJ
KNO,BDO
KNO,BTH
KNO,GNS
KNO,HLP
KNO,CGK
KNO,LSW
KNO,KJT
KNO,MEQ
KNO,PDG
KNO,PLM
KNO,PKU
KNO,FLZ
KNO,LKI
KNO,YIA
KNO,KUL
KNO,PEN
KNO,DOH
KNO,MED
KNO,SIN
KNO,DMK
KNQ,GEA
KNS,BWT
KNS,HBA
KNS,LST
KNS,MEL
KNS,MEB
KNS,MBW
KNU,BLR
KNU,DEL
KNU,BOM
KNW,DLG
KNX,BQW
KNX,BME
KNX,DRW
KNX,HCQ
KNX,UBU
KNX,PER
KNX,PKT
KNX,TKY
KNX,WYN
KOA,YYC
KOA,YVR
KOA,HND
KOA,NOU
KOA,ANC
KOA,ORD
KOA,DEN
KOA,ITO
KOA,HNL
KOA,OGG
KOA,LNY
KOA,LAS
KOA,LIH
KOA,LAX
KOA,OAK
KOA,PHX
KOA,PDX
KOA,SBD
KOA,SAN
KOA,SFO
KOA,SJC
KOA,SEA
KOC,BMY
KOC,GEA
KOE,ARD
KOE,ABU
KOE,BJW
KOE,DPS
KOE,ENE
KOE,CGK
KOE,LBJ
KOE,LKA
KOE,LWE
KOE,UPG
KOE,MOF
KOE,RTI
KOE,RTG
KOE,SAU
KOE,SUB
KOE,TMC
KOE,WGP
KOI,ABZ
KOI,DND
KOI,EDI
KOI,GLA
KOI,INV
KOI,LSI
KOJ,HKG
KOJ,ASJ
KOJ,FUK
KOJ,KKX
KOJ,UKB
KOJ,MYJ
KOJ,NGO
KOJ,OKE
KOJ,OKA
KOJ,ITM
KOJ,KIX
KOJ,FSZ
KOJ,TNE
KOJ,TKN
KOJ,HND
KOJ,NRT
KOJ,KUM
KOJ,RNJ
KOJ,ICN
KOK,HEL
KOK,KEM
KOK,LUG
KOP,DMK
KOS,SAI
KOS,CAN
KOS,SGN
KOT,AUK
KOT,ANC
KOT,BET
KOT,EMK
KOT,UNK
KOV,SCO
KOV,ALA
KOV,CIT
KOW,PEK
KOW,PKX
KOW,CSX
KOW,TFU
KOW,CKG
KOW,KWE
KOW,HAK
KOW,HGH
KOW,HRB
KOW,HFE
KOW,TNA
KOW,JHG
KOW,KMG
KOW,NKG
KOW,NNG
KOW,NGB
KOW,SYX
KOW,SHA
KOW,PVG
KOW,TSN
KOW,XIY
KOW,ZHA
KOW,CGO
KOW,ZUH
KOY,KMY
KOZ,ADQ
KPB,PPV
KPN,BET
KPN,CYF
KPO,CJU
KPO,GMP
KPR,ADQ
KPS,TMW
KPV,PTH
KPW,GDX
KPY,UGI
KQA,DUT
KQH,LKO
KQH,NAG
KQH,PNQ
KQH,STV
KQT,OSW
KRB,ONG
KRB,NTN
KRF,GEV
KRF,ARN
KRK,TIA
KRK,VIE
KRK,CRL
KRK,ZAD
KRK,LCA
KRK,PFO
KRK,PRG
KRK,BLL
KRK,CPH
KRK,HEL
KRK,BSL
KRK,LIL
KRK,MRS
KRK,NCE
KRK,BVA
KRK,CDG
KRK,LBG
KRK,TLS
KRK,BER
KRK,CGN
KRK,DTM
KRK,DUS
KRK,FRA
KRK,FMM
KRK,MUC
KRK,ATH
KRK,SKG
KRK,BUD
KRK,DUB
KRK,SNN
KRK,TLV
KRK,BRI
KRK,BLQ
KRK,CAG
KRK,CTA
KRK,SUF
KRK,BGY
KRK,MXP
KRK,NAP
KRK,PMO
KRK,PSR
KRK,PSA
KRK,CIA
KRK,FCO
KRK,TRN
KRK,TSF
KRK,RIX
KRK,LUX
KRK,MLA
KRK,TGD
KRK,AGA
KRK,AMS
KRK,EIN
KRK,BGO
KRK,OSL
KRK,TRF
KRK,SVG
KRK,TRD
KRK,BZG
KRK,GDN
KRK,KRK
KRK,SZY
KRK,POZ
KRK,RZE
KRK,SZZ
KRK,WAW
KRK,LIS
KRK,OPO
KRK,BEG
KRK,KSC
KRK,ALC
KRK,BCN
KRK,FUE
KRK,GRO
KRK,LPA
KRK,MAD
KRK,AGP
KRK,SVQ
KRK,TFS
KRK,VLC
KRK,GOT
KRK,ARN
KRK,ACH
KRK,ZRH
KRK,ESB
KRK,AYT
KRK,IST
KRK,ISL
KRK,AUH
KRK,DXB
KRK,BFS
KRK,BHX
KRK,BOH
KRK,BRS
KRK,EDI
KRK,GLA
KRK,LBA
KRK,LPL
KRK,LGW
KRK,LHR
KRK,LTN
KRK,STN
KRK,MAN
KRK,NCL
KRK,EMA
KRK,ORD
KRL,AKU
KRL,AAT
KRL,ACF
KRL,PEK
KRL,PKX
KRL,BPL
KRL,TFU
KRL,CKG
KRL,HMI
KRL,HTN
KRL,KRY
KRL,KHG
KRL,KCA
KRL,LHW
KRL,IQM
KRL,RQA
KRL,QSZ
KRL,SHF
KRL,SJW
KRL,TWC
KRL,TLQ
KRL,URC
KRL,XIY
KRL,YIN
KRL,YTW
KRL,CGO
KRN,DUS
KRN,GEV
KRN,ARN
KRO,DME
KRO,AER
KRO,LED
KRO,SGC
KRP,ZAG
KRP,CPH
KRP,STR
KRR,FRU
KRR,SVO
KRR,VKO
KRR,KUF
KRR,LED
KRR,SVX
KRS,CPH
KRS,AMS
KRS,BGO
KRS,OSL
KRT,NBO
KRT,JUB
KRT,EGN
KRT,UYL
KRT,PZU
KRT,DAM
KRW,MSQ
KRW,ASB
KRW,TAZ
KRY,AKU
KRY,AAT
KRY,PEK
KRY,TFU
KRY,KRL
KRY,TCG
KRY,TLQ
KRY,URC
KRY,XIY
KRY,YIN
KRY,ZFL
KSA,KWA
KSA,PNI
KSC,VIE
KSC,PRG
KSC,HRG
KSC,LEJ
KSC,WAW
KSC,ZRH
KSC,LPL
KSC,LTN
KSC,STN
KSD,BMA
KSE,EBB
KSE,JIN
KSE,MBQ
KSF,SGD
KSF,HRG
KSF,LBG
KSF,STR
KSF,FUE
KSF,LPA
KSF,TFS
KSF,AYT
KSH,PGU
KSH,KER
KSH,MHD
KSH,TBZ
KSH,THR
KSJ,AOK
KSJ,JSH
KSM,ANC
KSM,MOU
KSM,PQS
KSN,ALA
KSN,NQZ
KSO,ATH
KSO,KZI
KSO,SKG
KSQ,DME
KSQ,VKO
KSQ,TAS
KSR,UPG
KSU,BGO
KSU,OSL
KSY,ESB
KSY,IST
KSY,SAW
KSY,ADB
KSZ,LED
KTA,EXM
KTA,GET
KTA,KTA
KTA,LEA
KTA,PER
KTA,JAD
KTA,PHE
KTB,CGA
KTD,MMD
KTD,OKA
KTG,PNK
KTG,SRG
KTL,WIL
KTM,DAC
KTM,PBH
KTM,PKX
KTM,CTU
KTM,TFU
KTM,CKG
KTM,CAN
KTM,KMG
KTM,LXA
KTM,TAO
KTM,PVG
KTM,KDN
KTM,HKG
KTM,BLR
KTM,DEL
KTM,CCU
KTM,BOM
KTM,VNS
KTM,NRT
KTM,KWI
KTM,KUL
KTM,BDP
KTM,BHR
KTM,BHP
KTM,BIR
KTM,DHI
KTM,JKR
KTM,KTM
KTM,KEP
KTM,PPL
KTM,PKR
KTM,RJB
KTM,BWA
KTM,SIF
KTM,TPJ
KTM,SKH
KTM,DNP
KTM,TMI
KTM,DOH
KTM,DMM
KTM,RUH
KTM,SIN
KTM,ICN
KTM,CMB
KTM,DMK
KTM,BKK
KTM,IST
KTM,AUH
KTM,DXB
KTM,SHJ
KTN,ANC
KTN,KCC
KTN,HYG
KTN,WHD
KTN,JNU
KTN,KXA
KTN,KLW
KTN,MTM
KTN,PSG
KTN,KPB
KTN,SEA
KTN,SIT
KTN,KTB
KTN,WRG
KTR,CNS
KTR,DRW
KTR,KFG
KTR,RPM
KTR,NUB
KTR,TCA
KTS,OME
KTS,TLA
KTS,WAA
KTT,BRU
KTT,HEL
KTT,IVL
KTT,TMP
KTT,CDG
KTT,DUS
KTT,MUC
KTT,AMS
KTW,CRL
KTW,BVC
KTW,LCA
KTW,PFO
KTW,CPH
KTW,HRG
KTW,RMF
KTW,SSH
KTW,CDG
KTW,KUT
KTW,CGN
KTW,DTM
KTW,FRA
KTW,LEJ
KTW,FMM
KTW,ATH
KTW,KEF
KTW,DUB
KTW,CTA
KTW,FRL
KTW,BGY
KTW,MXP
KTW,NAP
KTW,CIA
KTW,KUN
KTW,MLA
KTW,EIN
KTW,BGO
KTW,OSL
KTW,TRF
KTW,POZ
KTW,WAW
KTW,FNC
KTW,ALC
KTW,BCN
KTW,FUE
KTW,LPA
KTW,AGP
KTW,TFS
KTW,LDK
KTW,DJE
KTW,AYT
KTW,AUH
KTW,DWC
KTW,RKT
KTW,LPL
KTW,LTN
KTW,STN
KTW,PMV
KUA,KUL
KUA,SIN
KUC,TRW
KUF,EVN
KUF,GYD
KUF,SSH
KUF,TBS
KUF,OSS
KUF,CEK
KUF,KGD
KUF,KZN
KUF,KGP
KUF,KRR
KUF,IGT
KUF,MCX
KUF,MRV
KUF,DME
KUF,SVO
KUF,VKO
KUF,NJC
KUF,GOJ
KUF,OVB
KUF,NUX
KUF,AER
KUF,LED
KUF,SGC
KUF,RMZ
KUF,TOF
KUF,TJM
KUF,IAR
KUF,SVX
KUF,DYU
KUF,LBD
KUF,HKT
KUF,IST
KUF,DXB
KUF,SHJ
KUF,NMA
KUF,SKD
KUF,TAS
KUG,BDD
KUG,HID
KUG,UBB
KUG,XMY
KUG,OKR
KUH,CTS
KUH,OKD
KUH,HND
KUK,BET
KUK,NUP
KUL,ADL
KUL,MEL
KUL,PER
KUL,SYD
KUL,DAC
KUL,BWN
KUL,PNH
KUL,SAI
KUL,PEK
KUL,PKX
KUL,CSX
KUL,TFU
KUL,CKG
KUL,DYG
KUL,FOC
KUL,CAN
KUL,KWL
KUL,KWE
KUL,HAK
KUL,HGH
KUL,HIA
KUL,SWA
KUL,KMG
KUL,NNG
KUL,NTG
KUL,TAO
KUL,JJN
KUL,PVG
KUL,SZX
KUL,XIY
KUL,XMN
KUL,CGO
KUL,HKG
KUL,AMD
KUL,ATQ
KUL,BLR
KUL,MAA
KUL,COK
KUL,DEL
KUL,HYD
KUL,CCU
KUL,BOM
KUL,TRZ
KUL,TRV
KUL,BPN
KUL,BTJ
KUL,BTH
KUL,DPS
KUL,CGK
KUL,LOP
KUL,KJT
KUL,UPG
KUL,KNO
KUL,PDG
KUL,PKU
KUL,SUB
KUL,YIA
KUL,BGW
KUL,KIX
KUL,CTS
KUL,HND
KUL,NRT
KUL,ALA
KUL,MFM
KUL,AOR
KUL,BTU
KUL,JHB
KUL,KBR
KUL,BKI
KUL,TGG
KUL,KUA
KUL,KCH
KUL,LBU
KUL,LGK
KUL,MYY
KUL,PEN
KUL,SDK
KUL,SBW
KUL,TWU
KUL,MLE
KUL,MRU
KUL,RGN
KUL,KTM
KUL,BWA
KUL,AMS
KUL,AKL
KUL,MCT
KUL,ISB
KUL,KHI
KUL,LHE
KUL,ROR
KUL,MNL
KUL,DOH
KUL,JED
KUL,MED
KUL,SIN
KUL,PUS
KUL,ICN
KUL,CMB
KUL,KHH
KUL,TPE
KUL,DMK
KUL,BKK
KUL,CNX
KUL,HDY
KUL,KBV
KUL,HKT
KUL,IST
KUL,SAW
KUL,ASB
KUL,AUH
KUL,DXB
KUL,DWC
KUL,SHJ
KUL,LHR
KUL,TAS
KUL,DAD
KUL,HAN
KUL,SGN
KUL,CXR
KUL,PQC
KUM,FUK
KUM,KOJ
KUM,ITM
KUN,PFO
KUN,PRG
KUN,CPH
KUN,CGN
KUN,DUB
KUN,SNN
KUN,BLQ
KUN,BGY
KUN,MXP
KUN,RIX
KUN,SQQ
KUN,AES
KUN,BGO
KUN,GDN
KUN,BTS
KUN,ALC
KUN,MAD
KUN,AGP
KUN,VIT
KUN,GOT
KUN,ARN
KUN,BRS
KUN,EDI
KUN,LPL
KUN,LTN
KUN,STN
KUO,HEL
KUO,LPA
KUS,JAV
KUS,GOH
KUS,AGM
KUS,KEF
KUT,VIE
KUT,MSQ
KUT,CRL
KUT,LCA
KUT,PRG
KUT,CPH
KUT,BVA
KUT,BER
KUT,DTM
KUT,HAM
KUT,FMM
KUT,ATH
KUT,SKG
KUT,BUD
KUT,MXP
KUT,FCO
KUT,SCO
KUT,ALA
KUT,NQZ
KUT,GUW
KUT,RIX
KUT,VNO
KUT,KTW
KUT,KRK
KUT,POZ
KUT,WAW
KUT,DME
KUT,BCN
KUT,MAD
KUT,SAW
KUT,AUH
KUU,ATQ
KUU,DEL
KUV,CJU
KUZ,AGM
KVA,STR
KVA,ATH
KVC,CDB
KVG,HKN
KVG,LNV
KVG,MAS
KVG,POM
KVG,RAB
KVK,KZN
KVK,DME
KVK,SVO
KVK,LED
KVL,OTZ
KVL,WTK
KVO,IST
KVR,VVO
KVX,KZN
KVX,SVO
KVX,VKO
KVX,NNM
KVX,AER
KVX,LED
KWA,AIC
KWA,EAL
KWA,MJE
KWA,MAJ
KWA,WJA
KWA,WTO
KWA,KSA
KWA,PNI
KWE,AQG
KWE,AEB
KWE,BAV
KWE,PEK
KWE,PKX
KWE,CGD
KWE,CSX
KWE,CZX
KWE,TFU
KWE,DZH
KWE,ENH
KWE,EHU
KWE,FUG
KWE,FOC
KWE,KOW
KWE,CAN
KWE,HAK
KWE,HGH
KWE,HZG
KWE,HFE
KWE,HNY
KWE,HET
KWE,HIA
KWE,HYN
KWE,HUZ
KWE,JGS
KWE,SWA
KWE,TNA
KWE,JHG
KWE,SHS
KWE,JNG
KWE,LHW
KWE,LXA
KWE,LYG
KWE,LJG
KWE,LPF
KWE,LNL
KWE,LZO
KWE,LLV
KWE,LUM
KWE,KHN
KWE,NKG
KWE,NTG
KWE,NGB
KWE,TAO
KWE,IQN
KWE,BAR
KWE,JJN
KWE,JUZ
KWE,SYX
KWE,SHA
KWE,PVG
KWE,SZX
KWE,SJW
KWE,TYN
KWE,TSN
KWE,TEN
KWE,URC
KWE,WXN
KWE,WNZ
KWE,WUH
KWE,WHA
KWE,WUX
KWE,XIY
KWE,XMN
KWE,XIC
KWE,ACX
KWE,XNN
KWE,XUZ
KWE,ENY
KWE,YNZ
KWE,YTY
KWE,YIH
KWE,YIC
KWE,INC
KWE,YIW
KWE,YYA
KWE,UYN
KWE,YCU
KWE,ZHA
KWE,CGO
KWE,ZUH
KWE,WMT
KWE,CCU
KWE,KUL
KWE,DMK
KWE,BKK
KWE,HKT
KWI,KBL
KWI,GYD
KWI,BAH
KWI,DAC
KWI,SOF
KWI,CAN
KWI,HBE
KWI,ATZ
KWI,CAI
KWI,SPX
KWI,LXR
KWI,HMB
KWI,ADD
KWI,CDG
KWI,TBS
KWI,FRA
KWI,MUC
KWI,ATH
KWI,SKG
KWI,HKG
KWI,AMD
KWI,BLR
KWI,MAA
KWI,COK
KWI,DEL
KWI,HYD
KWI,CNN
KWI,CCJ
KWI,IXE
KWI,BOM
KWI,TRZ
KWI,TRV
KWI,IFN
KWI,LRR
KWI,MHD
KWI,SYZ
KWI,IKA
KWI,NJF
KWI,MXP
KWI,FCO
KWI,AMM
KWI,ALA
KWI,FRU
KWI,OSS
KWI,BEY
KWI,CMN
KWI,KTM
KWI,AMS
KWI,MCT
KWI,ISB
KWI,KHI
KWI,LHE
KWI,SKT
KWI,MNL
KWI,DOH
KWI,DME
KWI,DMM
KWI,HAS
KWI,JED
KWI,MED
KWI,RUH
KWI,TIF
KWI,BCN
KWI,MAD
KWI,CMB
KWI,GVA
KWI,DAM
KWI,DYU
KWI,BKK
KWI,IST
KWI,SAW
KWI,TZX
KWI,AUH
KWI,DXB
KWI,DWC
KWI,SHJ
KWI,LHR
KWI,MAN
KWI,JFK
KWI,NMA
KWI,SKD
KWI,TAS
KWJ,CJU
KWJ,GMP
KWK,BET
KWK,KKH
KWL,BHY
KWL,PEK
KWL,PKX
KWL,TFU
KWL,FOC
KWL,HAK
KWL,HGH
KWL,HFE
KWL,SWA
KWL,TNA
KWL,LHW
KWL,LJG
KWL,LYI
KWL,LYA
KWL,KHN
KWL,NKG
KWL,NGB
KWL,SYX
KWL,PVG
KWL,SJW
KWL,TYN
KWL,TSN
KWL,WNZ
KWL,XIY
KWL,XMN
KWL,XNN
KWL,CGO
KWL,CGK
KWL,KUL
KWL,BKK
KWM,CNS
KWM,CTN
KWM,NTN
KWM,EDR
KWN,BET
KWN,EEK
KWP,ADQ
KWT,KKI
KWT,BET
KWZ,KGA
KWZ,FBM
KWZ,MJM
KXF,SUV
KXU,PPT
KYA,CPH
KYA,AMS
KYA,IST
KYA,SAW
KYA,ADB
KYI,CED
KYK,ADQ
KYP,RGN
KYS,BKO
KYU,GAL
KYZ,KJA
KYZ,DME
KYZ,OVB
KYZ,UUD
KZB,AOS
KZI,ATH
KZI,KSO
KZN,EVN
KZN,GYD
KZN,MSQ
KZN,SSH
KZN,TBS
KZN,ALA
KZN,NQZ
KZN,DMB
KZN,FRU
KZN,OSS
KZN,KVK
KZN,OGZ
KZN,CEK
KZN,CEE
KZN,RGK
KZN,GRV
KZN,IKT
KZN,KGD
KZN,HMA
KZN,KVX
KZN,KMW
KZN,KJA
KZN,MCX
KZN,MRV
KZN,DME
KZN,SVO
KZN,VKO
KZN,NNM
KZN,GOJ
KZN,NOZ
KZN,OVB
KZN,NUX
KZN,OMS
KZN,REN
KZN,PEE
KZN,SLY
KZN,KUF
KZN,SKX
KZN,AER
KZN,LED
KZN,SGC
KZN,SCW
KZN,RMZ
KZN,TOF
KZN,TJM
KZN,UFA
KZN,IAR
KZN,SVX
KZN,BEG
KZN,HRI
KZN,DYU
KZN,LBD
KZN,HKT
KZN,AYT
KZN,IST
KZN,SAW
KZN,ASB
KZN,DXB
KZN,SHJ
KZN,FEG
KZN,SKD
KZN,TAS
KZO,ALA
KZO,NQZ
KZR,IST
KZS,RHO
LAA,CGZ
LAA,DEN
LAA,PUB
LAD,CAB
LAD,CBT
LAD,DUE
LAD,NOV
LAD,SDD
LAD,LUO
LAD,SPP
LAD,MSZ
LAD,VPE
LAD,VHC
LAD,SZA
LAD,GRU
LAD,PNR
LAD,FIH
LAD,ADD
LAD,CDG
LAD,LBV
LAD,FRA
LAD,CMN
LAD,MPM
LAD,WDH
LAD,LOS
LAD,LIS
LAD,OPO
LAD,DOH
LAD,TMS
LAD,CPT
LAD,JNB
LAD,LFW
LAD,IST
LAD,DXB
LAE,HKN
LAE,MAS
LAE,MAG
LAE,POM
LAE,RAB
LAF,ATW
LAF,CHS
LAF,GYY
LAF,CXO
LAF,FWA
LAF,ENW
LAF,NHK
LAF,PNE
LAF,ILN
LAH,MDC
LAH,TTE
LAK,YEV
LAL,PDK
LAL,AUS
LAL,CHS
LAL,CVG
LAL,DEN
LAL,AFW
LAL,LAL
LAL,LEE
LAL,MCF
LAL,MTH
LAL,MRK
LAL,MLB
LAL,TMB
LAL,OPF
LAL,MSP
LAL,BNA
LAL,SFB
LAL,PHX
LAL,PIT
LAL,PNC
LAL,SAT
LAL,PIE
LAL,SUA
LAL,TEB
LAL,TOL
LAL,ILN
LAN,PUJ
LAN,MBJ
LAN,CUN
LAN,CAD
LAN,CID
LAN,CLT
LAN,MDW
LAN,ORD
LAN,DTW
LAN,ESC
LAN,GLR
LAN,GPT
LAN,CMX
LAN,IMT
LAN,IWD
LAN,AZO
LAN,LNS
LAN,SDF
LAN,MQT
LAN,MCO
LAN,MBS
LAN,CIU
LAN,SMD
LAN,TVC
LAN,DCA
LAO,CEB
LAO,MNL
LAP,CUU
LAP,CEN
LAP,CUL
LAP,GDL
LAP,HMO
LAP,LTO
LAP,LMM
LAP,MZT
LAP,NLU
LAP,MEX
LAP,MTY
LAP,TIJ
LAQ,MJI
LAQ,JED
LAR,DEN
LAR,FCA
LAR,ECS
LAR,RIW
LAS,YYC
LAS,YEG
LAS,YKA
LAS,YLW
LAS,YUL
LAS,YOW
LAS,YQR
LAS,YXE
LAS,YYZ
LAS,YVR
LAS,YYJ
LAS,YKF
LAS,YWG
LAS,FRA
LAS,CSL
LAS,GDL
LAS,MEX
LAS,MTY
LAS,PVR
LAS,SJD
LAS,ZIH
LAS,AMS
LAS,PTY
LAS,ICN
LAS,LHR
LAS,CAK
LAS,ABQ
LAS,AMA
LAS,ANC
LAS,ATW
LAS,AVL
LAS,ASE
LAS,ATL
LAS,AUS
LAS,EDC
LAS,BWI
LAS,BLV
LAS,BLI
LAS,XNA
LAS,BIL
LAS,BHM
LAS,BIS
LAS,BOI
LAS,BOS
LAS,BLD
LAS,BZN
LAS,BUF
LAS,BUR
LAS,CSN
LAS,CDC
LAS,CID
LAS,CHS
LAS,CLT
LAS,MDW
LAS,ORD
LAS,RFD
LAS,CVG
LAS,CLE
LAS,COS
LAS,CMH
LAS,CCR
LAS,ADS
LAS,DFW
LAS,DAL
LAS,APA
LAS,DEN
LAS,BJC
LAS,DSM
LAS,VPS
LAS,DTW
LAS,EGE
LAS,ELP
LAS,EUG
LAS,PAE
LAS,FAR
LAS,FNT
LAS,FLL
LAS,FWA
LAS,AFW
LAS,FAT
LAS,GFK
LAS,GRI
LAS,GJT
LAS,GRR
LAS,GTF
LAS,GPT
LAS,SUN
LAS,HWD
LAS,HNL
LAS,QSE
LAS,IAH
LAS,HOU
LAS,HSV
LAS,IDA
LAS,IND
LAS,JAX
LAS,OGG
LAS,FCA
LAS,MCI
LAS,TYS
LAS,KOA
LAS,HII
LAS,LRD
LAS,LEX
LAS,LIH
LAS,LIT
LAS,LVK
LAS,LGB
LAS,LAX
LAS,SDF
LAS,LBB
LAS,MFE
LAS,MFR
LAS,MEM
LAS,MCE
LAS,MIA
LAS,OPF
LAS,MAF
LAS,MKE
LAS,MSP
LAS,MOT
LAS,MSO
LAS,MLI
LAS,MRY
LAS,BNA
LAS,MSY
LAS,JFK
LAS,EWR
LAS,ORF
LAS,OAK
LAS,OKC
LAS,OMA
LAS,ONT
LAS,MCO
LAS,PSP
LAS,PSC
LAS,PIA
LAS,PHL
LAS,PHX
LAS,PIT
LAS,PDX
LAS,PVU
LAS,PUW
LAS,RDU
LAS,RAP
LAS,RDM
LAS,RNO
LAS,RIC
LAS,SMF
LAS,MCC
LAS,SAD
LAS,SLE
LAS,SLC
LAS,SAT
LAS,SAN
LAS,CLD
LAS,SFO
LAS,SJC
LAS,SBP
LAS,SNA
LAS,SBA
LAS,SMX
LAS,STS
LAS,SCF
LAS,BFI
LAS,SEA
LAS,SHV
LAS,FSD
LAS,SBN
LAS,RSW
LAS,GEG
LAS,SGF
LAS,SGU
LAS,STL
LAS,SCK
LAS,SGR
LAS,SYR
LAS,TPA
LAS,TEB
LAS,TRM
LAS,TUS
LAS,TUL
LAS,TYR
LAS,VNY
LAS,IAD
LAS,DCA
LAS,UES
LAS,PBI
LAS,ICT
LAS,BDL
LAU,MYD
LAU,MBA
LAU,NBO
LAW,DFW
LAW,FTW
LAW,SAF
LAX,BNE
LAX,MEL
LAX,SYD
LAX,NAS
LAX,BRU
LAX,BZE
LAX,GRU
LAX,YYC
LAX,YEG
LAX,YUL
LAX,YYZ
LAX,YVR
LAX,YWG
LAX,GCM
LAX,SCL
LAX,PEK
LAX,TFU
LAX,CAN
LAX,NKG
LAX,TAO
LAX,PVG
LAX,SZX
LAX,TYN
LAX,XMN
LAX,LIR
LAX,SJO
LAX,CPH
LAX,SAL
LAX,NAN
LAX,HEL
LAX,CDG
LAX,PPT
LAX,FRA
LAX,LEJ
LAX,MUC
LAX,GUA
LAX,HKG
LAX,DUB
LAX,TLV
LAX,MXP
LAX,FCO
LAX,KKJ
LAX,KIX
LAX,HND
LAX,NRT
LAX,LUX
LAX,AGU
LAX,CUN
LAX,GDL
LAX,LTO
LAX,ZLO
LAX,MZT
LAX,NLU
LAX,MEX
LAX,NTR
LAX,MTY
LAX,MLM
LAX,OAX
LAX,PVR
LAX,SJD
LAX,BJX
LAX,UPN
LAX,ZCL
LAX,ZIH
LAX,AMS
LAX,AKL
LAX,PTY
LAX,LIM
LAX,MNL
LAX,DOH
LAX,SIN
LAX,ICN
LAX,BCN
LAX,MAD
LAX,ZRH
LAX,TPE
LAX,IST
LAX,DXB
LAX,PIK
LAX,LGW
LAX,LHR
LAX,ABQ
LAX,ANC
LAX,ACV
LAX,ASE
LAX,PDK
LAX,ATL
LAX,AUS
LAX,BWI
LAX,BLI
LAX,XNA
LAX,BHM
LAX,BOI
LAX,BOS
LAX,BZN
LAX,BUF
LAX,CLT
LAX,MDW
LAX,ORD
LAX,RFD
LAX,CVG
LAX,CLE
LAX,CMH
LAX,DFW
LAX,DAL
LAX,DEN
LAX,DTW
LAX,EGE
LAX,ELP
LAX,EUG
LAX,PAE
LAX,FLL
LAX,AFW
LAX,FAT
LAX,SUN
LAX,HDN
LAX,HNL
LAX,IAH
LAX,HOU
LAX,IPL
LAX,IND
LAX,JAC
LAX,OGG
LAX,MCI
LAX,KOA
LAX,LAS
LAX,HSH
LAX,LIH
LAX,SDF
LAX,MFR
LAX,MEM
LAX,MIA
LAX,OPF
LAX,MSP
LAX,MRY
LAX,MTJ
LAX,NUQ
LAX,BNA
LAX,MSY
LAX,JFK
LAX,EWR
LAX,ORF
LAX,OAK
LAX,OKC
LAX,OMA
LAX,MCO
LAX,PSP
LAX,PMD
LAX,PHL
LAX,PHX
LAX,PIT
LAX,PDX
LAX,PRC
LAX,PVU
LAX,RDU
LAX,RDD
LAX,RDM
LAX,RNO
LAX,RIC
LAX,SMF
LAX,SLC
LAX,SAT
LAX,SAN
LAX,CLD
LAX,SFO
LAX,SJC
LAX,SBP
LAX,SBA
LAX,STS
LAX,SCF
LAX,BFI
LAX,SEA
LAX,RSW
LAX,GEG
LAX,SGF
LAX,STL
LAX,TPA
LAX,TEB
LAX,TUS
LAX,TUL
LAX,VNY
LAX,IAD
LAX,DCA
LAX,PBI
LBA,SZG
LBA,PFO
LBA,PRG
LBA,CMF
LBA,BVA
LBA,CDG
LBA,LBG
LBA,BUD
LBA,KEF
LBA,DUB
LBA,SNN
LBA,PSA
LBA,FCO
LBA,RIX
LBA,MLA
LBA,AMS
LBA,GDN
LBA,KRK
LBA,POZ
LBA,WAW
LBA,WMI
LBA,WRO
LBA,FAO
LBA,FNC
LBA,OPO
LBA,OTP
LBA,CLJ
LBA,BTS
LBA,ALC
LBA,BCN
LBA,FUE
LBA,GRO
LBA,LPA
LBA,ACE
LBA,AGP
LBA,PMI
LBA,TFS
LBA,GVA
LBA,AYT
LBA,DLM
LBA,BHD
LBA,BFS
LBA,GLA
LBA,LBA
LBA,EMA
LBB,ABI
LBB,ABQ
LBB,AUS
LBB,CNM
LBB,ADS
LBB,DFW
LBB,DAL
LBB,DEN
LBB,ELP
LBB,AFW
LBB,IAH
LBB,HOU
LBB,LAS
LBB,MEM
LBB,TMB
LBB,MAF
LBB,OCH
LBB,PPA
LBB,PHX
LBB,PIT
LBB,SAT
LBB,TYR
LBC,RKE
LBC,PMI
LBD,CEK
LBD,KZN
LBD,KJA
LBD,MRV
LBD,DME
LBD,VKO
LBD,ZIA
LBD,OVB
LBD,KUF
LBD,LED
LBD,SGC
LBD,TJM
LBD,UFA
LBD,SVX
LBD,JED
LBD,DYU
LBD,IST
LBD,DXB
LBE,CAK
LBE,UGN
LBE,GED
LBE,MDT
LBE,HWD
LBE,MWA
LBE,MGW
LBE,MCO
LBE,AGC
LBF,DEN
LBF,MSC
LBF,OMA
LBF,SNY
LBG,ANR
LBG,CRL
LBG,PEK
LBG,BLL
LBG,BYF
LBG,BSL
LBG,EGC
LBG,BOD
LBG,BVE
LBG,CEQ
LBG,CMF
LBG,CER
LBG,CFE
LBG,DOL
LBG,DIJ
LBG,DNR
LBG,LIL
LBG,MRS
LBG,MPL
LBG,MXN
LBG,NTE
LBG,NCE
LBG,FNI
LBG,LBG
LBG,QYR
LBG,SNR
LBG,SXB
LBG,TLN
LBG,TNF
LBG,CGN
LBG,FRA
LBG,FKB
LBG,MHG
LBG,OBF
LBG,SKG
LBG,BUD
LBG,ORK
LBG,BRI
LBG,FLR
LBG,LIN
LBG,CIA
LBG,TRN
LBG,VCE
LBG,VRN
LBG,KUN
LBG,LUX
LBG,MLA
LBG,RAK
LBG,AMS
LBG,RTM
LBG,KRK
LBG,POZ
LBG,FAO
LBG,OTP
LBG,DKR
LBG,BTS
LBG,LJU
LBG,GMP
LBG,LEI
LBG,MAD
LBG,PMI
LBG,REU
LBG,VLL
LBG,GOT
LBG,GVA
LBG,QYC
LBG,LUG
LBG,VIP
LBG,QYK
LBG,ACH
LBG,ZRH
LBG,FAB
LBG,LBA
LBG,LPL
LBG,BQH
LBG,LHR
LBG,LTN
LBG,STN
LBG,MAN
LBG,BOS
LBG,SFO
LBG,SAV
LBI,MPL
LBJ,BJW
LBJ,DPS
LBJ,ENE
LBJ,CGK
LBJ,KOE
LBJ,SUB
LBL,DEN
LBL,DDC
LBL,SCF
LBL,BEC
LBP,BBN
LBP,MUR
LBP,MYY
LBR,CIZ
LBS,NAN
LBS,SUV
LBT,BOW
LBU,BKI
LBU,KUL
LBU,MYY
LBU,SGN
LBV,LAD
LBV,COO
LBV,DLA
LBV,NSI
LBV,BZV
LBV,PNR
LBV,FIH
LBV,BSG
LBV,SSG
LBV,ADD
LBV,NCE
LBV,CDG
LBV,MVB
LBV,OYE
LBV,POG
LBV,ABJ
LBV,BKO
LBV,CMN
LBV,LOS
LBV,KGL
LBV,PCP
LBV,TMS
LBV,JNB
LBV,LFW
LBV,IST
LCA,EVN
LCA,VIE
LCA,BAH
LCA,BRU
LCA,LGG
LCA,SOF
LCA,ZAG
LCA,PRG
LCA,CPH
LCA,CAI
LCA,HEL
LCA,BSL
LCA,BVA
LCA,CDG
LCA,KUT
LCA,TBS
LCA,BER
LCA,CGN
LCA,DUS
LCA,FRA
LCA,HAJ
LCA,MUC
LCA,STR
LCA,ATH
LCA,HER
LCA,SKG
LCA,BUD
LCA,DEB
LCA,TLV
LCA,LIN
LCA,MXP
LCA,FCO
LCA,AMM
LCA,NBO
LCA,RIX
LCA,BEY
LCA,VNO
LCA,MLA
LCA,AMS
LCA,OSL
LCA,GDN
LCA,KTW
LCA,KRK
LCA,WAW
LCA,RDO
LCA,WRO
LCA,DOH
LCA,BBU
LCA,OTP
LCA,IAS
LCA,RUH
LCA,BEG
LCA,ARN
LCA,ZRH
LCA,AUH
LCA,DXB
LCA,BHX
LCA,LPL
LCA,LGW
LCA,LHR
LCA,LTN
LCE,GCM
LCE,GJA
LCE,PEU
LCE,RTB
LCE,SAP
LCE,TGU
LCG,MXP
LCG,BCN
LCG,LPA
LCG,MAD
LCG,AGP
LCG,VLC
LCG,VIT
LCG,GVA
LCG,LGW
LCH,DFW
LCH,IAH
LCH,LFK
LCH,NEW
LCJ,CRL
LCJ,DUB
LCJ,BGY
LCJ,ALC
LCJ,AGP
LCJ,STN
LCJ,EMA
LCK,GYD
LCK,HHN
LCK,IST
LCK,BED
LCK,ORD
LCK,VPS
LCK,FLL
LCK,IND
LCK,SDF
LCK,MEM
LCK,SFB
LCK,PNE
LCK,PGD
LCK,SRQ
LCK,SAV
LCK,SEA
LCK,PIE
LCK,TEB
LCK,TOL
LCQ,BCT
LCQ,MCN
LCR,LET
LCX,PKX
LCX,CSX
LCX,CAN
LCX,KMG
LCX,NKG
LCX,PVG
LCY,SZG
LCY,ANR
LCY,PRG
LCY,BLL
LCY,CPH
LCY,CMF
LCY,NCE
LCY,BER
LCY,DUS
LCY,FRA
LCY,MHG
LCY,NUE
LCY,QCS
LCY,DUB
LCY,IOM
LCY,FLR
LCY,LIN
LCY,VNO
LCY,LUX
LCY,AMS
LCY,RTM
LCY,CAT
LCY,BCN
LCY,IBZ
LCY,AGP
LCY,PMI
LCY,EAS
LCY,GVA
LCY,ZRH
LCY,BHD
LCY,EDI
LCY,EXT
LCY,GLA
LCY,LTN
LDB,VCP
LDB,CWB
LDB,CGH
LDB,GRU
LDE,HRG
LDE,LBG
LDE,ORY
LDE,RDZ
LDE,CTA
LDE,BGY
LDE,NAP
LDE,PMO
LDE,CIA
LDE,FCO
LDE,BBU
LDE,STN
LDH,OOL
LDH,PQQ
LDH,SYD
LDS,PKX
LDS,DLC
LDS,SHE
LDU,BKI
LDU,SDK
LDY,GLA
LDY,LHR
LDY,MAN
LEA,EXM
LEA,KTA
LEA,ZNE
LEA,PER
LEA,PHE
LEA,CCK
LEB,BWI
LEB,BED
LEB,BOS
LEB,TEB
LEB,HPN
LEC,CNF
LEC,SSA
LED,EVN
LED,GYD
LED,GME
LED,MSQ
LED,PEK
LED,TFU
LED,HRG
LED,SSH
LED,TBS
LED,IKA
LED,NQZ
LED,FRU
LED,OSS
LED,ABA
LED,AAQ
LED,KVK
LED,ARH
LED,ASF
LED,BAX
LED,OGZ
LED,CSY
LED,CEK
LED,CEE
LED,GDZ
LED,GRV
LED,IKT
LED,IWA
LED,IJK
LED,KGD
LED,KLF
LED,KZN
LED,KEJ
LED,KVX
LED,KMW
LED,KSZ
LED,KRR
LED,KJA
LED,KRO
LED,URS
LED,LPK
LED,MQF
LED,MCX
LED,MRV
LED,DME
LED,SVO
LED,VKO
LED,MMK
LED,NBC
LED,NYM
LED,NNM
LED,NJC
LED,GOJ
LED,NSK
LED,NOZ
LED,OVB
LED,NUX
LED,NOJ
LED,OMS
LED,REN
LED,PEZ
LED,PEE
LED,ROV
LED,SLY
LED,KUF
LED,SKX
LED,GSV
LED,AER
LED,STW
LED,SGC
LED,SCW
LED,TBW
LED,RMZ
LED,TOF
LED,TJM
LED,UFA
LED,UCT
LED,ULV
LED,VOG
LED,VGD
LED,VOZ
LED,YKS
LED,IAR
LED,SVX
LED,BEG
LED,CMB
LED,DYU
LED,LBD
LED,TJU
LED,HKT
LED,AYT
LED,IST
LED,SAW
LED,SIP
LED,AUH
LED,DXB
LED,DWC
LED,BHK
LED,FEG
LED,NMA
LED,SKD
LED,TAS
LED,TMJ
LED,UGC
LEE,AVL
LEE,FLL
LEE,FPR
LEE,LAL
LEE,ORL
LEE,PHL
LEH,LBG
LEH,SNR
LEI,OVD
LEI,BCN
LEI,BIO
LEI,MAD
LEI,MLN
LEI,PMI
LEI,SCQ
LEI,SVQ
LEI,VLL
LEI,LGW
LEI,LTN
LEI,STN
LEJ,LNZ
LEJ,VIE
LEJ,BAH
LEJ,BRU
LEJ,SOF
LEJ,PVG
LEJ,ZAD
LEJ,BRQ
LEJ,OSR
LEJ,PRG
LEJ,BLL
LEJ,CPH
LEJ,HRG
LEJ,RMF
LEJ,HEL
LEJ,BSL
LEJ,LYS
LEJ,MRS
LEJ,NTE
LEJ,CDG
LEJ,TBS
LEJ,AOC
LEJ,CGN
LEJ,FRA
LEJ,HHN
LEJ,HAM
LEJ,HAJ
LEJ,KSF
LEJ,MUC
LEJ,FMO
LEJ,NUE
LEJ,PAD
LEJ,STR
LEJ,ATH
LEJ,HKG
LEJ,BUD
LEJ,DEL
LEJ,DUB
LEJ,SNN
LEJ,TLV
LEJ,BLQ
LEJ,VBS
LEJ,MXP
LEJ,PSA
LEJ,CIA
LEJ,FCO
LEJ,VCE
LEJ,NRT
LEJ,VNO
LEJ,MLA
LEJ,AMS
LEJ,OSL
LEJ,GDN
LEJ,KTW
LEJ,WAW
LEJ,FNC
LEJ,OTP
LEJ,SIN
LEJ,BTS
LEJ,KSC
LEJ,LJU
LEJ,ICN
LEJ,BCN
LEJ,FUE
LEJ,LPA
LEJ,ACE
LEJ,MAD
LEJ,PMI
LEJ,TFS
LEJ,VIT
LEJ,ARN
LEJ,GVA
LEJ,ACH
LEJ,BKK
LEJ,AYT
LEJ,IST
LEJ,SAW
LEJ,AUH
LEJ,DXB
LEJ,DWC
LEJ,EDI
LEJ,LTN
LEJ,STN
LEJ,EMA
LEJ,CVG
LEJ,JFK
LEL,DRW
LEL,ELC
LEL,GOV
LEL,JAB
LEL,MNG
LEL,MGT
LEN,BCN
LEN,LPA
LEN,PMI
LEQ,ISC
LER,PER
LET,BOG
LET,LPD
LEU,CRL
LEU,IBZ
LEU,MAD
LEU,PMI
LEW,BED
LEW,MHT
LEW,ROC
LEX,PDK
LEX,ATL
LEX,AGS
LEX,BTR
LEX,BCB
LEX,QQC
LEX,CLT
LEX,CHA
LEX,DPA
LEX,ORD
LEX,CVG
LEX,DFW
LEX,DEN
LEX,DTW
LEX,FLL
LEX,IND
LEX,JBR
LEX,TYS
LEX,LAS
LEX,SDF
LEX,MIA
LEX,QSM
LEX,QQN
LEX,OMA
LEX,SFB
LEX,PHL
LEX,PIT
LEX,PGD
LEX,SUS
LEX,PIE
LEX,TPA
LEX,HUF
LEX,TUL
LEX,IAD
LEX,DCA
LEX,ILG
LEY,ANR
LEY,KJK
LEY,FMO
LEY,GRQ
LEY,LEY
LFI,ATL
LFK,AMA
LFK,CXO
LFK,WDG
LFK,HOU
LFK,LCH
LFM,SYZ
LFQ,PEK
LFQ,CGQ
LFQ,TFU
LFQ,CKG
LFQ,CAN
LFQ,HAK
LFQ,HGH
LFQ,HRB
LFQ,HET
LFQ,KMG
LFQ,KHN
LFQ,PVG
LFQ,SHE
LFQ,WUH
LFQ,CGO
LFR,CCS
LFR,PMV
LFT,SML
LFT,AEX
LFT,ATL
LFT,CRW
LFT,CLT
LFT,CXO
LFT,ADS
LFT,DFW
LFT,GMU
LFT,IAH
LFT,QTA
LFT,IWS
LFT,HOU
LFT,LBL
LFT,SDF
LFT,MEM
LFT,OPF
LFT,NEW
LFT,SUS
LFT,SWW
LFW,LAD
LFW,BRU
LFW,COO
LFW,OUA
LFW,DLA
LFW,NSI
LFW,FIH
LFW,SSG
LFW,ADD
LFW,CDG
LFW,LBV
LFW,ACC
LFW,ABJ
LFW,NBO
LFW,BKO
LFW,CMN
LFW,NIM
LFW,ABV
LFW,LOS
LFW,DSS
LFW,EWR
LFW,IAD
LGA,AUA
LGA,NAS
LGA,YUL
LGA,YYZ
LGA,PLS
LGA,ALB
LGA,AVL
LGA,ATL
LGA,BWI
LGA,BGR
LGA,BED
LGA,XNA
LGA,BHM
LGA,BOS
LGA,BUF
LGA,BTV
LGA,CHS
LGA,CLT
LGA,CHO
LGA,MDW
LGA,ORD
LGA,CVG
LGA,CLE
LGA,CAE
LGA,CMH
LGA,DFW
LGA,DAL
LGA,DAY
LGA,APA
LGA,DEN
LGA,DSM
LGA,DTW
LGA,FLL
LGA,GRR
LGA,GSO
LGA,GSP
LGA,IAH
LGA,HOU
LGA,IND
LGA,JAX
LGA,MCI
LGA,EYW
LGA,TYS
LGA,LIT
LGA,SDF
LGA,MSN
LGA,MEM
LGA,MIA
LGA,MKE
LGA,MSP
LGA,MMU
LGA,MYR
LGA,BNA
LGA,MSY
LGA,JFK
LGA,ORF
LGA,OKC
LGA,OMA
LGA,MCO
LGA,PNS
LGA,PHL
LGA,PIT
LGA,PWM
LGA,PVD
LGA,RDU
LGA,RIC
LGA,ROA
LGA,ROC
LGA,SLC
LGA,SRQ
LGA,SAV
LGA,RSW
LGA,STL
LGA,SYR
LGA,TPA
LGA,TEB
LGA,TUL
LGA,IAD
LGA,DCA
LGA,PBI
LGA,HPN
LGA,IPT
LGA,ILM
LGA,BDL
LGA,ORH
LGB,ABQ
LGB,AUS
LGB,BFL
LGB,BOI
LGB,QTC
LGB,MDW
LGB,COS
LGB,DAL
LGB,DEN
LGB,ELP
LGB,HNL
LGB,HOU
LGB,OGG
LGB,MCI
LGB,LAS
LGB,SDF
LGB,BNA
LGB,MSY
LGB,OAK
LGB,PHX
LGB,PDX
LGB,RNO
LGB,SMF
LGB,MCC
LGB,SLC
LGB,SJC
LGB,SBA
LGB,SCF
LGB,STL
LGB,TRM
LGB,TOA
LGB,TKF
LGB,VNY
LGC,EYW
LGC,VNC
LGG,VIE
LGG,GYD
LGG,ANR
LGG,CRL
LGG,LGG
LGG,GRU
LGG,YYZ
LGG,CSX
LGG,CAN
LGG,HGH
LGG,TNA
LGG,KHN
LGG,NGB
LGG,PVG
LGG,WUH
LGG,CGO
LGG,LCA
LGG,OSR
LGG,CPH
LGG,CAI
LGG,ADD
LGG,HEL
LGG,BSL
LGG,CMF
LGG,CDG
LGG,SXB
LGG,LBV
LGG,TBS
LGG,BER
LGG,FRA
LGG,HAJ
LGG,LEJ
LGG,MUC
LGG,ACC
LGG,HKG
LGG,KEF
LGG,TLV
LGG,FLR
LGG,MXP
LGG,FCO
LGG,KGF
LGG,NBO
LGG,TNG
LGG,GRQ
LGG,RTM
LGG,NIM
LGG,LOS
LGG,OSL
LGG,KTW
LGG,DOH
LGG,JED
LGG,RUH
LGG,JNB
LGG,ICN
LGG,ALC
LGG,BCN
LGG,LPA
LGG,MAD
LGG,VLC
LGG,VIT
LGG,ZAZ
LGG,BRN
LGG,IST
LGG,SAW
LGG,ASR
LGG,DWC
LGG,SHJ
LGG,STN
LGG,EMA
LGG,ATL
LGG,IAH
LGG,IND
LGG,MEM
LGG,JFK
LGG,LUN
LGI,NAS
LGI,SML
LGK,JHB
LGK,KUL
LGK,SZB
LGK,PEN
LGK,SIN
LGL,BBN
LGL,MUR
LGL,MYY
LGU,IDA
LGU,PVU
LGW,ALG
LGW,ANU
LGW,INN
LGW,SZG
LGW,VIE
LGW,GYD
LGW,BGI
LGW,SOF
LGW,YUL
LGW,YYZ
LGW,BVC
LGW,SID
LGW,PVG
LGW,CGO
LGW,LIR
LGW,SJO
LGW,DBV
LGW,LCA
LGW,PFO
LGW,PRG
LGW,CPH
LGW,PUJ
LGW,CAI
LGW,HRG
LGW,RMF
LGW,SSH
LGW,TLL
LGW,ADD
LGW,HEL
LGW,RVN
LGW,BSL
LGW,BOD
LGW,CMF
LGW,GNB
LGW,LYS
LGW,MRS
LGW,MPL
LGW,NTE
LGW,NCE
LGW,CDG
LGW,ORY
LGW,RNS
LGW,SXB
LGW,TLS
LGW,BJL
LGW,BER
LGW,ERF
LGW,FRA
LGW,FDH
LGW,HAM
LGW,MUC
LGW,ACC
LGW,GIB
LGW,ATH
LGW,HER
LGW,RHO
LGW,SKG
LGW,GCI
LGW,BUD
LGW,AEY
LGW,KEF
LGW,AMD
LGW,ATQ
LGW,COK
LGW,GOX
LGW,ORK
LGW,DUB
LGW,SNN
LGW,IOM
LGW,BLQ
LGW,CTA
LGW,FLR
LGW,BGY
LGW,LIN
LGW,MXP
LGW,NAP
LGW,PSA
LGW,FCO
LGW,TRN
LGW,VCE
LGW,VRN
LGW,KIN
LGW,MBJ
LGW,JER
LGW,RIX
LGW,MLA
LGW,MRU
LGW,CUN
LGW,AGA
LGW,CMN
LGW,RAK
LGW,TNG
LGW,AMS
LGW,BGO
LGW,OSL
LGW,SVG
LGW,TOS
LGW,TRD
LGW,KRK
LGW,FAO
LGW,FNC
LGW,LIS
LGW,OPO
LGW,DOH
LGW,OTP
LGW,UVF
LGW,JED
LGW,DSS
LGW,SIN
LGW,LJU
LGW,CPT
LGW,LCG
LGW,ALC
LGW,LEI
LGW,OVD
LGW,BCN
LGW,BIO
LGW,FUE
LGW,LPA
LGW,SPC
LGW,ACE
LGW,MAD
LGW,AGP
LGW,RMU
LGW,PMI
LGW,SCQ
LGW,SVQ
LGW,TFS
LGW,VLC
LGW,ARN
LGW,GVA
LGW,ZRH
LGW,HKT
LGW,POS
LGW,NBE
LGW,TUN
LGW,AYT
LGW,DLM
LGW,IST
LGW,DXB
LGW,ABZ
LGW,BHD
LGW,BFS
LGW,EDI
LGW,GLA
LGW,INV
LGW,NQY
LGW,EMA
LGW,BOS
LGW,LAX
LGW,MLB
LGW,MIA
LGW,JFK
LGW,MCO
LGW,TPA
LHE,GYD
LHE,BAH
LHE,YYZ
LHE,CAN
LHE,KMG
LHE,NNG
LHE,URC
LHE,MHD
LHE,IKA
LHE,KWI
LHE,FRU
LHE,KUL
LHE,MCT
LHE,KHI
LHE,UET
LHE,DOH
LHE,DMM
LHE,JED
LHE,MED
LHE,RUH
LHE,CMB
LHE,BKK
LHE,IST
LHE,AUH
LHE,DXB
LHE,RKT
LHE,SHJ
LHG,DBO
LHG,MRZ
LHG,WGE
LHR,TIA
LHR,ALG
LHR,ANU
LHR,PER
LHR,INN
LHR,SZG
LHR,VIE
LHR,GYD
LHR,NAS
LHR,BAH
LHR,ZYL
LHR,BGI
LHR,BRU
LHR,BDA
LHR,GIG
LHR,GRU
LHR,SOF
LHR,YYC
LHR,YHZ
LHR,YUL
LHR,YYZ
LHR,YVR
LHR,SCL
LHR,PEK
LHR,PKX
LHR,CSX
LHR,TFU
LHR,CKG
LHR,CAN
LHR,TAO
LHR,PVG
LHR,SZX
LHR,WUH
LHR,XIY
LHR,BOG
LHR,ZAG
LHR,LCA
LHR,PRG
LHR,BLL
LHR,CPH
LHR,CAI
LHR,LXR
LHR,ADD
LHR,HEL
LHR,BSL
LHR,GNB
LHR,LYS
LHR,MRS
LHR,NCE
LHR,CDG
LHR,TLS
LHR,BER
LHR,CGN
LHR,DUS
LHR,FRA
LHR,HAM
LHR,HAJ
LHR,LEJ
LHR,MUC
LHR,STR
LHR,ACC
LHR,GIB
LHR,ATH
LHR,HKG
LHR,BUD
LHR,KEF
LHR,BLR
LHR,MAA
LHR,DEL
LHR,HYD
LHR,BOM
LHR,IKA
LHR,ORK
LHR,DUB
LHR,NOC
LHR,SNN
LHR,IOM
LHR,TLV
LHR,BLQ
LHR,LIN
LHR,MXP
LHR,NAP
LHR,PSA
LHR,FCO
LHR,TRN
LHR,VCE
LHR,MBJ
LHR,HND
LHR,JER
LHR,AMM
LHR,SCO
LHR,NBO
LHR,KWI
LHR,RIX
LHR,BEY
LHR,LUX
LHR,KUL
LHR,MLE
LHR,MLA
LHR,MEX
LHR,CMN
LHR,RAK
LHR,AMS
LHR,ABV
LHR,LOS
LHR,OSL
LHR,SVG
LHR,MCT
LHR,ISB
LHR,KRK
LHR,WAW
LHR,FAO
LHR,FNC
LHR,LIS
LHR,DOH
LHR,OTP
LHR,KGL
LHR,UVF
LHR,JED
LHR,NUM
LHR,RUH
LHR,BEG
LHR,SIN
LHR,LJU
LHR,CPT
LHR,JNB
LHR,ICN
LHR,BCN
LHR,MAD
LHR,AGP
LHR,TFS
LHR,VLC
LHR,CMB
LHR,GOT
LHR,ARN
LHR,GVA
LHR,ZRH
LHR,TPE
LHR,BKK
LHR,TUN
LHR,IST
LHR,SAW
LHR,ASB
LHR,PLS
LHR,AUH
LHR,DXB
LHR,DWC
LHR,SHJ
LHR,ABZ
LHR,BHD
LHR,LDY
LHR,DND
LHR,EDI
LHR,GLA
LHR,INV
LHR,LGW
LHR,MAN
LHR,NCL
LHR,ATL
LHR,AUS
LHR,BWI
LHR,BOS
LHR,CLT
LHR,ORD
LHR,CVG
LHR,DFW
LHR,DEN
LHR,DTW
LHR,IAH
LHR,LAS
LHR,LAX
LHR,MIA
LHR,MSP
LHR,BNA
LHR,MSY
LHR,JFK
LHR,EWR
LHR,MCO
LHR,PHL
LHR,PHX
LHR,PIT
LHR,PDX
LHR,RDU
LHR,SLC
LHR,SAN
LHR,SFO
LHR,SEA
LHR,TPA
LHR,IAD
LHR,TAS
LHR,HAN
LHR,SGN
LHW,AKU
LHW,AAT
LHW,AKA
LHW,BHY
LHW,PEK
LHW,PKX
LHW,CGQ
LHW,CSX
LHW,CTU
LHW,TFU
LHW,CKG
LHW,DLC
LHW,DAT
LHW,DNH
LHW,ENH
LHW,EHU
LHW,FOC
LHW,CAN
LHW,KWL
LHW,KWE
LHW,HAK
LHW,HMI
LHW,HGH
LHW,HFE
LHW,HNY
LHW,HTN
LHW,HIA
LHW,HUZ
LHW,JGN
LHW,TNA
LHW,JIC
LHW,SHS
LHW,KHG
LHW,KRL
LHW,KMG
LHW,LXA
LHW,LJG
LHW,LNL
LHW,LLV
LHW,KHN
LHW,NKG
LHW,NNG
LHW,NNY
LHW,DSN
LHW,TAO
LHW,IQN
LHW,JJN
LHW,SHA
LHW,PVG
LHW,SHE
LHW,SZX
LHW,SHF
LHW,SJW
LHW,TYN
LHW,TSN
LHW,TWC
LHW,URC
LHW,WXN
LHW,WNZ
LHW,WUH
LHW,XIY
LHW,XMN
LHW,XFN
LHW,YNZ
LHW,YTY
LHW,YIH
LHW,YIN
LHW,UYN
LHW,YZY
LHW,ZHA
LHW,CGO
LHW,ZYI
LHW,DMK
LHW,BKK
LHW,UTP
LHW,CXR
LIF,MEE
LIF,GEA
LIF,UVE
LIF,TGJ
LIG,BES
LIG,LYS
LIG,RAK
LIG,STN
LIG,MAN
LIG,EMA
LIH,YVR
LIH,DEN
LIH,HNL
LIH,OGG
LIH,KOA
LIH,LAS
LIH,LIH
LIH,LAX
LIH,OAK
LIH,PHX
LIH,PDX
LIH,SBD
LIH,SAN
LIH,SFO
LIH,SJC
LIH,SEA
LIH,VNY
LIL,ALG
LIL,CZL
LIL,ORN
LIL,KJK
LIL,ANG
LIL,BOD
LIL,MRS
LIL,NCE
LIL,LBG
LIL,PGF
LIL,RNS
LIL,TLS
LIL,QCV
LIL,AGA
LIL,CMN
LIL,RAK
LIL,OUD
LIL,AMS
LIL,KRK
LIL,OPO
LIL,LPA
LIL,ACE
LIL,TFS
LIL,GVA
LIL,DJE
LIL,TUN
LIL,LYX
LIM,AEP
LIM,EZE
LIM,COR
LIM,MDZ
LIM,SLA
LIM,AUA
LIM,LPB
LIM,VVI
LIM,BSB
LIM,POA
LIM,GIG
LIM,GRU
LIM,YUL
LIM,YYZ
LIM,ANF
LIM,SCL
LIM,BOG
LIM,CTG
LIM,CUC
LIM,MDE
LIM,SJO
LIM,HAV
LIM,PUJ
LIM,SDQ
LIM,GYE
LIM,UIO
LIM,CDG
LIM,CUN
LIM,MEX
LIM,AMS
LIM,PTY
LIM,ASU
LIM,AQP
LIM,AYP
LIM,CJA
LIM,CHH
LIM,CIX
LIM,CUZ
LIM,HUU
LIM,ILQ
LIM,IQT
LIM,JAU
LIM,JUL
LIM,MZA
LIM,PIU
LIM,PCL
LIM,PEM
LIM,TCQ
LIM,TYL
LIM,TPP
LIM,TGI
LIM,TRU
LIM,TBP
LIM,MAD
LIM,ATL
LIM,FLL
LIM,IAH
LIM,LAX
LIM,MIA
LIM,JFK
LIM,EWR
LIM,MVD
LIM,CCS
LIN,HME
LIN,VIE
LIN,BRU
LIN,LGG
LIN,PRG
LIN,HEL
LIN,QYA
LIN,CMF
LIN,LVA
LIN,NCE
LIN,CDG
LIN,LBG
LIN,ORY
LIN,AGB
LIN,BER
LIN,CGN
LIN,DUS
LIN,FRA
LIN,HAM
LIN,MUC
LIN,QCS
LIN,STR
LIN,WVN
LIN,ATH
LIN,DUB
LIN,AHO
LIN,AOI
LIN,BRI
LIN,BLQ
LIN,QIB
LIN,BDS
LIN,CAG
LIN,CTA
LIN,FOG
LIN,GOA
LIN,SUF
LIN,NAP
LIN,OLB
LIN,PMO
LIN,PEG
LIN,PSR
LIN,REG
LIN,CIA
LIN,FCO
LIN,TRS
LIN,VCE
LIN,TSF
LIN,LUX
LIN,MLA
LIN,AMS
LIN,GHV
LIN,GMP
LIN,IBZ
LIN,MAD
LIN,VLC
LIN,ARN
LIN,BMA
LIN,GVA
LIN,SIR
LIN,SMV
LIN,ZRH
LIN,FAB
LIN,LCY
LIN,LGW
LIN,LHR
LIN,NHT
LIN,CLT
LIO,SJO
LIR,YYC
LIR,YUL
LIR,YYZ
LIR,FON
LIR,NOB
LIR,SJO
LIR,SJU
LIR,ZRH
LIR,LGW
LIR,ATL
LIR,AUS
LIR,BWI
LIR,BOS
LIR,CLT
LIR,ORD
LIR,DFW
LIR,DEN
LIR,FXE
LIR,IAH
LIR,HOU
LIR,LAX
LIR,MIA
LIR,MSP
LIR,JFK
LIR,EWR
LIR,SFO
LIS,ALG
LIS,LAD
LIS,VIE
LIS,BRU
LIS,CRL
LIS,BEL
LIS,CNF
LIS,BSB
LIS,VCP
LIS,FOR
LIS,NAT
LIS,POA
LIS,REC
LIS,GIG
LIS,SSA
LIS,GRU
LIS,SOF
LIS,YUL
LIS,YYZ
LIS,BVC
LIS,SID
LIS,RAI
LIS,VXE
LIS,HGH
LIS,PRG
LIS,CPH
LIS,PUJ
LIS,HEL
LIS,BSL
LIS,BIQ
LIS,BOD
LIS,LYN
LIS,LYS
LIS,MRS
LIS,NTE
LIS,NCE
LIS,BVA
LIS,CDG
LIS,ORY
LIS,TLS
LIS,BJL
LIS,BER
LIS,CGN
LIS,DUS
LIS,FRA
LIS,HAM
LIS,MUC
LIS,RMS
LIS,STR
LIS,ACC
LIS,ATH
LIS,OXB
LIS,BUD
LIS,KEF
LIS,DUB
LIS,TLV
LIS,BLQ
LIS,FLR
LIS,BGY
LIS,MXP
LIS,NAP
LIS,CIA
LIS,FCO
LIS,VCE
LIS,RIX
LIS,LUX
LIS,MLA
LIS,CUN
LIS,RMO
LIS,AGA
LIS,CMN
LIS,RAK
LIS,MPM
LIS,AMS
LIS,EIN
LIS,RTM
LIS,OSL
LIS,KRK
LIS,POZ
LIS,WAW
LIS,WMI
LIS,WRO
LIS,FAO
LIS,FNC
LIS,HOR
LIS,PIX
LIS,PDL
LIS,OPO
LIS,PXO
LIS,SMA
LIS,TER
LIS,OTP
LIS,TMS
LIS,DSS
LIS,BEG
LIS,ALC
LIS,OVD
LIS,BCN
LIS,BIO
LIS,LPA
LIS,MAD
LIS,MAH
LIS,AGP
LIS,PMI
LIS,SVQ
LIS,TFS
LIS,VLC
LIS,VIT
LIS,ARN
LIS,GVA
LIS,ZRH
LIS,DJE
LIS,IST
LIS,AUH
LIS,DXB
LIS,BHX
LIS,BRS
LIS,EDI
LIS,GLA
LIS,LGW
LIS,LHR
LIS,LTN
LIS,STN
LIS,MAN
LIS,BOS
LIS,ORD
LIS,LAS
LIS,MIA
LIS,JFK
LIS,EWR
LIS,PHL
LIS,SFO
LIS,TEB
LIS,IAD
LIS,CCS
LIT,VJI
LIT,AAF
LIT,ASE
LIT,ATL
LIT,BVX
LIT,CLT
LIT,ORD
LIT,COU
LIT,CMH
LIT,DFW
LIT,DAL
LIT,DEN
LIT,DBQ
LIT,ELD
LIT,FYV
LIT,FSM
LIT,GPT
LIT,IAH
LIT,HOU
LIT,JAN
LIT,MCI
LIT,OJC
LIT,JCI
LIT,LAS
LIT,LIT
LIT,SDF
LIT,QQT
LIT,MEM
LIT,MIA
LIT,BFM
LIT,APF
LIT,LGA
LIT,PWA
LIT,OKC
LIT,SAT
LIT,SBA
LIT,SHV
LIT,SGF
LIT,STL
LIT,SGT
LIT,TPA
LIT,IAD
LIT,DCA
LIX,LLW
LIY,TPA
LJG,BZX
LJG,PEK
LJG,PKX
LJG,CSX
LJG,CTU
LJG,TFU
LJG,CKG
LJG,DZH
LJG,GYS
LJG,CAN
LJG,KWL
LJG,KWE
LJG,HGH
LJG,HFE
LJG,HNY
LJG,HJJ
LJG,TNA
LJG,JHG
LJG,KMG
LJG,LHW
LJG,LZO
LJG,LUM
LJG,MIG
LJG,KHN
LJG,NKG
LJG,NNG
LJG,SYM
LJG,TAO
LJG,SHA
LJG,PVG
LJG,SZX
LJG,SJW
LJG,TYN
LJG,TSN
LJG,WUH
LJG,WUX
LJG,XIY
LJG,XMN
LJG,XFN
LJG,YBP
LJG,ZAT
LJG,CGO
LJG,ZYI
LJG,BKK
LJG,HAN
LJN,BTR
LJN,BPT
LJN,CXO
LJN,HOU
LJN,MBS
LJU,BRU
LJU,SJJ
LJU,CPH
LJU,CFE
LJU,CDG
LJU,LBG
LJU,CGN
LJU,FRA
LJU,MUC
LJU,QHD
LJU,MXP
LJU,VCE
LJU,PRN
LJU,LUX
LJU,MLA
LJU,TGD
LJU,AMS
LJU,SKP
LJU,WAW
LJU,BEG
LJU,INI
LJU,LJU
LJU,GVA
LJU,ZRH
LJU,IST
LJU,DXB
LJU,EXT
LJU,LGW
LJU,LHR
LKA,KOE
LKB,SUV
LKE,CXH
LKH,MUR
LKH,MYY
LKL,HFT
LKL,OSL
LKL,TOS
LKN,BOO
LKN,SVJ
LKO,AGR
LKO,AMD
LKO,IXD
LKO,ATQ
LKO,BLR
LKO,IXC
LKO,MAA
LKO,DED
LKO,DEL
LKO,GOI
LKO,GOP
LKO,GAU
LKO,HYD
LKO,IDR
LKO,JAI
LKO,KQH
LKO,CCU
LKO,BOM
LKO,NAG
LKO,PAT
LKO,PNQ
LKO,RPR
LKO,IXR
LKO,VNS
LKO,MCT
LKO,DMM
LKO,JED
LKO,RUH
LKO,DMK
LKO,AUH
LKO,DXB
LKO,SHJ
LKY,ARK
LKY,DAR
LKY,JRO
LKY,GTZ
LKY,SEU
LKY,ZNZ
LKY,EBB
LLA,ORY
LLA,OSL
LLA,LPA
LLA,GOT
LLA,PJA
LLA,ARN
LLA,BMA
LLA,UME
LLB,ACX
LLF,PKX
LLF,CKG
LLF,HAK
LLI,ADD
LLI,GDQ
LLJ,CGK
LLO,UPG
LLU,QUW
LLU,JJU
LLV,PEK
LLV,PKX
LLV,TFU
LLV,CKG
LLV,KWE
LLV,HGH
LLV,KMG
LLV,LHW
LLV,PVG
LLV,SHE
LLV,SZX
LLV,TSN
LLV,WUH
LLV,XIY
LLW,FBM
LLW,ADD
LLW,NBO
LLW,BLZ
LLW,LIX
LLW,VUU
LLW,ZZU
LLW,APL
LLW,JNB
LLW,LUN
LLW,MFU
LLW,HRE
LLY,PKB
LLY,TTN
LMA,FAI
LMC,BOG
LME,FSC
LME,WAW
LMM,CSL
LMM,CUU
LMM,GDL
LMM,LAP
LMM,MXL
LMM,MEX
LMM,MTY
LMM,TIJ
LMM,TUS
LMN,BKI
LMN,KCH
LMN,LWY
LMN,MYY
LMO,GLA
LMP,CTA
LMP,BGY
LMP,PMO
LMT,QSA
LMU,BTH
LNA,MHH
LNA,WTD
LNA,GNV
LNA,EYW
LNA,ISM
LNA,MLB
LNA,COI
LNA,MIA
LNA,OBE
LNB,VLI
LND,COD
LND,SLC
LNE,LOD
LNE,SON
LNE,VLI
LNE,SSR
LNJ,TFU
LNJ,KMG
LNJ,PVG
LNK,ATW
LNK,BOI
LNK,BBW
LNK,PWK
LNK,MDW
LNK,ORD
LNK,LUK
LNK,OLU
LNK,DEN
LNK,ELK
LNK,IAH
LNK,MCI
LNK,LAS
LNK,LWC
LNK,LNK
LNK,MCK
LNK,OMA
LNK,SAT
LNK,SFO
LNK,SCF
LNK,STP
LNK,ALO
LNK,ICT
LNL,PKX
LNL,KWE
LNL,HAK
LNL,LHW
LNL,PVG
LNN,FLL
LNN,CRG
LNO,PER
LNR,OLM
LNS,ALB
LNS,AVP
LNS,DYL
LNS,ISP
LNS,TYS
LNS,LAN
LNS,QQN
LNS,PHL
LNS,PIT
LNS,SUA
LNS,IAD
LNS,WGO
LNS,THV
LNV,CNS
LNV,POM
LNV,RAB
LNY,HNL
LNY,OGG
LNY,MKK
LNZ,SZG
LNZ,HRG
LNZ,CGN
LNZ,DUS
LNZ,FRA
LNZ,HHN
LNZ,LEJ
LNZ,MHG
LNZ,OBF
LNZ,BUD
LNZ,MXP
LNZ,BIO
LNZ,WIC
LOD,LNE
LOD,SON
LOD,VLI
LOE,DMK
LOH,UIO
LOK,EDL
LOK,WIL
LOO,ALG
LOO,TMR
LOP,BMU
LOP,DPS
LOP,HLP
LOP,CGK
LOP,UPG
LOP,SWQ
LOP,SUB
LOP,YIA
LOP,KUL
LOP,SIN
LOS,LAD
LOS,BRU
LOS,COO
LOS,GRU
LOS,DLA
LOS,PNR
LOS,CAI
LOS,SSG
LOS,ADD
LOS,BSL
LOS,CDG
LOS,LBV
LOS,POG
LOS,BJL
LOS,FRA
LOS,ACC
LOS,BOM
LOS,ABJ
LOS,ANA
LOS,NBO
LOS,BEY
LOS,CMN
LOS,AMS
LOS,ABV
LOS,AKR
LOS,ABB
LOS,BNI
LOS,CBQ
LOS,ENU
LOS,IBA
LOS,ILR
LOS,JOS
LOS,KAD
LOS,KAN
LOS,QOW
LOS,PHC
LOS,SKO
LOS,QUO
LOS,QRW
LOS,OSL
LOS,DOH
LOS,KGL
LOS,TMS
LOS,DSS
LOS,FNA
LOS,JNB
LOS,ZAZ
LOS,ZRH
LOS,LFW
LOS,IST
LOS,EBB
LOS,LHR
LOS,STN
LOS,ATL
LOS,IAD
LOT,DTW
LOT,GRR
LOT,JLN
LOT,MNZ
LOT,LOT
LOT,SNA
LOT,PBI
LOU,BGD
LOU,FMY
LOU,BNA
LOU,RDU
LOV,ADS
LOV,LRD
LOY,ANA
LOY,HKR
LOY,MRE
LOY,KEU
LOY,OSJ
LOY,OLG
LOY,OLX
LOY,MDR
LOZ,HTS
LPA,GRZ
LPA,SZG
LPA,VIE
LPA,ANR
LPA,BRU
LPA,CRL
LPA,SID
LPA,PRG
LPA,AAL
LPA,BLL
LPA,CPH
LPA,TLL
LPA,FAE
LPA,HEL
LPA,KUO
LPA,TMP
LPA,TKU
LPA,VAA
LPA,BSL
LPA,BOD
LPA,LIL
LPA,LYS
LPA,NTE
LPA,CDG
LPA,ORY
LPA,TLS
LPA,BJL
LPA,BER
LPA,BRE
LPA,CGN
LPA,DRS
LPA,DUS
LPA,FRA
LPA,HAM
LPA,HAJ
LPA,FKB
LPA,KSF
LPA,LEJ
LPA,FMM
LPA,MUC
LPA,NUE
LPA,STR
LPA,BUD
LPA,KEF
LPA,ORK
LPA,DUB
LPA,SNN
LPA,BLQ
LPA,FLR
LPA,BGY
LPA,MXP
LPA,NAP
LPA,PSA
LPA,FCO
LPA,VCE
LPA,TSF
LPA,RIX
LPA,VNO
LPA,LUX
LPA,NDB
LPA,NKC
LPA,AGA
LPA,CMN
LPA,VIL
LPA,EUN
LPA,GLN
LPA,RAK
LPA,AMS
LPA,EIN
LPA,GRQ
LPA,RTM
LPA,BGO
LPA,BOO
LPA,EVE
LPA,OSL
LPA,TRF
LPA,SVG
LPA,TRD
LPA,KTW
LPA,KRK
LPA,WAW
LPA,FNC
LPA,LIS
LPA,PDL
LPA,OPO
LPA,DSS
LPA,DKR
LPA,LCG
LPA,ALC
LPA,OVD
LPA,BCN
LPA,BIO
LPA,VDE
LPA,FUE
LPA,GRX
LPA,XRY
LPA,GMZ
LPA,SPC
LPA,ACE
LPA,LEN
LPA,MAD
LPA,AGP
LPA,RMU
LPA,PMI
LPA,PNA
LPA,EAS
LPA,SDR
LPA,SCQ
LPA,SVQ
LPA,TFN
LPA,TFS
LPA,VLC
LPA,VLL
LPA,VGO
LPA,ZAZ
LPA,GOT
LPA,LLA
LPA,MMX
LPA,ORB
LPA,ARN
LPA,GVA
LPA,ZRH
LPA,BFS
LPA,BHX
LPA,BOH
LPA,BRS
LPA,CWL
LPA,EDI
LPA,EXT
LPA,GLA
LPA,PIK
LPA,LBA
LPA,LGW
LPA,LTN
LPA,STN
LPA,MAN
LPA,NCL
LPA,EMA
LPB,CIJ
LPB,CBB
LPB,RBQ
LPB,VVI
LPB,SRE
LPB,TJA
LPB,TDD
LPB,UYU
LPB,BOG
LPB,CUZ
LPB,LIM
LPD,LET
LPF,KWE
LPI,HEL
LPI,AMS
LPI,MMX
LPI,BMA
LPK,KGD
LPK,LED
LPK,SVX
LPL,SZG
LPL,SOF
LPL,LCA
LPL,HRG
LPL,RVN
LPL,LYS
LPL,CDG
LPL,LBG
LPL,BUD
LPL,KEF
LPL,ORK
LPL,DUB
LPL,NOC
LPL,SNN
LPL,IOM
LPL,BGY
LPL,CIA
LPL,JER
LPL,KUN
LPL,MLA
LPL,AMS
LPL,BGO
LPL,GDN
LPL,KTW
LPL,KRK
LPL,POZ
LPL,SZZ
LPL,WAW
LPL,WRO
LPL,FAO
LPL,OTP
LPL,IAS
LPL,BEG
LPL,KSC
LPL,ALC
LPL,BCN
LPL,FUE
LPL,ACE
LPL,MAD
LPL,AGP
LPL,PMI
LPL,TFS
LPL,VGO
LPL,ARN
LPL,GVA
LPL,NBE
LPL,AYT
LPL,BHD
LPL,BFS
LPL,BQH
LPM,NUS
LPM,VLI
LPP,BGY
LPQ,SAI
LPQ,HAK
LPQ,NGB
LPQ,SZX
LPQ,PKZ
LPQ,VTE
LPQ,DMK
LPQ,BKK
LPQ,CNX
LPQ,HAN
LPS,OTS
LPS,BYW
LPS,FRD
LPT,BKK
LPT,HGN
LPY,ORY
LQM,BOG
LQM,FLA
LQM,PUU
LRD,GUA
LRD,GDL
LRD,NTR
LRD,MTY
LRD,SJD
LRD,BJX
LRD,CAK
LRD,AUS
LRD,MRC
LRD,CLU
LRD,CXO
LRD,CRP
LRD,DFW
LRD,YIP
LRD,IAH
LRD,HKS
LRD,LAS
LRD,MFE
LRD,QQZ
LRD,OUN
LRD,PHX
LRD,PTK
LRD,SAT
LRD,SAN
LRD,SHV
LRD,STL
LRD,TUS
LRD,THA
LRE,BCI
LRE,BNE
LRE,CTL
LRE,RMA
LRE,WIN
LRH,CVF
LRH,LYS
LRH,MRS
LRH,RNS
LRH,DUB
LRH,MLA
LRH,OPO
LRH,BQH
LRH,STN
LRM,YUL
LRM,YYZ
LRM,DUS
LRM,FRA
LRM,MXP
LRM,FCO
LRM,MBJ
LRM,SJU
LRM,BED
LRM,MIA
LRM,OPF
LRM,PBI
LRM,CCS
LRR,THR
LRR,KWI
LRR,DOH
LRR,DXB
LRR,SHJ
LRS,JTY
LRS,ATH
LRS,JKL
LRT,BES
LRT,LBG
LRT,RNS
LRT,TLS
LRT,INV
LRU,ABQ
LRU,HCA
LRU,GUP
LRU,LBB
LRU,MAF
LRU,SAF
LRV,CCS
LSC,ANF
LSC,ARI
LSC,CJC
LSC,CCP
LSC,IQQ
LSC,SCL
LSE,FTY
LSE,ORD
LSE,QQD
LSE,MSP
LSE,SCF
LSH,HEH
LSH,THL
LSH,RGN
LSI,ABZ
LSI,DND
LSI,EDI
LSI,GLA
LSI,KOI
LSP,CUR
LSP,CCS
LST,ADL
LST,BNE
LST,BWT
LST,CBI
LST,FLS
LST,OOL
LST,HBA
LST,KNS
LST,LST
LST,MEL
LST,MEB
LST,MBW
LST,PER
LST,SYD
LSW,KNO
LSY,OOL
LSY,GFN
LSY,LSY
LSY,RMA
LTI,UBN
LTK,SHJ
LTM,OGL
LTN,TIA
LTN,INN
LTN,SZG
LTN,ANR
LTN,SJJ
LTN,PDV
LTN,SOF
LTN,VAR
LTN,LCA
LTN,PFO
LTN,PRG
LTN,BLL
LTN,CPH
LTN,CAI
LTN,SPX
LTN,HRG
LTN,SSH
LTN,TLL
LTN,BSL
LTN,BZR
LTN,GNB
LTN,LYS
LTN,NCE
LTN,CDG
LTN,LBG
LTN,BER
LTN,CGN
LTN,DUS
LTN,FRA
LTN,HAJ
LTN,LEJ
LTN,ATH
LTN,BUD
LTN,DEB
LTN,KEF
LTN,RKV
LTN,PNQ
LTN,ORK
LTN,DUB
LTN,KIR
LTN,NOC
LTN,IOM
LTN,TLV
LTN,BLQ
LTN,CTA
LTN,LIN
LTN,MXP
LTN,NAP
LTN,PSR
LTN,TRN
LTN,TSF
LTN,JER
LTN,AMM
LTN,PRN
LTN,KUN
LTN,VNO
LTN,MLA
LTN,RMO
LTN,TIV
LTN,AGA
LTN,RAK
LTN,AMS
LTN,RTM
LTN,LOS
LTN,SKP
LTN,TOS
LTN,BZG
LTN,GDN
LTN,KTW
LTN,KRK
LTN,LUZ
LTN,SZY
LTN,POZ
LTN,RZE
LTN,WAW
LTN,WRO
LTN,FAO
LTN,LIS
LTN,OPO
LTN,BCM
LTN,GHV
LTN,OTP
LTN,CLJ
LTN,CND
LTN,CRA
LTN,IAS
LTN,SUJ
LTN,SBZ
LTN,SCV
LTN,TGM
LTN,TSR
LTN,BEG
LTN,BTS
LTN,KSC
LTN,TAT
LTN,ALC
LTN,BCN
LTN,FUE
LTN,LPA
LTN,ACE
LTN,MAD
LTN,AGP
LTN,PMI
LTN,SVQ
LTN,TFS
LTN,GOT
LTN,ARN
LTN,BMA
LTN,GVA
LTN,SIR
LTN,ZRH
LTN,NBE
LTN,AYT
LTN,IST
LTN,SAW
LTN,ABZ
LTN,BHD
LTN,BFS
LTN,EDI
LTN,FAB
LTN,GLA
LTN,INV
LTN,LPL
LTN,LCY
LTN,NQY
LTN,EMA
LTN,NHT
LTN,EWR
LTN,TEB
LTN,IAD
LTO,YYC
LTO,LAP
LTO,TIJ
LTO,DFW
LTO,LAX
LTO,PHX
LTO,SDM
LTO,SFO
LTO,TUS
LTQ,ANR
LTQ,LBG
LTQ,ESH
LTT,LRH
LTT,LBG
LTT,RTM
LTT,GVA
LUD,ERS
LUG,ANR
LUG,NCE
LUG,LBG
LUG,BER
LUG,LEY
LUG,BRN
LUG,QYG
LUG,LUG
LUG,BGR
LUK,YUL
LUK,SJO
LUK,ALB
LUK,QQG
LUK,AVL
LUK,ASE
LUK,PDK
LUK,AUS
LUK,BWI
LUK,BED
LUK,BCB
LUK,JZI
LUK,CRW
LUK,CLT
LUK,AUZ
LUK,DPA
LUK,PWK
LUK,LUK
LUK,CTH
LUK,CMH
LUK,ADS
LUK,DAL
LUK,DAY
LUK,DSM
LUK,DSI
LUK,FXE
LUK,GRR
LUK,OKK
LUK,LAS
LUK,QQL
LUK,LWB
LUK,LBL
LUK,QSV
LUK,MIA
LUK,MLI
LUK,APF
LUK,BNA
LUK,JFK
LUK,PAH
LUK,AGC
LUK,SLC
LUK,SFO
LUK,SJC
LUK,BFI
LUK,SVH
LUK,IAD
LUK,PBI
LUK,ZZV
LUM,PKX
LUM,CSX
LUM,CTU
LUM,TFU
LUM,CKG
LUM,FOC
LUM,CAN
LUM,KWE
LUM,HGH
LUM,JHG
LUM,KMG
LUM,LJG
LUM,NKG
LUM,PVG
LUM,WUH
LUM,MDL
LUN,GBE
LUN,GOM
LUN,FBM
LUN,ADD
LUN,NBO
LUN,LLW
LUN,DOH
LUN,KGL
LUN,CPT
LUN,DUR
LUN,JNB
LUN,DAR
LUN,DXB
LUN,KAA
LUN,LVI
LUN,MNS
LUN,MFU
LUN,NLA
LUN,SLI
LUN,HRE
LUO,LAD
LUP,HNL
LUP,MKK
LUQ,AEP
LUR,OTZ
LUV,AMQ
LUW,UPG
LUX,VIE
LUX,GYD
LUX,BAH
LUX,ANR
LUX,BRU
LUX,VCP
LUX,GIG
LUX,GRU
LUX,BVC
LUX,SID
LUX,PEK
LUX,NKG
LUX,PVG
LUX,CGO
LUX,PRG
LUX,CPH
LUX,HRG
LUX,BSL
LUX,CFE
LUX,MRS
LUX,ETZ
LUX,NVS
LUX,NCE
LUX,CDG
LUX,LBG
LUX,SNR
LUX,TLS
LUX,TBS
LUX,BER
LUX,BWE
LUX,FRA
LUX,HAM
LUX,MUC
LUX,ATH
LUX,HER
LUX,HKG
LUX,BUD
LUX,DUB
LUX,BRI
LUX,BLQ
LUX,BGY
LUX,LIN
LUX,MXP
LUX,NAP
LUX,PSR
LUX,FCO
LUX,VCE
LUX,NRT
LUX,AMM
LUX,KWI
LUX,KUL
LUX,MLA
LUX,NLU
LUX,AGA
LUX,RAK
LUX,AMS
LUX,OSL
LUX,MCT
LUX,KRK
LUX,WAW
LUX,FAO
LUX,FNC
LUX,LIS
LUX,OPO
LUX,SJU
LUX,DOH
LUX,BBU
LUX,OTP
LUX,CLJ
LUX,DMM
LUX,RUH
LUX,DSS
LUX,SIN
LUX,LJU
LUX,JNB
LUX,ICN
LUX,ALC
LUX,BCN
LUX,FUE
LUX,LPA
LUX,SPC
LUX,ACE
LUX,MAD
LUX,AGP
LUX,PMI
LUX,TFS
LUX,ZAZ
LUX,ARN
LUX,GVA
LUX,QYL
LUX,ZRH
LUX,TPE
LUX,DJE
LUX,NBE
LUX,AYT
LUX,IST
LUX,ASB
LUX,DWC
LUX,PIK
LUX,LCY
LUX,LHR
LUX,OXF
LUX,STN
LUX,ATL
LUX,ORD
LUX,DFW
LUX,IND
LUX,LAX
LUX,MIA
LUX,JFK
LUX,SEA
LUZ,DUB
LUZ,BGY
LUZ,GDN
LUZ,WAW
LUZ,LTN
LVA,LIN
LVA,NAP
LVI,NBO
LVI,CPT
LVI,JNB
LVI,MQP
LVI,LUN
LVK,ANC
LVK,BJC
LVK,HAF
LVK,HWD
LVK,HSH
LVK,MOD
LVK,RNO
LVK,RBG
LVK,MCC
LVK,MYF
LVK,SJC
LVK,SNA
LVK,SCK
LVO,LNO
LVO,PER
LVS,APA
LWB,DNL
LWB,CLT
LWB,LUK
LWB,CMH
LWB,GRR
LWB,TMB
LWB,ROA
LWB,IAD
LWB,ILM
LWC,ASE
LWE,KOE
LWK,FIE
LWK,FOA
LWM,EEN
LWM,OXC
LWN,VKO
LWS,BDG
LWS,BOI
LWS,DEN
LWS,SLC
LWS,BFI
LWS,SEA
LWS,GEG
LWT,BIL
LWT,HVR
LWT,OLF
LWY,BKM
LWY,BKI
LWY,LMN
LWY,MYY
LXA,PEK
LXA,CSX
LXA,CTU
LXA,TFU
LXA,CKG
LXA,DZH
LXA,GOQ
LXA,GYS
LXA,KWE
LXA,AHJ
LXA,KMG
LXA,LHW
LXA,LZO
LXA,MIG
LXA,NAO
LXA,BPX
LXA,DIG
LXA,NGQ
LXA,WXN
LXA,WUH
LXA,XIY
LXA,XNN
LXA,YBP
LXA,CGO
LXA,KTM
LXG,VTE
LXN,PVW
LXR,CAI
LXR,HRG
LXR,RMF
LXR,SSH
LXR,LYS
LXR,CDG
LXR,ORY
LXR,DUS
LXR,MXP
LXR,MBA
LXR,KWI
LXR,JED
LXR,MAD
LXR,LHR
LXS,ATH
LXS,JIK
LXS,MJT
LXS,SKG
LYA,PKX
LYA,CTU
LYA,CIF
LYA,CKG
LYA,FOC
LYA,CAN
LYA,KWL
LYA,HAK
LYA,HGH
LYA,HRB
LYA,KHN
LYA,NNG
LYA,SYX
LYA,SHA
LYA,SHE
LYA,SZX
LYA,URC
LYA,WEH
LYA,XNN
LYA,BKK
LYB,CYB
LYB,GCM
LYC,HMV
LYC,ARN
LYC,VHM
LYG,PEK
LYG,CGQ
LYG,CSX
LYG,CTU
LYG,TFU
LYG,CKG
LYG,DLC
LYG,FOC
LYG,CAN
LYG,KWE
LYG,HAK
LYG,HRB
LYG,HET
LYG,KMG
LYG,KHN
LYG,NNG
LYG,SHE
LYG,SZX
LYG,TSN
LYG,XIY
LYG,XMN
LYG,ZUH
LYH,QQY
LYH,JZI
LYH,CHS
LYH,CLT
LYH,GSO
LYH,PNE
LYH,SRQ
LYH,IAD
LYI,CGQ
LYI,CSX
LYI,CTU
LYI,TFU
LYI,CKG
LYI,DLC
LYI,FOC
LYI,CAN
LYI,KWL
LYI,HGH
LYI,HRB
LYI,SWA
LYI,KMG
LYI,KHN
LYI,NGB
LYI,SYX
LYI,PVG
LYI,SHE
LYI,SZX
LYI,TYN
LYI,WNZ
LYI,WUH
LYI,XIY
LYI,XMN
LYI,INC
LYI,ZUH
LYI,ICN
LYN,ORN
LYN,QXB
LYN,CEQ
LYN,CCF
LYN,CMF
LYN,CER
LYN,DLE
LYN,EPL
LYN,GNB
LYN,LRH
LYN,MRS
LYN,LBG
LYN,VIY
LYN,TLS
LYN,VAF
LYN,QCX
LYN,STR
LYN,TNG
LYN,PNA
LYN,SDR
LYN,QYL
LYN,FAB
LYP,BAH
LYP,AUH
LYP,DXB
LYP,SHJ
LYR,OSL
LYR,TOS
LYS,TIA
LYS,ALG
LYS,AAE
LYS,BLJ
LYS,BJA
LYS,BSK
LYS,CZL
LYS,ORN
LYS,QSF
LYS,TLM
LYS,VIE
LYS,BRU
LYS,YUL
LYS,PRG
LYS,CPH
LYS,CAI
LYS,HRG
LYS,AJA
LYS,BIA
LYS,BIQ
LYS,BOD
LYS,BES
LYS,LRH
LYS,LIG
LYS,MRS
LYS,NTE
LYS,NCE
LYS,CDG
LYS,ORY
LYS,PUF
LYS,RNS
LYS,SXB
LYS,TLS
LYS,BER
LYS,CGN
LYS,DUS
LYS,FRA
LYS,LEJ
LYS,MUC
LYS,ORK
LYS,DUB
LYS,TLV
LYS,BLQ
LYS,MXP
LYS,NAP
LYS,FCO
LYS,VCE
LYS,AMM
LYS,BEY
LYS,MLA
LYS,AGA
LYS,CMN
LYS,FEZ
LYS,RAK
LYS,RBA
LYS,TNG
LYS,AMS
LYS,FAO
LYS,FNC
LYS,LIS
LYS,OPO
LYS,DOH
LYS,OTP
LYS,DSS
LYS,BEG
LYS,BCN
LYS,FUE
LYS,LPA
LYS,ACE
LYS,MAD
LYS,SVQ
LYS,TFS
LYS,GOT
LYS,ARN
LYS,DJE
LYS,MIR
LYS,TUN
LYS,IST
LYS,SAW
LYS,DXB
LYS,BFS
LYS,BHX
LYS,BRS
LYS,EDI
LYS,LPL
LYS,LGW
LYS,LHR
LYS,LTN
LYS,MAN
LYX,LYX
LZH,PEK
LZH,TFU
LZH,CKG
LZH,FOC
LZH,HAK
LZH,HGH
LZH,HFE
LZH,SWA
LZH,NKG
LZH,PVG
LZH,WNZ
LZH,WUH
LZH,XIY
LZH,XMN
LZN,RMQ
LZN,TSA
LZO,PKX
LZO,CSX
LZO,DLU
LZO,FOC
LZO,CAN
LZO,KWE
LZO,HAK
LZO,HGH
LZO,HFE
LZO,HUZ
LZO,SWA
LZO,TNA
LZO,JHG
LZO,KMG
LZO,LXA
LZO,LJG
LZO,KHN
LZO,NKG
LZO,NNG
LZO,NGB
LZO,SHA
LZO,PVG
LZO,SZX
LZO,SJW
LZO,URC
LZO,WNZ
LZO,WUH
LZO,WUX
LZO,XIY
LZO,XMN
LZO,XIC
LZO,ZHA
LZO,CGO
LZO,ZUH
LZR,CNS
LZU,ABY
LZU,BHM
LZU,QQC
LZU,USA
LZU,DAL
LZU,DHN
LZU,GSO
LZU,JAN
LZU,VQQ
LZU,CRG
LZU,JAX
LZU,TYS
LZU,LFT
LZU,LUL
LZU,LZU
LZU,MZZ
LZU,MEM
LZU,BNA
LZU,MCO
LZU,PNS
LZU,ROA
LZU,SAV
LZU,MQY
LZU,UST
LZU,TLH
LZU,WSG
LZY,PEK
LZY,CTU
LZY,TFU
LZY,CKG
LZY,CAN
LZY,PZI
LZY,SZX
LZY,XIY
LZY,XIC
